Copyright 1986-2022 Xilinx, Inc. All Rights Reserved. Copyright 2022-2025 Advanced Micro Devices, Inc. All Rights Reserved.
---------------------------------------------------------------------------------------------------------------------------------------------
| Tool Version : Vivado v.2025.2 (lin64) Build 6299465 Fri Nov 14 12:34:56 MST 2025
| Date         : Sun Sep 27 18:48:49 2026
| Host         : fedora1.home running 64-bit unknown
| Command      : report_timing_summary -datasheet -max_paths 10 -file /home/tim/projects/uart/synthesis/results/impl/uart_timing.rpt
| Design       : TOP_FPGA
| Device       : 7z020-clg484
| Speed File   : -1  PRODUCTION 1.12 2019-11-22
| Design State : Physopt postRoute
---------------------------------------------------------------------------------------------------------------------------------------------

Timing Summary Report

------------------------------------------------------------------------------------------------
| Timer Settings
| --------------
------------------------------------------------------------------------------------------------

  Enable Multi Corner Analysis               :  Yes
  Enable Pessimism Removal                   :  Yes
  Pessimism Removal Resolution               :  Nearest Common Node
  Enable Input Delay Default Clock           :  No
  Enable Preset / Clear Arcs                 :  No
  Disable Flight Delays                      :  No
  Ignore I/O Paths                           :  No
  Timing Early Launch at Borrowing Latches   :  No
  Borrow Time for Max Delay Exceptions       :  Yes
  Merge Timing Exceptions                    :  Yes
  Inter-SLR Compensation                     :  Conservative

  Corner  Analyze    Analyze
  Name    Max Paths  Min Paths
  ------  ---------  ---------
  Slow    Yes        Yes
  Fast    Yes        Yes


------------------------------------------------------------------------------------------------
| Report Methodology
| ------------------
------------------------------------------------------------------------------------------------

No report available as report_methodology has not been run prior. Run report_methodology on the current design for the summary of methodology violations.



check_timing report

Table of Contents
-----------------
1. checking no_clock (0)
2. checking constant_clock (0)
3. checking pulse_width_clock (0)
4. checking unconstrained_internal_endpoints (0)
5. checking no_input_delay (3)
6. checking no_output_delay (19)
7. checking multiple_clock (0)
8. checking generated_clocks (0)
9. checking loops (0)
10. checking partial_input_delay (8)
11. checking partial_output_delay (0)
12. checking latch_loops (0)

1. checking no_clock (0)
------------------------
 There are 0 register/latch pins with no clock.


2. checking constant_clock (0)
------------------------------
 There are 0 register/latch pins with constant_clock.


3. checking pulse_width_clock (0)
---------------------------------
 There are 0 register/latch pins which need pulse_width check


4. checking unconstrained_internal_endpoints (0)
------------------------------------------------
 There are 0 pins that are not constrained for maximum delay.

 There are 0 pins that are not constrained for maximum delay due to constant clock.


5. checking no_input_delay (3)
------------------------------
 There are 3 input ports with no input delay specified. (HIGH)

 There are 0 input ports with no input delay but user has a false path constraint.


6. checking no_output_delay (19)
--------------------------------
 There are 19 ports with no output delay specified. (HIGH)

 There are 0 ports with no output delay but user has a false path constraint

 There are 0 ports with no output delay but with a timing clock defined on it or propagating through it


7. checking multiple_clock (0)
------------------------------
 There are 0 register/latch pins with multiple clocks.


8. checking generated_clocks (0)
--------------------------------
 There are 0 generated clocks that are not connected to a clock source.


9. checking loops (0)
---------------------
 There are 0 combinational loops in the design.


10. checking partial_input_delay (8)
------------------------------------
 There are 8 input ports with partial input delay specified. (HIGH)


11. checking partial_output_delay (0)
-------------------------------------
 There are 0 ports with partial output delay specified.


12. checking latch_loops (0)
----------------------------
 There are 0 combinational latch loops in the design through latch input



------------------------------------------------------------------------------------------------
| Design Timing Summary
| ---------------------
------------------------------------------------------------------------------------------------

    WNS(ns)      TNS(ns)  TNS Failing Endpoints  TNS Total Endpoints      WHS(ns)      THS(ns)  THS Failing Endpoints  THS Total Endpoints     WPWS(ns)     TPWS(ns)  TPWS Failing Endpoints  TPWS Total Endpoints
    -------      -------  ---------------------  -------------------      -------      -------  ---------------------  -------------------     --------     --------  ----------------------  --------------------
      9.987        0.000                      0                 1641        0.056        0.000                      0                 1593        3.000        0.000                       0                   678


All user specified timing constraints are met.


------------------------------------------------------------------------------------------------
| Clock Summary
| -------------
------------------------------------------------------------------------------------------------

Clock                 Waveform(ns)       Period(ns)      Frequency(MHz)
-----                 ------------       ----------      --------------
PAD_I_CLK             {0.000 5.000}      10.000          100.000
  clk_out1_clk_wiz_0  {0.000 10.000}     20.000          50.000
  clk_out2_clk_wiz_0  {0.000 7.692}      15.385          65.000
  clkfbout_clk_wiz_0  {0.000 5.000}      10.000          100.000


------------------------------------------------------------------------------------------------
| Intra Clock Table
| -----------------
------------------------------------------------------------------------------------------------

Clock                     WNS(ns)      TNS(ns)  TNS Failing Endpoints  TNS Total Endpoints      WHS(ns)      THS(ns)  THS Failing Endpoints  THS Total Endpoints     WPWS(ns)     TPWS(ns)  TPWS Failing Endpoints  TPWS Total Endpoints
-----                     -------      -------  ---------------------  -------------------      -------      -------  ---------------------  -------------------     --------     --------  ----------------------  --------------------
PAD_I_CLK                                                                                                                                                               3.000        0.000                       0                     1
  clk_out1_clk_wiz_0       12.059        0.000                      0                  954        0.101        0.000                      0                  949        9.500        0.000                       0                   599
  clk_out2_clk_wiz_0        9.987        0.000                      0                   80        0.056        0.000                      0                   75        7.192        0.000                       0                    75
  clkfbout_clk_wiz_0                                                                                                                                                    7.845        0.000                       0                     3


------------------------------------------------------------------------------------------------
| Inter Clock Table
| -----------------
------------------------------------------------------------------------------------------------

From Clock          To Clock                WNS(ns)      TNS(ns)  TNS Failing Endpoints  TNS Total Endpoints      WHS(ns)      THS(ns)  THS Failing Endpoints  THS Total Endpoints
----------          --------                -------      -------  ---------------------  -------------------      -------      -------  ---------------------  -------------------
input port clock    clk_out1_clk_wiz_0       16.908        0.000                      0                    8
clk_out2_clk_wiz_0  clk_out1_clk_wiz_0       13.795        0.000                      0                    9
clk_out1_clk_wiz_0  clk_out2_clk_wiz_0       13.630        0.000                      0                   21


------------------------------------------------------------------------------------------------
| Other Path Groups Table
| -----------------------
------------------------------------------------------------------------------------------------

Path Group          From Clock          To Clock                WNS(ns)      TNS(ns)  TNS Failing Endpoints  TNS Total Endpoints      WHS(ns)      THS(ns)  THS Failing Endpoints  THS Total Endpoints
----------          ----------          --------                -------      -------  ---------------------  -------------------      -------      -------  ---------------------  -------------------
**async_default**   clk_out1_clk_wiz_0  clk_out1_clk_wiz_0       12.412        0.000                      0                  534        0.511        0.000                      0                  534
**async_default**   clk_out2_clk_wiz_0  clk_out2_clk_wiz_0       11.930        0.000                      0                   35        0.480        0.000                      0                   35


------------------------------------------------------------------------------------------------
| Timing Details
| --------------
------------------------------------------------------------------------------------------------


---------------------------------------------------------------------------------------------------
From Clock:  PAD_I_CLK
  To Clock:  PAD_I_CLK

Setup :           NA  Failing Endpoints,  Worst Slack           NA  ,  Total Violation           NA
Hold  :           NA  Failing Endpoints,  Worst Slack           NA  ,  Total Violation           NA
PW    :            0  Failing Endpoints,  Worst Slack        3.000ns,  Total Violation        0.000ns
---------------------------------------------------------------------------------------------------


Pulse Width Checks
--------------------------------------------------------------------------------------
Clock Name:         PAD_I_CLK
Waveform(ns):       { 0.000 5.000 }
Period(ns):         10.000
Sources:            { PAD_I_CLK }

Check Type        Corner  Lib Pin           Reference Pin  Required(ns)  Actual(ns)  Slack(ns)  Location        Pin
Min Period        n/a     PLLE2_ADV/CLKIN1  n/a            1.249         10.000      8.751      PLLE2_ADV_X0Y0  inst_CLK_RST_MANAGER/inst_pll/inst/plle2_adv_inst/CLKIN1
Max Period        n/a     PLLE2_ADV/CLKIN1  n/a            52.633        10.000      42.633     PLLE2_ADV_X0Y0  inst_CLK_RST_MANAGER/inst_pll/inst/plle2_adv_inst/CLKIN1
Low Pulse Width   Slow    PLLE2_ADV/CLKIN1  n/a            2.000         5.000       3.000      PLLE2_ADV_X0Y0  inst_CLK_RST_MANAGER/inst_pll/inst/plle2_adv_inst/CLKIN1
Low Pulse Width   Fast    PLLE2_ADV/CLKIN1  n/a            2.000         5.000       3.000      PLLE2_ADV_X0Y0  inst_CLK_RST_MANAGER/inst_pll/inst/plle2_adv_inst/CLKIN1
High Pulse Width  Slow    PLLE2_ADV/CLKIN1  n/a            2.000         5.000       3.000      PLLE2_ADV_X0Y0  inst_CLK_RST_MANAGER/inst_pll/inst/plle2_adv_inst/CLKIN1
High Pulse Width  Fast    PLLE2_ADV/CLKIN1  n/a            2.000         5.000       3.000      PLLE2_ADV_X0Y0  inst_CLK_RST_MANAGER/inst_pll/inst/plle2_adv_inst/CLKIN1



---------------------------------------------------------------------------------------------------
From Clock:  clk_out1_clk_wiz_0
  To Clock:  clk_out1_clk_wiz_0

Setup :            0  Failing Endpoints,  Worst Slack       12.059ns,  Total Violation        0.000ns
Hold  :            0  Failing Endpoints,  Worst Slack        0.101ns,  Total Violation        0.000ns
PW    :            0  Failing Endpoints,  Worst Slack        9.500ns,  Total Violation        0.000ns
---------------------------------------------------------------------------------------------------


Max Delay Paths
--------------------------------------------------------------------------------------
Slack (MET) :             12.059ns  (required time - arrival time)
  Source:                 inst_reglock/axil_arvalid_reg/C
                            (rising edge-triggered cell FDCE clocked by clk_out1_clk_wiz_0  {rise@0.000ns fall@10.000ns period=20.000ns})
  Destination:            inst_reglock/axil_resp_buffer_reg[1][rdata][6]/D
                            (rising edge-triggered cell FDCE clocked by clk_out1_clk_wiz_0  {rise@0.000ns fall@10.000ns period=20.000ns})
  Path Group:             clk_out1_clk_wiz_0
  Path Type:              Setup (Max at Slow Process Corner)
  Requirement:            20.000ns  (clk_out1_clk_wiz_0 rise@20.000ns - clk_out1_clk_wiz_0 rise@0.000ns)
  Data Path Delay:        7.838ns  (logic 1.368ns (17.454%)  route 6.470ns (82.546%))
  Logic Levels:           5  (LUT4=1 LUT5=1 LUT6=3)
  Clock Path Skew:        0.009ns (DCD - SCD + CPR)
    Destination Clock Delay (DCD):    -1.736ns = ( 18.264 - 20.000 )
    Source Clock Delay      (SCD):    -2.141ns
    Clock Pessimism Removal (CPR):    -0.396ns
  Clock Uncertainty:      0.072ns  ((TSJ^2 + DJ^2)^1/2) / 2 + PE
    Total System Jitter     (TSJ):    0.071ns
    Discrete Jitter          (DJ):    0.125ns
    Phase Error              (PE):    0.000ns

    Location             Delay type                Incr(ns)  Path(ns)    Netlist Resource(s)
  -------------------------------------------------------------------    -------------------
                         (clock clk_out1_clk_wiz_0 rise edge)
                                                      0.000     0.000 r
    Y9                                                0.000     0.000 r  PAD_I_CLK (IN)
                         net (fo=0)                   0.000     0.000    inst_CLK_RST_MANAGER/inst_pll/inst/clk_in1
    Y9                   IBUF (Prop_ibuf_I_O)         1.490     1.490 r  inst_CLK_RST_MANAGER/inst_pll/inst/clkin1_ibufg/O
                         net (fo=1, routed)           1.306     2.796    inst_CLK_RST_MANAGER/inst_pll/inst/clk_in1_clk_wiz_0
    PLLE2_ADV_X0Y0       PLLE2_ADV (Prop_plle2_adv_CLKIN1_CLKOUT0)
                                                     -8.866    -6.070 r  inst_CLK_RST_MANAGER/inst_pll/inst/plle2_adv_inst/CLKOUT0
                         net (fo=1, routed)           1.849    -4.221    inst_CLK_RST_MANAGER/inst_pll/inst/clk_out1_clk_wiz_0
    BUFGCTRL_X0Y0        BUFG (Prop_bufg_I_O)         0.101    -4.120 r  inst_CLK_RST_MANAGER/inst_pll/inst/clkout1_buf/O
                         net (fo=597, routed)         1.979    -2.141    inst_reglock/CLK
    SLICE_X102Y107       FDCE                                         r  inst_reglock/axil_arvalid_reg/C
  -------------------------------------------------------------------    -------------------
    SLICE_X102Y107       FDCE (Prop_fdce_C_Q)         0.518    -1.623 f  inst_reglock/axil_arvalid_reg/Q
                         net (fo=14, routed)          0.897    -0.726    inst_reglock/axil_arvalid_2
    SLICE_X103Y106       LUT5 (Prop_lut5_I4_O)        0.152    -0.574 r  inst_reglock/axil_n_in_flight[1]_i_2/O
                         net (fo=20, routed)          1.426     0.853    inst_reglock/p_55_in
    SLICE_X113Y107       LUT4 (Prop_lut4_I1_O)        0.326     1.179 r  inst_reglock/field_storage[vga_color_control][blue][value][3]_i_4/O
                         net (fo=28, routed)          0.898     2.077    inst_reglock/cpuif_addr__17[4]
    SLICE_X112Y106       LUT6 (Prop_lut6_I2_O)        0.124     2.201 r  inst_reglock/axil_resp_buffer[0][rdata][26]_i_4/O
                         net (fo=32, routed)          1.550     3.751    inst_reglock/axil_resp_buffer[0][rdata][26]_i_4_n_0
    SLICE_X105Y107       LUT6 (Prop_lut6_I0_O)        0.124     3.875 r  inst_reglock/axil_resp_buffer[0][rdata][6]_i_3/O
                         net (fo=1, routed)           0.876     4.751    inst_reglock/axil_resp_buffer[0][rdata][6]_i_3_n_0
    SLICE_X107Y106       LUT6 (Prop_lut6_I1_O)        0.124     4.875 r  inst_reglock/axil_resp_buffer[0][rdata][6]_i_1/O
                         net (fo=2, routed)           0.823     5.697    inst_reglock/p_0_out[6]
    SLICE_X109Y112       FDCE                                         r  inst_reglock/axil_resp_buffer_reg[1][rdata][6]/D
  -------------------------------------------------------------------    -------------------

                         (clock clk_out1_clk_wiz_0 rise edge)
                                                     20.000    20.000 r
    Y9                                                0.000    20.000 r  PAD_I_CLK (IN)
                         net (fo=0)                   0.000    20.000    inst_CLK_RST_MANAGER/inst_pll/inst/clk_in1
    Y9                   IBUF (Prop_ibuf_I_O)         1.420    21.420 r  inst_CLK_RST_MANAGER/inst_pll/inst/clkin1_ibufg/O
                         net (fo=1, routed)           1.181    22.601    inst_CLK_RST_MANAGER/inst_pll/inst/clk_in1_clk_wiz_0
    PLLE2_ADV_X0Y0       PLLE2_ADV (Prop_plle2_adv_CLKIN1_CLKOUT0)
                                                     -7.970    14.631 r  inst_CLK_RST_MANAGER/inst_pll/inst/plle2_adv_inst/CLKOUT0
                         net (fo=1, routed)           1.686    16.317    inst_CLK_RST_MANAGER/inst_pll/inst/clk_out1_clk_wiz_0
    BUFGCTRL_X0Y0        BUFG (Prop_bufg_I_O)         0.091    16.408 r  inst_CLK_RST_MANAGER/inst_pll/inst/clkout1_buf/O
                         net (fo=597, routed)         1.856    18.264    inst_reglock/CLK
    SLICE_X109Y112       FDCE                                         r  inst_reglock/axil_resp_buffer_reg[1][rdata][6]/C
                         clock pessimism             -0.396    17.868
                         clock uncertainty           -0.072    17.797
    SLICE_X109Y112       FDCE (Setup_fdce_C_D)       -0.040    17.757    inst_reglock/axil_resp_buffer_reg[1][rdata][6]
  -------------------------------------------------------------------
                         required time                         17.757
                         arrival time                          -5.697
  -------------------------------------------------------------------
                         slack                                 12.059

Slack (MET) :             12.154ns  (required time - arrival time)
  Source:                 inst_reglock/axil_arvalid_reg/C
                            (rising edge-triggered cell FDCE clocked by clk_out1_clk_wiz_0  {rise@0.000ns fall@10.000ns period=20.000ns})
  Destination:            inst_reglock/axil_resp_buffer_reg[0][rdata][27]/D
                            (rising edge-triggered cell FDCE clocked by clk_out1_clk_wiz_0  {rise@0.000ns fall@10.000ns period=20.000ns})
  Path Group:             clk_out1_clk_wiz_0
  Path Type:              Setup (Max at Slow Process Corner)
  Requirement:            20.000ns  (clk_out1_clk_wiz_0 rise@20.000ns - clk_out1_clk_wiz_0 rise@0.000ns)
  Data Path Delay:        7.640ns  (logic 1.368ns (17.907%)  route 6.272ns (82.093%))
  Logic Levels:           5  (LUT4=1 LUT5=2 LUT6=2)
  Clock Path Skew:        -0.068ns (DCD - SCD + CPR)
    Destination Clock Delay (DCD):    -1.813ns = ( 18.187 - 20.000 )
    Source Clock Delay      (SCD):    -2.141ns
    Clock Pessimism Removal (CPR):    -0.396ns
  Clock Uncertainty:      0.072ns  ((TSJ^2 + DJ^2)^1/2) / 2 + PE
    Total System Jitter     (TSJ):    0.071ns
    Discrete Jitter          (DJ):    0.125ns
    Phase Error              (PE):    0.000ns

    Location             Delay type                Incr(ns)  Path(ns)    Netlist Resource(s)
  -------------------------------------------------------------------    -------------------
                         (clock clk_out1_clk_wiz_0 rise edge)
                                                      0.000     0.000 r
    Y9                                                0.000     0.000 r  PAD_I_CLK (IN)
                         net (fo=0)                   0.000     0.000    inst_CLK_RST_MANAGER/inst_pll/inst/clk_in1
    Y9                   IBUF (Prop_ibuf_I_O)         1.490     1.490 r  inst_CLK_RST_MANAGER/inst_pll/inst/clkin1_ibufg/O
                         net (fo=1, routed)           1.306     2.796    inst_CLK_RST_MANAGER/inst_pll/inst/clk_in1_clk_wiz_0
    PLLE2_ADV_X0Y0       PLLE2_ADV (Prop_plle2_adv_CLKIN1_CLKOUT0)
                                                     -8.866    -6.070 r  inst_CLK_RST_MANAGER/inst_pll/inst/plle2_adv_inst/CLKOUT0
                         net (fo=1, routed)           1.849    -4.221    inst_CLK_RST_MANAGER/inst_pll/inst/clk_out1_clk_wiz_0
    BUFGCTRL_X0Y0        BUFG (Prop_bufg_I_O)         0.101    -4.120 r  inst_CLK_RST_MANAGER/inst_pll/inst/clkout1_buf/O
                         net (fo=597, routed)         1.979    -2.141    inst_reglock/CLK
    SLICE_X102Y107       FDCE                                         r  inst_reglock/axil_arvalid_reg/C
  -------------------------------------------------------------------    -------------------
    SLICE_X102Y107       FDCE (Prop_fdce_C_Q)         0.518    -1.623 f  inst_reglock/axil_arvalid_reg/Q
                         net (fo=14, routed)          0.897    -0.726    inst_reglock/axil_arvalid_2
    SLICE_X103Y106       LUT5 (Prop_lut5_I4_O)        0.152    -0.574 r  inst_reglock/axil_n_in_flight[1]_i_2/O
                         net (fo=20, routed)          1.426     0.853    inst_reglock/p_55_in
    SLICE_X113Y107       LUT4 (Prop_lut4_I1_O)        0.326     1.179 r  inst_reglock/field_storage[vga_color_control][blue][value][3]_i_4/O
                         net (fo=28, routed)          0.898     2.077    inst_reglock/cpuif_addr__17[4]
    SLICE_X112Y106       LUT6 (Prop_lut6_I2_O)        0.124     2.201 r  inst_reglock/axil_resp_buffer[0][rdata][26]_i_4/O
                         net (fo=32, routed)          1.911     4.112    inst_reglock/axil_resp_buffer[0][rdata][26]_i_4_n_0
    SLICE_X109Y113       LUT6 (Prop_lut6_I0_O)        0.124     4.236 r  inst_reglock/axil_resp_buffer[0][rdata][27]_i_2/O
                         net (fo=1, routed)           0.296     4.532    inst_reglock/axil_resp_buffer[0][rdata][27]_i_2_n_0
    SLICE_X107Y114       LUT5 (Prop_lut5_I0_O)        0.124     4.656 r  inst_reglock/axil_resp_buffer[0][rdata][27]_i_1/O
                         net (fo=2, routed)           0.843     5.499    inst_reglock/p_0_out[27]
    SLICE_X105Y116       FDCE                                         r  inst_reglock/axil_resp_buffer_reg[0][rdata][27]/D
  -------------------------------------------------------------------    -------------------

                         (clock clk_out1_clk_wiz_0 rise edge)
                                                     20.000    20.000 r
    Y9                                                0.000    20.000 r  PAD_I_CLK (IN)
                         net (fo=0)                   0.000    20.000    inst_CLK_RST_MANAGER/inst_pll/inst/clk_in1
    Y9                   IBUF (Prop_ibuf_I_O)         1.420    21.420 r  inst_CLK_RST_MANAGER/inst_pll/inst/clkin1_ibufg/O
                         net (fo=1, routed)           1.181    22.601    inst_CLK_RST_MANAGER/inst_pll/inst/clk_in1_clk_wiz_0
    PLLE2_ADV_X0Y0       PLLE2_ADV (Prop_plle2_adv_CLKIN1_CLKOUT0)
                                                     -7.970    14.631 r  inst_CLK_RST_MANAGER/inst_pll/inst/plle2_adv_inst/CLKOUT0
                         net (fo=1, routed)           1.686    16.317    inst_CLK_RST_MANAGER/inst_pll/inst/clk_out1_clk_wiz_0
    BUFGCTRL_X0Y0        BUFG (Prop_bufg_I_O)         0.091    16.408 r  inst_CLK_RST_MANAGER/inst_pll/inst/clkout1_buf/O
                         net (fo=597, routed)         1.779    18.187    inst_reglock/CLK
    SLICE_X105Y116       FDCE                                         r  inst_reglock/axil_resp_buffer_reg[0][rdata][27]/C
                         clock pessimism             -0.396    17.791
                         clock uncertainty           -0.072    17.720
    SLICE_X105Y116       FDCE (Setup_fdce_C_D)       -0.067    17.653    inst_reglock/axil_resp_buffer_reg[0][rdata][27]
  -------------------------------------------------------------------
                         required time                         17.653
                         arrival time                          -5.499
  -------------------------------------------------------------------
                         slack                                 12.154

Slack (MET) :             12.182ns  (required time - arrival time)
  Source:                 inst_reglock/axil_arvalid_reg/C
                            (rising edge-triggered cell FDCE clocked by clk_out1_clk_wiz_0  {rise@0.000ns fall@10.000ns period=20.000ns})
  Destination:            inst_reglock/axil_resp_buffer_reg[0][rdata][6]/D
                            (rising edge-triggered cell FDCE clocked by clk_out1_clk_wiz_0  {rise@0.000ns fall@10.000ns period=20.000ns})
  Path Group:             clk_out1_clk_wiz_0
  Path Type:              Setup (Max at Slow Process Corner)
  Requirement:            20.000ns  (clk_out1_clk_wiz_0 rise@20.000ns - clk_out1_clk_wiz_0 rise@0.000ns)
  Data Path Delay:        7.698ns  (logic 1.368ns (17.771%)  route 6.330ns (82.229%))
  Logic Levels:           5  (LUT4=1 LUT5=1 LUT6=3)
  Clock Path Skew:        0.010ns (DCD - SCD + CPR)
    Destination Clock Delay (DCD):    -1.735ns = ( 18.265 - 20.000 )
    Source Clock Delay      (SCD):    -2.141ns
    Clock Pessimism Removal (CPR):    -0.396ns
  Clock Uncertainty:      0.072ns  ((TSJ^2 + DJ^2)^1/2) / 2 + PE
    Total System Jitter     (TSJ):    0.071ns
    Discrete Jitter          (DJ):    0.125ns
    Phase Error              (PE):    0.000ns

    Location             Delay type                Incr(ns)  Path(ns)    Netlist Resource(s)
  -------------------------------------------------------------------    -------------------
                         (clock clk_out1_clk_wiz_0 rise edge)
                                                      0.000     0.000 r
    Y9                                                0.000     0.000 r  PAD_I_CLK (IN)
                         net (fo=0)                   0.000     0.000    inst_CLK_RST_MANAGER/inst_pll/inst/clk_in1
    Y9                   IBUF (Prop_ibuf_I_O)         1.490     1.490 r  inst_CLK_RST_MANAGER/inst_pll/inst/clkin1_ibufg/O
                         net (fo=1, routed)           1.306     2.796    inst_CLK_RST_MANAGER/inst_pll/inst/clk_in1_clk_wiz_0
    PLLE2_ADV_X0Y0       PLLE2_ADV (Prop_plle2_adv_CLKIN1_CLKOUT0)
                                                     -8.866    -6.070 r  inst_CLK_RST_MANAGER/inst_pll/inst/plle2_adv_inst/CLKOUT0
                         net (fo=1, routed)           1.849    -4.221    inst_CLK_RST_MANAGER/inst_pll/inst/clk_out1_clk_wiz_0
    BUFGCTRL_X0Y0        BUFG (Prop_bufg_I_O)         0.101    -4.120 r  inst_CLK_RST_MANAGER/inst_pll/inst/clkout1_buf/O
                         net (fo=597, routed)         1.979    -2.141    inst_reglock/CLK
    SLICE_X102Y107       FDCE                                         r  inst_reglock/axil_arvalid_reg/C
  -------------------------------------------------------------------    -------------------
    SLICE_X102Y107       FDCE (Prop_fdce_C_Q)         0.518    -1.623 f  inst_reglock/axil_arvalid_reg/Q
                         net (fo=14, routed)          0.897    -0.726    inst_reglock/axil_arvalid_2
    SLICE_X103Y106       LUT5 (Prop_lut5_I4_O)        0.152    -0.574 r  inst_reglock/axil_n_in_flight[1]_i_2/O
                         net (fo=20, routed)          1.426     0.853    inst_reglock/p_55_in
    SLICE_X113Y107       LUT4 (Prop_lut4_I1_O)        0.326     1.179 r  inst_reglock/field_storage[vga_color_control][blue][value][3]_i_4/O
                         net (fo=28, routed)          0.898     2.077    inst_reglock/cpuif_addr__17[4]
    SLICE_X112Y106       LUT6 (Prop_lut6_I2_O)        0.124     2.201 r  inst_reglock/axil_resp_buffer[0][rdata][26]_i_4/O
                         net (fo=32, routed)          1.550     3.751    inst_reglock/axil_resp_buffer[0][rdata][26]_i_4_n_0
    SLICE_X105Y107       LUT6 (Prop_lut6_I0_O)        0.124     3.875 r  inst_reglock/axil_resp_buffer[0][rdata][6]_i_3/O
                         net (fo=1, routed)           0.876     4.751    inst_reglock/axil_resp_buffer[0][rdata][6]_i_3_n_0
    SLICE_X107Y106       LUT6 (Prop_lut6_I1_O)        0.124     4.875 r  inst_reglock/axil_resp_buffer[0][rdata][6]_i_1/O
                         net (fo=2, routed)           0.683     5.557    inst_reglock/p_0_out[6]
    SLICE_X109Y111       FDCE                                         r  inst_reglock/axil_resp_buffer_reg[0][rdata][6]/D
  -------------------------------------------------------------------    -------------------

                         (clock clk_out1_clk_wiz_0 rise edge)
                                                     20.000    20.000 r
    Y9                                                0.000    20.000 r  PAD_I_CLK (IN)
                         net (fo=0)                   0.000    20.000    inst_CLK_RST_MANAGER/inst_pll/inst/clk_in1
    Y9                   IBUF (Prop_ibuf_I_O)         1.420    21.420 r  inst_CLK_RST_MANAGER/inst_pll/inst/clkin1_ibufg/O
                         net (fo=1, routed)           1.181    22.601    inst_CLK_RST_MANAGER/inst_pll/inst/clk_in1_clk_wiz_0
    PLLE2_ADV_X0Y0       PLLE2_ADV (Prop_plle2_adv_CLKIN1_CLKOUT0)
                                                     -7.970    14.631 r  inst_CLK_RST_MANAGER/inst_pll/inst/plle2_adv_inst/CLKOUT0
                         net (fo=1, routed)           1.686    16.317    inst_CLK_RST_MANAGER/inst_pll/inst/clk_out1_clk_wiz_0
    BUFGCTRL_X0Y0        BUFG (Prop_bufg_I_O)         0.091    16.408 r  inst_CLK_RST_MANAGER/inst_pll/inst/clkout1_buf/O
                         net (fo=597, routed)         1.857    18.265    inst_reglock/CLK
    SLICE_X109Y111       FDCE                                         r  inst_reglock/axil_resp_buffer_reg[0][rdata][6]/C
                         clock pessimism             -0.396    17.869
                         clock uncertainty           -0.072    17.798
    SLICE_X109Y111       FDCE (Setup_fdce_C_D)       -0.058    17.740    inst_reglock/axil_resp_buffer_reg[0][rdata][6]
  -------------------------------------------------------------------
                         required time                         17.740
                         arrival time                          -5.557
  -------------------------------------------------------------------
                         slack                                 12.182

Slack (MET) :             12.228ns  (required time - arrival time)
  Source:                 inst_reglock/axil_arvalid_reg/C
                            (rising edge-triggered cell FDCE clocked by clk_out1_clk_wiz_0  {rise@0.000ns fall@10.000ns period=20.000ns})
  Destination:            inst_reglock/axil_resp_buffer_reg[0][rdata][5]/D
                            (rising edge-triggered cell FDCE clocked by clk_out1_clk_wiz_0  {rise@0.000ns fall@10.000ns period=20.000ns})
  Path Group:             clk_out1_clk_wiz_0
  Path Type:              Setup (Max at Slow Process Corner)
  Requirement:            20.000ns  (clk_out1_clk_wiz_0 rise@20.000ns - clk_out1_clk_wiz_0 rise@0.000ns)
  Data Path Delay:        7.609ns  (logic 1.368ns (17.979%)  route 6.241ns (82.021%))
  Logic Levels:           5  (LUT4=1 LUT5=1 LUT6=3)
  Clock Path Skew:        -0.063ns (DCD - SCD + CPR)
    Destination Clock Delay (DCD):    -1.808ns = ( 18.192 - 20.000 )
    Source Clock Delay      (SCD):    -2.141ns
    Clock Pessimism Removal (CPR):    -0.396ns
  Clock Uncertainty:      0.072ns  ((TSJ^2 + DJ^2)^1/2) / 2 + PE
    Total System Jitter     (TSJ):    0.071ns
    Discrete Jitter          (DJ):    0.125ns
    Phase Error              (PE):    0.000ns

    Location             Delay type                Incr(ns)  Path(ns)    Netlist Resource(s)
  -------------------------------------------------------------------    -------------------
                         (clock clk_out1_clk_wiz_0 rise edge)
                                                      0.000     0.000 r
    Y9                                                0.000     0.000 r  PAD_I_CLK (IN)
                         net (fo=0)                   0.000     0.000    inst_CLK_RST_MANAGER/inst_pll/inst/clk_in1
    Y9                   IBUF (Prop_ibuf_I_O)         1.490     1.490 r  inst_CLK_RST_MANAGER/inst_pll/inst/clkin1_ibufg/O
                         net (fo=1, routed)           1.306     2.796    inst_CLK_RST_MANAGER/inst_pll/inst/clk_in1_clk_wiz_0
    PLLE2_ADV_X0Y0       PLLE2_ADV (Prop_plle2_adv_CLKIN1_CLKOUT0)
                                                     -8.866    -6.070 r  inst_CLK_RST_MANAGER/inst_pll/inst/plle2_adv_inst/CLKOUT0
                         net (fo=1, routed)           1.849    -4.221    inst_CLK_RST_MANAGER/inst_pll/inst/clk_out1_clk_wiz_0
    BUFGCTRL_X0Y0        BUFG (Prop_bufg_I_O)         0.101    -4.120 r  inst_CLK_RST_MANAGER/inst_pll/inst/clkout1_buf/O
                         net (fo=597, routed)         1.979    -2.141    inst_reglock/CLK
    SLICE_X102Y107       FDCE                                         r  inst_reglock/axil_arvalid_reg/C
  -------------------------------------------------------------------    -------------------
    SLICE_X102Y107       FDCE (Prop_fdce_C_Q)         0.518    -1.623 r  inst_reglock/axil_arvalid_reg/Q
                         net (fo=14, routed)          0.897    -0.726    inst_reglock/axil_arvalid_2
    SLICE_X103Y106       LUT5 (Prop_lut5_I4_O)        0.152    -0.574 f  inst_reglock/axil_n_in_flight[1]_i_2/O
                         net (fo=20, routed)          1.397     0.824    inst_reglock/p_55_in
    SLICE_X113Y108       LUT4 (Prop_lut4_I1_O)        0.326     1.150 f  inst_reglock/field_storage_reg[testister_2][test_bits][value][31]_i_3/O
                         net (fo=36, routed)          1.197     2.347    inst_reglock/cpuif_addr__17[2]
    SLICE_X112Y104       LUT6 (Prop_lut6_I2_O)        0.124     2.471 r  inst_reglock/axil_resp_buffer[0][rdata][11]_i_4/O
                         net (fo=12, routed)          1.013     3.484    inst_reglock/axil_resp_buffer[0][rdata][11]_i_4_n_0
    SLICE_X109Y105       LUT6 (Prop_lut6_I2_O)        0.124     3.608 r  inst_reglock/axil_resp_buffer[0][rdata][5]_i_4/O
                         net (fo=1, routed)           0.868     4.475    inst_reglock/data1[5]
    SLICE_X105Y106       LUT6 (Prop_lut6_I3_O)        0.124     4.599 r  inst_reglock/axil_resp_buffer[0][rdata][5]_i_1/O
                         net (fo=2, routed)           0.869     5.468    inst_reglock/p_0_out[5]
    SLICE_X104Y110       FDCE                                         r  inst_reglock/axil_resp_buffer_reg[0][rdata][5]/D
  -------------------------------------------------------------------    -------------------

                         (clock clk_out1_clk_wiz_0 rise edge)
                                                     20.000    20.000 r
    Y9                                                0.000    20.000 r  PAD_I_CLK (IN)
                         net (fo=0)                   0.000    20.000    inst_CLK_RST_MANAGER/inst_pll/inst/clk_in1
    Y9                   IBUF (Prop_ibuf_I_O)         1.420    21.420 r  inst_CLK_RST_MANAGER/inst_pll/inst/clkin1_ibufg/O
                         net (fo=1, routed)           1.181    22.601    inst_CLK_RST_MANAGER/inst_pll/inst/clk_in1_clk_wiz_0
    PLLE2_ADV_X0Y0       PLLE2_ADV (Prop_plle2_adv_CLKIN1_CLKOUT0)
                                                     -7.970    14.631 r  inst_CLK_RST_MANAGER/inst_pll/inst/plle2_adv_inst/CLKOUT0
                         net (fo=1, routed)           1.686    16.317    inst_CLK_RST_MANAGER/inst_pll/inst/clk_out1_clk_wiz_0
    BUFGCTRL_X0Y0        BUFG (Prop_bufg_I_O)         0.091    16.408 r  inst_CLK_RST_MANAGER/inst_pll/inst/clkout1_buf/O
                         net (fo=597, routed)         1.784    18.192    inst_reglock/CLK
    SLICE_X104Y110       FDCE                                         r  inst_reglock/axil_resp_buffer_reg[0][rdata][5]/C
                         clock pessimism             -0.396    17.796
                         clock uncertainty           -0.072    17.725
    SLICE_X104Y110       FDCE (Setup_fdce_C_D)       -0.028    17.697    inst_reglock/axil_resp_buffer_reg[0][rdata][5]
  -------------------------------------------------------------------
                         required time                         17.697
                         arrival time                          -5.468
  -------------------------------------------------------------------
                         slack                                 12.228

Slack (MET) :             12.260ns  (required time - arrival time)
  Source:                 inst_reglock/axil_arvalid_reg/C
                            (rising edge-triggered cell FDCE clocked by clk_out1_clk_wiz_0  {rise@0.000ns fall@10.000ns period=20.000ns})
  Destination:            inst_reglock/axil_resp_buffer_reg[0][rdata][28]/D
                            (rising edge-triggered cell FDCE clocked by clk_out1_clk_wiz_0  {rise@0.000ns fall@10.000ns period=20.000ns})
  Path Group:             clk_out1_clk_wiz_0
  Path Type:              Setup (Max at Slow Process Corner)
  Requirement:            20.000ns  (clk_out1_clk_wiz_0 rise@20.000ns - clk_out1_clk_wiz_0 rise@0.000ns)
  Data Path Delay:        7.658ns  (logic 1.368ns (17.864%)  route 6.290ns (82.136%))
  Logic Levels:           5  (LUT4=1 LUT5=2 LUT6=2)
  Clock Path Skew:        0.006ns (DCD - SCD + CPR)
    Destination Clock Delay (DCD):    -1.739ns = ( 18.261 - 20.000 )
    Source Clock Delay      (SCD):    -2.141ns
    Clock Pessimism Removal (CPR):    -0.396ns
  Clock Uncertainty:      0.072ns  ((TSJ^2 + DJ^2)^1/2) / 2 + PE
    Total System Jitter     (TSJ):    0.071ns
    Discrete Jitter          (DJ):    0.125ns
    Phase Error              (PE):    0.000ns

    Location             Delay type                Incr(ns)  Path(ns)    Netlist Resource(s)
  -------------------------------------------------------------------    -------------------
                         (clock clk_out1_clk_wiz_0 rise edge)
                                                      0.000     0.000 r
    Y9                                                0.000     0.000 r  PAD_I_CLK (IN)
                         net (fo=0)                   0.000     0.000    inst_CLK_RST_MANAGER/inst_pll/inst/clk_in1
    Y9                   IBUF (Prop_ibuf_I_O)         1.490     1.490 r  inst_CLK_RST_MANAGER/inst_pll/inst/clkin1_ibufg/O
                         net (fo=1, routed)           1.306     2.796    inst_CLK_RST_MANAGER/inst_pll/inst/clk_in1_clk_wiz_0
    PLLE2_ADV_X0Y0       PLLE2_ADV (Prop_plle2_adv_CLKIN1_CLKOUT0)
                                                     -8.866    -6.070 r  inst_CLK_RST_MANAGER/inst_pll/inst/plle2_adv_inst/CLKOUT0
                         net (fo=1, routed)           1.849    -4.221    inst_CLK_RST_MANAGER/inst_pll/inst/clk_out1_clk_wiz_0
    BUFGCTRL_X0Y0        BUFG (Prop_bufg_I_O)         0.101    -4.120 r  inst_CLK_RST_MANAGER/inst_pll/inst/clkout1_buf/O
                         net (fo=597, routed)         1.979    -2.141    inst_reglock/CLK
    SLICE_X102Y107       FDCE                                         r  inst_reglock/axil_arvalid_reg/C
  -------------------------------------------------------------------    -------------------
    SLICE_X102Y107       FDCE (Prop_fdce_C_Q)         0.518    -1.623 f  inst_reglock/axil_arvalid_reg/Q
                         net (fo=14, routed)          0.897    -0.726    inst_reglock/axil_arvalid_2
    SLICE_X103Y106       LUT5 (Prop_lut5_I4_O)        0.152    -0.574 r  inst_reglock/axil_n_in_flight[1]_i_2/O
                         net (fo=20, routed)          1.426     0.853    inst_reglock/p_55_in
    SLICE_X113Y107       LUT4 (Prop_lut4_I1_O)        0.326     1.179 r  inst_reglock/field_storage[vga_color_control][blue][value][3]_i_4/O
                         net (fo=28, routed)          0.898     2.077    inst_reglock/cpuif_addr__17[4]
    SLICE_X112Y106       LUT6 (Prop_lut6_I2_O)        0.124     2.201 r  inst_reglock/axil_resp_buffer[0][rdata][26]_i_4/O
                         net (fo=32, routed)          2.188     4.389    inst_reglock/axil_resp_buffer[0][rdata][26]_i_4_n_0
    SLICE_X107Y114       LUT6 (Prop_lut6_I0_O)        0.124     4.513 r  inst_reglock/axil_resp_buffer[0][rdata][28]_i_2/O
                         net (fo=1, routed)           0.402     4.915    inst_reglock/axil_resp_buffer[0][rdata][28]_i_2_n_0
    SLICE_X107Y114       LUT5 (Prop_lut5_I0_O)        0.124     5.039 r  inst_reglock/axil_resp_buffer[0][rdata][28]_i_1/O
                         net (fo=2, routed)           0.478     5.517    inst_reglock/p_0_out[28]
    SLICE_X108Y116       FDCE                                         r  inst_reglock/axil_resp_buffer_reg[0][rdata][28]/D
  -------------------------------------------------------------------    -------------------

                         (clock clk_out1_clk_wiz_0 rise edge)
                                                     20.000    20.000 r
    Y9                                                0.000    20.000 r  PAD_I_CLK (IN)
                         net (fo=0)                   0.000    20.000    inst_CLK_RST_MANAGER/inst_pll/inst/clk_in1
    Y9                   IBUF (Prop_ibuf_I_O)         1.420    21.420 r  inst_CLK_RST_MANAGER/inst_pll/inst/clkin1_ibufg/O
                         net (fo=1, routed)           1.181    22.601    inst_CLK_RST_MANAGER/inst_pll/inst/clk_in1_clk_wiz_0
    PLLE2_ADV_X0Y0       PLLE2_ADV (Prop_plle2_adv_CLKIN1_CLKOUT0)
                                                     -7.970    14.631 r  inst_CLK_RST_MANAGER/inst_pll/inst/plle2_adv_inst/CLKOUT0
                         net (fo=1, routed)           1.686    16.317    inst_CLK_RST_MANAGER/inst_pll/inst/clk_out1_clk_wiz_0
    BUFGCTRL_X0Y0        BUFG (Prop_bufg_I_O)         0.091    16.408 r  inst_CLK_RST_MANAGER/inst_pll/inst/clkout1_buf/O
                         net (fo=597, routed)         1.853    18.261    inst_reglock/CLK
    SLICE_X108Y116       FDCE                                         r  inst_reglock/axil_resp_buffer_reg[0][rdata][28]/C
                         clock pessimism             -0.396    17.865
                         clock uncertainty           -0.072    17.794
    SLICE_X108Y116       FDCE (Setup_fdce_C_D)       -0.016    17.778    inst_reglock/axil_resp_buffer_reg[0][rdata][28]
  -------------------------------------------------------------------
                         required time                         17.778
                         arrival time                          -5.517
  -------------------------------------------------------------------
                         slack                                 12.260

Slack (MET) :             12.287ns  (required time - arrival time)
  Source:                 inst_reglock/axil_arvalid_reg/C
                            (rising edge-triggered cell FDCE clocked by clk_out1_clk_wiz_0  {rise@0.000ns fall@10.000ns period=20.000ns})
  Destination:            inst_reglock/axil_resp_buffer_reg[1][rdata][7]/D
                            (rising edge-triggered cell FDCE clocked by clk_out1_clk_wiz_0  {rise@0.000ns fall@10.000ns period=20.000ns})
  Path Group:             clk_out1_clk_wiz_0
  Path Type:              Setup (Max at Slow Process Corner)
  Requirement:            20.000ns  (clk_out1_clk_wiz_0 rise@20.000ns - clk_out1_clk_wiz_0 rise@0.000ns)
  Data Path Delay:        7.554ns  (logic 1.368ns (18.110%)  route 6.186ns (81.890%))
  Logic Levels:           5  (LUT4=1 LUT5=1 LUT6=3)
  Clock Path Skew:        -0.026ns (DCD - SCD + CPR)
    Destination Clock Delay (DCD):    -1.808ns = ( 18.192 - 20.000 )
    Source Clock Delay      (SCD):    -2.141ns
    Clock Pessimism Removal (CPR):    -0.359ns
  Clock Uncertainty:      0.072ns  ((TSJ^2 + DJ^2)^1/2) / 2 + PE
    Total System Jitter     (TSJ):    0.071ns
    Discrete Jitter          (DJ):    0.125ns
    Phase Error              (PE):    0.000ns

    Location             Delay type                Incr(ns)  Path(ns)    Netlist Resource(s)
  -------------------------------------------------------------------    -------------------
                         (clock clk_out1_clk_wiz_0 rise edge)
                                                      0.000     0.000 r
    Y9                                                0.000     0.000 r  PAD_I_CLK (IN)
                         net (fo=0)                   0.000     0.000    inst_CLK_RST_MANAGER/inst_pll/inst/clk_in1
    Y9                   IBUF (Prop_ibuf_I_O)         1.490     1.490 r  inst_CLK_RST_MANAGER/inst_pll/inst/clkin1_ibufg/O
                         net (fo=1, routed)           1.306     2.796    inst_CLK_RST_MANAGER/inst_pll/inst/clk_in1_clk_wiz_0
    PLLE2_ADV_X0Y0       PLLE2_ADV (Prop_plle2_adv_CLKIN1_CLKOUT0)
                                                     -8.866    -6.070 r  inst_CLK_RST_MANAGER/inst_pll/inst/plle2_adv_inst/CLKOUT0
                         net (fo=1, routed)           1.849    -4.221    inst_CLK_RST_MANAGER/inst_pll/inst/clk_out1_clk_wiz_0
    BUFGCTRL_X0Y0        BUFG (Prop_bufg_I_O)         0.101    -4.120 r  inst_CLK_RST_MANAGER/inst_pll/inst/clkout1_buf/O
                         net (fo=597, routed)         1.979    -2.141    inst_reglock/CLK
    SLICE_X102Y107       FDCE                                         r  inst_reglock/axil_arvalid_reg/C
  -------------------------------------------------------------------    -------------------
    SLICE_X102Y107       FDCE (Prop_fdce_C_Q)         0.518    -1.623 f  inst_reglock/axil_arvalid_reg/Q
                         net (fo=14, routed)          0.897    -0.726    inst_reglock/axil_arvalid_2
    SLICE_X103Y106       LUT5 (Prop_lut5_I4_O)        0.152    -0.574 r  inst_reglock/axil_n_in_flight[1]_i_2/O
                         net (fo=20, routed)          1.426     0.853    inst_reglock/p_55_in
    SLICE_X113Y107       LUT4 (Prop_lut4_I1_O)        0.326     1.179 r  inst_reglock/field_storage[vga_color_control][blue][value][3]_i_4/O
                         net (fo=28, routed)          0.898     2.077    inst_reglock/cpuif_addr__17[4]
    SLICE_X112Y106       LUT6 (Prop_lut6_I2_O)        0.124     2.201 r  inst_reglock/axil_resp_buffer[0][rdata][26]_i_4/O
                         net (fo=32, routed)          1.552     3.753    inst_reglock/axil_resp_buffer[0][rdata][26]_i_4_n_0
    SLICE_X105Y107       LUT6 (Prop_lut6_I0_O)        0.124     3.877 r  inst_reglock/axil_resp_buffer[0][rdata][7]_i_3/O
                         net (fo=1, routed)           0.641     4.518    inst_reglock/axil_resp_buffer[0][rdata][7]_i_3_n_0
    SLICE_X105Y106       LUT6 (Prop_lut6_I1_O)        0.124     4.642 r  inst_reglock/axil_resp_buffer[0][rdata][7]_i_1/O
                         net (fo=2, routed)           0.771     5.413    inst_reglock/p_0_out[7]
    SLICE_X103Y110       FDCE                                         r  inst_reglock/axil_resp_buffer_reg[1][rdata][7]/D
  -------------------------------------------------------------------    -------------------

                         (clock clk_out1_clk_wiz_0 rise edge)
                                                     20.000    20.000 r
    Y9                                                0.000    20.000 r  PAD_I_CLK (IN)
                         net (fo=0)                   0.000    20.000    inst_CLK_RST_MANAGER/inst_pll/inst/clk_in1
    Y9                   IBUF (Prop_ibuf_I_O)         1.420    21.420 r  inst_CLK_RST_MANAGER/inst_pll/inst/clkin1_ibufg/O
                         net (fo=1, routed)           1.181    22.601    inst_CLK_RST_MANAGER/inst_pll/inst/clk_in1_clk_wiz_0
    PLLE2_ADV_X0Y0       PLLE2_ADV (Prop_plle2_adv_CLKIN1_CLKOUT0)
                                                     -7.970    14.631 r  inst_CLK_RST_MANAGER/inst_pll/inst/plle2_adv_inst/CLKOUT0
                         net (fo=1, routed)           1.686    16.317    inst_CLK_RST_MANAGER/inst_pll/inst/clk_out1_clk_wiz_0
    BUFGCTRL_X0Y0        BUFG (Prop_bufg_I_O)         0.091    16.408 r  inst_CLK_RST_MANAGER/inst_pll/inst/clkout1_buf/O
                         net (fo=597, routed)         1.784    18.192    inst_reglock/CLK
    SLICE_X103Y110       FDCE                                         r  inst_reglock/axil_resp_buffer_reg[1][rdata][7]/C
                         clock pessimism             -0.359    17.833
                         clock uncertainty           -0.072    17.762
    SLICE_X103Y110       FDCE (Setup_fdce_C_D)       -0.061    17.701    inst_reglock/axil_resp_buffer_reg[1][rdata][7]
  -------------------------------------------------------------------
                         required time                         17.701
                         arrival time                          -5.413
  -------------------------------------------------------------------
                         slack                                 12.287

Slack (MET) :             12.336ns  (required time - arrival time)
  Source:                 inst_reglock/axil_arvalid_reg/C
                            (rising edge-triggered cell FDCE clocked by clk_out1_clk_wiz_0  {rise@0.000ns fall@10.000ns period=20.000ns})
  Destination:            inst_reglock/axil_resp_buffer_reg[0][rdata][8]/D
                            (rising edge-triggered cell FDCE clocked by clk_out1_clk_wiz_0  {rise@0.000ns fall@10.000ns period=20.000ns})
  Path Group:             clk_out1_clk_wiz_0
  Path Type:              Setup (Max at Slow Process Corner)
  Requirement:            20.000ns  (clk_out1_clk_wiz_0 rise@20.000ns - clk_out1_clk_wiz_0 rise@0.000ns)
  Data Path Delay:        7.499ns  (logic 1.368ns (18.242%)  route 6.131ns (81.758%))
  Logic Levels:           5  (LUT4=1 LUT5=2 LUT6=2)
  Clock Path Skew:        -0.063ns (DCD - SCD + CPR)
    Destination Clock Delay (DCD):    -1.808ns = ( 18.192 - 20.000 )
    Source Clock Delay      (SCD):    -2.141ns
    Clock Pessimism Removal (CPR):    -0.396ns
  Clock Uncertainty:      0.072ns  ((TSJ^2 + DJ^2)^1/2) / 2 + PE
    Total System Jitter     (TSJ):    0.071ns
    Discrete Jitter          (DJ):    0.125ns
    Phase Error              (PE):    0.000ns

    Location             Delay type                Incr(ns)  Path(ns)    Netlist Resource(s)
  -------------------------------------------------------------------    -------------------
                         (clock clk_out1_clk_wiz_0 rise edge)
                                                      0.000     0.000 r
    Y9                                                0.000     0.000 r  PAD_I_CLK (IN)
                         net (fo=0)                   0.000     0.000    inst_CLK_RST_MANAGER/inst_pll/inst/clk_in1
    Y9                   IBUF (Prop_ibuf_I_O)         1.490     1.490 r  inst_CLK_RST_MANAGER/inst_pll/inst/clkin1_ibufg/O
                         net (fo=1, routed)           1.306     2.796    inst_CLK_RST_MANAGER/inst_pll/inst/clk_in1_clk_wiz_0
    PLLE2_ADV_X0Y0       PLLE2_ADV (Prop_plle2_adv_CLKIN1_CLKOUT0)
                                                     -8.866    -6.070 r  inst_CLK_RST_MANAGER/inst_pll/inst/plle2_adv_inst/CLKOUT0
                         net (fo=1, routed)           1.849    -4.221    inst_CLK_RST_MANAGER/inst_pll/inst/clk_out1_clk_wiz_0
    BUFGCTRL_X0Y0        BUFG (Prop_bufg_I_O)         0.101    -4.120 r  inst_CLK_RST_MANAGER/inst_pll/inst/clkout1_buf/O
                         net (fo=597, routed)         1.979    -2.141    inst_reglock/CLK
    SLICE_X102Y107       FDCE                                         r  inst_reglock/axil_arvalid_reg/C
  -------------------------------------------------------------------    -------------------
    SLICE_X102Y107       FDCE (Prop_fdce_C_Q)         0.518    -1.623 f  inst_reglock/axil_arvalid_reg/Q
                         net (fo=14, routed)          0.897    -0.726    inst_reglock/axil_arvalid_2
    SLICE_X103Y106       LUT5 (Prop_lut5_I4_O)        0.152    -0.574 r  inst_reglock/axil_n_in_flight[1]_i_2/O
                         net (fo=20, routed)          1.426     0.853    inst_reglock/p_55_in
    SLICE_X113Y107       LUT4 (Prop_lut4_I1_O)        0.326     1.179 r  inst_reglock/field_storage[vga_color_control][blue][value][3]_i_4/O
                         net (fo=28, routed)          0.898     2.077    inst_reglock/cpuif_addr__17[4]
    SLICE_X112Y106       LUT6 (Prop_lut6_I2_O)        0.124     2.201 r  inst_reglock/axil_resp_buffer[0][rdata][26]_i_4/O
                         net (fo=32, routed)          1.590     3.791    inst_reglock/axil_resp_buffer[0][rdata][26]_i_4_n_0
    SLICE_X105Y108       LUT6 (Prop_lut6_I0_O)        0.124     3.915 r  inst_reglock/axil_resp_buffer[0][rdata][8]_i_3/O
                         net (fo=1, routed)           0.689     4.605    inst_reglock/axil_resp_buffer[0][rdata][8]_i_3_n_0
    SLICE_X102Y107       LUT5 (Prop_lut5_I1_O)        0.124     4.729 r  inst_reglock/axil_resp_buffer[0][rdata][8]_i_1/O
                         net (fo=2, routed)           0.630     5.359    inst_reglock/p_0_out[8]
    SLICE_X104Y110       FDCE                                         r  inst_reglock/axil_resp_buffer_reg[0][rdata][8]/D
  -------------------------------------------------------------------    -------------------

                         (clock clk_out1_clk_wiz_0 rise edge)
                                                     20.000    20.000 r
    Y9                                                0.000    20.000 r  PAD_I_CLK (IN)
                         net (fo=0)                   0.000    20.000    inst_CLK_RST_MANAGER/inst_pll/inst/clk_in1
    Y9                   IBUF (Prop_ibuf_I_O)         1.420    21.420 r  inst_CLK_RST_MANAGER/inst_pll/inst/clkin1_ibufg/O
                         net (fo=1, routed)           1.181    22.601    inst_CLK_RST_MANAGER/inst_pll/inst/clk_in1_clk_wiz_0
    PLLE2_ADV_X0Y0       PLLE2_ADV (Prop_plle2_adv_CLKIN1_CLKOUT0)
                                                     -7.970    14.631 r  inst_CLK_RST_MANAGER/inst_pll/inst/plle2_adv_inst/CLKOUT0
                         net (fo=1, routed)           1.686    16.317    inst_CLK_RST_MANAGER/inst_pll/inst/clk_out1_clk_wiz_0
    BUFGCTRL_X0Y0        BUFG (Prop_bufg_I_O)         0.091    16.408 r  inst_CLK_RST_MANAGER/inst_pll/inst/clkout1_buf/O
                         net (fo=597, routed)         1.784    18.192    inst_reglock/CLK
    SLICE_X104Y110       FDCE                                         r  inst_reglock/axil_resp_buffer_reg[0][rdata][8]/C
                         clock pessimism             -0.396    17.796
                         clock uncertainty           -0.072    17.725
    SLICE_X104Y110       FDCE (Setup_fdce_C_D)       -0.030    17.695    inst_reglock/axil_resp_buffer_reg[0][rdata][8]
  -------------------------------------------------------------------
                         required time                         17.695
                         arrival time                          -5.359
  -------------------------------------------------------------------
                         slack                                 12.336

Slack (MET) :             12.354ns  (required time - arrival time)
  Source:                 inst_reglock/axil_arvalid_reg/C
                            (rising edge-triggered cell FDCE clocked by clk_out1_clk_wiz_0  {rise@0.000ns fall@10.000ns period=20.000ns})
  Destination:            inst_reglock/axil_resp_buffer_reg[1][rdata][28]/D
                            (rising edge-triggered cell FDCE clocked by clk_out1_clk_wiz_0  {rise@0.000ns fall@10.000ns period=20.000ns})
  Path Group:             clk_out1_clk_wiz_0
  Path Type:              Setup (Max at Slow Process Corner)
  Requirement:            20.000ns  (clk_out1_clk_wiz_0 rise@20.000ns - clk_out1_clk_wiz_0 rise@0.000ns)
  Data Path Delay:        7.523ns  (logic 1.368ns (18.185%)  route 6.155ns (81.815%))
  Logic Levels:           5  (LUT4=1 LUT5=2 LUT6=2)
  Clock Path Skew:        0.007ns (DCD - SCD + CPR)
    Destination Clock Delay (DCD):    -1.738ns = ( 18.262 - 20.000 )
    Source Clock Delay      (SCD):    -2.141ns
    Clock Pessimism Removal (CPR):    -0.396ns
  Clock Uncertainty:      0.072ns  ((TSJ^2 + DJ^2)^1/2) / 2 + PE
    Total System Jitter     (TSJ):    0.071ns
    Discrete Jitter          (DJ):    0.125ns
    Phase Error              (PE):    0.000ns

    Location             Delay type                Incr(ns)  Path(ns)    Netlist Resource(s)
  -------------------------------------------------------------------    -------------------
                         (clock clk_out1_clk_wiz_0 rise edge)
                                                      0.000     0.000 r
    Y9                                                0.000     0.000 r  PAD_I_CLK (IN)
                         net (fo=0)                   0.000     0.000    inst_CLK_RST_MANAGER/inst_pll/inst/clk_in1
    Y9                   IBUF (Prop_ibuf_I_O)         1.490     1.490 r  inst_CLK_RST_MANAGER/inst_pll/inst/clkin1_ibufg/O
                         net (fo=1, routed)           1.306     2.796    inst_CLK_RST_MANAGER/inst_pll/inst/clk_in1_clk_wiz_0
    PLLE2_ADV_X0Y0       PLLE2_ADV (Prop_plle2_adv_CLKIN1_CLKOUT0)
                                                     -8.866    -6.070 r  inst_CLK_RST_MANAGER/inst_pll/inst/plle2_adv_inst/CLKOUT0
                         net (fo=1, routed)           1.849    -4.221    inst_CLK_RST_MANAGER/inst_pll/inst/clk_out1_clk_wiz_0
    BUFGCTRL_X0Y0        BUFG (Prop_bufg_I_O)         0.101    -4.120 r  inst_CLK_RST_MANAGER/inst_pll/inst/clkout1_buf/O
                         net (fo=597, routed)         1.979    -2.141    inst_reglock/CLK
    SLICE_X102Y107       FDCE                                         r  inst_reglock/axil_arvalid_reg/C
  -------------------------------------------------------------------    -------------------
    SLICE_X102Y107       FDCE (Prop_fdce_C_Q)         0.518    -1.623 f  inst_reglock/axil_arvalid_reg/Q
                         net (fo=14, routed)          0.897    -0.726    inst_reglock/axil_arvalid_2
    SLICE_X103Y106       LUT5 (Prop_lut5_I4_O)        0.152    -0.574 r  inst_reglock/axil_n_in_flight[1]_i_2/O
                         net (fo=20, routed)          1.426     0.853    inst_reglock/p_55_in
    SLICE_X113Y107       LUT4 (Prop_lut4_I1_O)        0.326     1.179 r  inst_reglock/field_storage[vga_color_control][blue][value][3]_i_4/O
                         net (fo=28, routed)          0.898     2.077    inst_reglock/cpuif_addr__17[4]
    SLICE_X112Y106       LUT6 (Prop_lut6_I2_O)        0.124     2.201 r  inst_reglock/axil_resp_buffer[0][rdata][26]_i_4/O
                         net (fo=32, routed)          2.188     4.389    inst_reglock/axil_resp_buffer[0][rdata][26]_i_4_n_0
    SLICE_X107Y114       LUT6 (Prop_lut6_I0_O)        0.124     4.513 r  inst_reglock/axil_resp_buffer[0][rdata][28]_i_2/O
                         net (fo=1, routed)           0.402     4.915    inst_reglock/axil_resp_buffer[0][rdata][28]_i_2_n_0
    SLICE_X107Y114       LUT5 (Prop_lut5_I0_O)        0.124     5.039 r  inst_reglock/axil_resp_buffer[0][rdata][28]_i_1/O
                         net (fo=2, routed)           0.343     5.382    inst_reglock/p_0_out[28]
    SLICE_X107Y115       FDCE                                         r  inst_reglock/axil_resp_buffer_reg[1][rdata][28]/D
  -------------------------------------------------------------------    -------------------

                         (clock clk_out1_clk_wiz_0 rise edge)
                                                     20.000    20.000 r
    Y9                                                0.000    20.000 r  PAD_I_CLK (IN)
                         net (fo=0)                   0.000    20.000    inst_CLK_RST_MANAGER/inst_pll/inst/clk_in1
    Y9                   IBUF (Prop_ibuf_I_O)         1.420    21.420 r  inst_CLK_RST_MANAGER/inst_pll/inst/clkin1_ibufg/O
                         net (fo=1, routed)           1.181    22.601    inst_CLK_RST_MANAGER/inst_pll/inst/clk_in1_clk_wiz_0
    PLLE2_ADV_X0Y0       PLLE2_ADV (Prop_plle2_adv_CLKIN1_CLKOUT0)
                                                     -7.970    14.631 r  inst_CLK_RST_MANAGER/inst_pll/inst/plle2_adv_inst/CLKOUT0
                         net (fo=1, routed)           1.686    16.317    inst_CLK_RST_MANAGER/inst_pll/inst/clk_out1_clk_wiz_0
    BUFGCTRL_X0Y0        BUFG (Prop_bufg_I_O)         0.091    16.408 r  inst_CLK_RST_MANAGER/inst_pll/inst/clkout1_buf/O
                         net (fo=597, routed)         1.854    18.262    inst_reglock/CLK
    SLICE_X107Y115       FDCE                                         r  inst_reglock/axil_resp_buffer_reg[1][rdata][28]/C
                         clock pessimism             -0.396    17.866
                         clock uncertainty           -0.072    17.795
    SLICE_X107Y115       FDCE (Setup_fdce_C_D)       -0.058    17.737    inst_reglock/axil_resp_buffer_reg[1][rdata][28]
  -------------------------------------------------------------------
                         required time                         17.737
                         arrival time                          -5.382
  -------------------------------------------------------------------
                         slack                                 12.354

Slack (MET) :             12.374ns  (required time - arrival time)
  Source:                 inst_reglock/axil_arvalid_reg/C
                            (rising edge-triggered cell FDCE clocked by clk_out1_clk_wiz_0  {rise@0.000ns fall@10.000ns period=20.000ns})
  Destination:            inst_reglock/axil_resp_buffer_reg[1][rdata][5]/D
                            (rising edge-triggered cell FDCE clocked by clk_out1_clk_wiz_0  {rise@0.000ns fall@10.000ns period=20.000ns})
  Path Group:             clk_out1_clk_wiz_0
  Path Type:              Setup (Max at Slow Process Corner)
  Requirement:            20.000ns  (clk_out1_clk_wiz_0 rise@20.000ns - clk_out1_clk_wiz_0 rise@0.000ns)
  Data Path Delay:        7.430ns  (logic 1.368ns (18.411%)  route 6.062ns (81.589%))
  Logic Levels:           5  (LUT4=1 LUT5=1 LUT6=3)
  Clock Path Skew:        -0.063ns (DCD - SCD + CPR)
    Destination Clock Delay (DCD):    -1.808ns = ( 18.192 - 20.000 )
    Source Clock Delay      (SCD):    -2.141ns
    Clock Pessimism Removal (CPR):    -0.396ns
  Clock Uncertainty:      0.072ns  ((TSJ^2 + DJ^2)^1/2) / 2 + PE
    Total System Jitter     (TSJ):    0.071ns
    Discrete Jitter          (DJ):    0.125ns
    Phase Error              (PE):    0.000ns

    Location             Delay type                Incr(ns)  Path(ns)    Netlist Resource(s)
  -------------------------------------------------------------------    -------------------
                         (clock clk_out1_clk_wiz_0 rise edge)
                                                      0.000     0.000 r
    Y9                                                0.000     0.000 r  PAD_I_CLK (IN)
                         net (fo=0)                   0.000     0.000    inst_CLK_RST_MANAGER/inst_pll/inst/clk_in1
    Y9                   IBUF (Prop_ibuf_I_O)         1.490     1.490 r  inst_CLK_RST_MANAGER/inst_pll/inst/clkin1_ibufg/O
                         net (fo=1, routed)           1.306     2.796    inst_CLK_RST_MANAGER/inst_pll/inst/clk_in1_clk_wiz_0
    PLLE2_ADV_X0Y0       PLLE2_ADV (Prop_plle2_adv_CLKIN1_CLKOUT0)
                                                     -8.866    -6.070 r  inst_CLK_RST_MANAGER/inst_pll/inst/plle2_adv_inst/CLKOUT0
                         net (fo=1, routed)           1.849    -4.221    inst_CLK_RST_MANAGER/inst_pll/inst/clk_out1_clk_wiz_0
    BUFGCTRL_X0Y0        BUFG (Prop_bufg_I_O)         0.101    -4.120 r  inst_CLK_RST_MANAGER/inst_pll/inst/clkout1_buf/O
                         net (fo=597, routed)         1.979    -2.141    inst_reglock/CLK
    SLICE_X102Y107       FDCE                                         r  inst_reglock/axil_arvalid_reg/C
  -------------------------------------------------------------------    -------------------
    SLICE_X102Y107       FDCE (Prop_fdce_C_Q)         0.518    -1.623 r  inst_reglock/axil_arvalid_reg/Q
                         net (fo=14, routed)          0.897    -0.726    inst_reglock/axil_arvalid_2
    SLICE_X103Y106       LUT5 (Prop_lut5_I4_O)        0.152    -0.574 f  inst_reglock/axil_n_in_flight[1]_i_2/O
                         net (fo=20, routed)          1.397     0.824    inst_reglock/p_55_in
    SLICE_X113Y108       LUT4 (Prop_lut4_I1_O)        0.326     1.150 f  inst_reglock/field_storage_reg[testister_2][test_bits][value][31]_i_3/O
                         net (fo=36, routed)          1.197     2.347    inst_reglock/cpuif_addr__17[2]
    SLICE_X112Y104       LUT6 (Prop_lut6_I2_O)        0.124     2.471 r  inst_reglock/axil_resp_buffer[0][rdata][11]_i_4/O
                         net (fo=12, routed)          1.013     3.484    inst_reglock/axil_resp_buffer[0][rdata][11]_i_4_n_0
    SLICE_X109Y105       LUT6 (Prop_lut6_I2_O)        0.124     3.608 r  inst_reglock/axil_resp_buffer[0][rdata][5]_i_4/O
                         net (fo=1, routed)           0.868     4.475    inst_reglock/data1[5]
    SLICE_X105Y106       LUT6 (Prop_lut6_I3_O)        0.124     4.599 r  inst_reglock/axil_resp_buffer[0][rdata][5]_i_1/O
                         net (fo=2, routed)           0.690     5.290    inst_reglock/p_0_out[5]
    SLICE_X105Y109       FDCE                                         r  inst_reglock/axil_resp_buffer_reg[1][rdata][5]/D
  -------------------------------------------------------------------    -------------------

                         (clock clk_out1_clk_wiz_0 rise edge)
                                                     20.000    20.000 r
    Y9                                                0.000    20.000 r  PAD_I_CLK (IN)
                         net (fo=0)                   0.000    20.000    inst_CLK_RST_MANAGER/inst_pll/inst/clk_in1
    Y9                   IBUF (Prop_ibuf_I_O)         1.420    21.420 r  inst_CLK_RST_MANAGER/inst_pll/inst/clkin1_ibufg/O
                         net (fo=1, routed)           1.181    22.601    inst_CLK_RST_MANAGER/inst_pll/inst/clk_in1_clk_wiz_0
    PLLE2_ADV_X0Y0       PLLE2_ADV (Prop_plle2_adv_CLKIN1_CLKOUT0)
                                                     -7.970    14.631 r  inst_CLK_RST_MANAGER/inst_pll/inst/plle2_adv_inst/CLKOUT0
                         net (fo=1, routed)           1.686    16.317    inst_CLK_RST_MANAGER/inst_pll/inst/clk_out1_clk_wiz_0
    BUFGCTRL_X0Y0        BUFG (Prop_bufg_I_O)         0.091    16.408 r  inst_CLK_RST_MANAGER/inst_pll/inst/clkout1_buf/O
                         net (fo=597, routed)         1.784    18.192    inst_reglock/CLK
    SLICE_X105Y109       FDCE                                         r  inst_reglock/axil_resp_buffer_reg[1][rdata][5]/C
                         clock pessimism             -0.396    17.796
                         clock uncertainty           -0.072    17.725
    SLICE_X105Y109       FDCE (Setup_fdce_C_D)       -0.061    17.664    inst_reglock/axil_resp_buffer_reg[1][rdata][5]
  -------------------------------------------------------------------
                         required time                         17.664
                         arrival time                          -5.290
  -------------------------------------------------------------------
                         slack                                 12.374

Slack (MET) :             12.418ns  (required time - arrival time)
  Source:                 inst_reglock/axil_arvalid_reg/C
                            (rising edge-triggered cell FDCE clocked by clk_out1_clk_wiz_0  {rise@0.000ns fall@10.000ns period=20.000ns})
  Destination:            inst_reglock/axil_resp_buffer_reg[1][rdata][22]/D
                            (rising edge-triggered cell FDCE clocked by clk_out1_clk_wiz_0  {rise@0.000ns fall@10.000ns period=20.000ns})
  Path Group:             clk_out1_clk_wiz_0
  Path Type:              Setup (Max at Slow Process Corner)
  Requirement:            20.000ns  (clk_out1_clk_wiz_0 rise@20.000ns - clk_out1_clk_wiz_0 rise@0.000ns)
  Data Path Delay:        7.476ns  (logic 1.368ns (18.297%)  route 6.108ns (81.703%))
  Logic Levels:           5  (LUT4=1 LUT5=2 LUT6=2)
  Clock Path Skew:        0.009ns (DCD - SCD + CPR)
    Destination Clock Delay (DCD):    -1.736ns = ( 18.264 - 20.000 )
    Source Clock Delay      (SCD):    -2.141ns
    Clock Pessimism Removal (CPR):    -0.396ns
  Clock Uncertainty:      0.072ns  ((TSJ^2 + DJ^2)^1/2) / 2 + PE
    Total System Jitter     (TSJ):    0.071ns
    Discrete Jitter          (DJ):    0.125ns
    Phase Error              (PE):    0.000ns

    Location             Delay type                Incr(ns)  Path(ns)    Netlist Resource(s)
  -------------------------------------------------------------------    -------------------
                         (clock clk_out1_clk_wiz_0 rise edge)
                                                      0.000     0.000 r
    Y9                                                0.000     0.000 r  PAD_I_CLK (IN)
                         net (fo=0)                   0.000     0.000    inst_CLK_RST_MANAGER/inst_pll/inst/clk_in1
    Y9                   IBUF (Prop_ibuf_I_O)         1.490     1.490 r  inst_CLK_RST_MANAGER/inst_pll/inst/clkin1_ibufg/O
                         net (fo=1, routed)           1.306     2.796    inst_CLK_RST_MANAGER/inst_pll/inst/clk_in1_clk_wiz_0
    PLLE2_ADV_X0Y0       PLLE2_ADV (Prop_plle2_adv_CLKIN1_CLKOUT0)
                                                     -8.866    -6.070 r  inst_CLK_RST_MANAGER/inst_pll/inst/plle2_adv_inst/CLKOUT0
                         net (fo=1, routed)           1.849    -4.221    inst_CLK_RST_MANAGER/inst_pll/inst/clk_out1_clk_wiz_0
    BUFGCTRL_X0Y0        BUFG (Prop_bufg_I_O)         0.101    -4.120 r  inst_CLK_RST_MANAGER/inst_pll/inst/clkout1_buf/O
                         net (fo=597, routed)         1.979    -2.141    inst_reglock/CLK
    SLICE_X102Y107       FDCE                                         r  inst_reglock/axil_arvalid_reg/C
  -------------------------------------------------------------------    -------------------
    SLICE_X102Y107       FDCE (Prop_fdce_C_Q)         0.518    -1.623 f  inst_reglock/axil_arvalid_reg/Q
                         net (fo=14, routed)          0.897    -0.726    inst_reglock/axil_arvalid_2
    SLICE_X103Y106       LUT5 (Prop_lut5_I4_O)        0.152    -0.574 r  inst_reglock/axil_n_in_flight[1]_i_2/O
                         net (fo=20, routed)          1.426     0.853    inst_reglock/p_55_in
    SLICE_X113Y107       LUT4 (Prop_lut4_I1_O)        0.326     1.179 r  inst_reglock/field_storage[vga_color_control][blue][value][3]_i_4/O
                         net (fo=28, routed)          0.898     2.077    inst_reglock/cpuif_addr__17[4]
    SLICE_X112Y106       LUT6 (Prop_lut6_I2_O)        0.124     2.201 r  inst_reglock/axil_resp_buffer[0][rdata][26]_i_4/O
                         net (fo=32, routed)          1.830     4.031    inst_reglock/axil_resp_buffer[0][rdata][26]_i_4_n_0
    SLICE_X109Y114       LUT6 (Prop_lut6_I0_O)        0.124     4.155 r  inst_reglock/axil_resp_buffer[0][rdata][22]_i_2/O
                         net (fo=1, routed)           0.433     4.588    inst_reglock/axil_resp_buffer[0][rdata][22]_i_2_n_0
    SLICE_X109Y114       LUT5 (Prop_lut5_I0_O)        0.124     4.712 r  inst_reglock/axil_resp_buffer[0][rdata][22]_i_1/O
                         net (fo=2, routed)           0.623     5.336    inst_reglock/p_0_out[22]
    SLICE_X109Y112       FDCE                                         r  inst_reglock/axil_resp_buffer_reg[1][rdata][22]/D
  -------------------------------------------------------------------    -------------------

                         (clock clk_out1_clk_wiz_0 rise edge)
                                                     20.000    20.000 r
    Y9                                                0.000    20.000 r  PAD_I_CLK (IN)
                         net (fo=0)                   0.000    20.000    inst_CLK_RST_MANAGER/inst_pll/inst/clk_in1
    Y9                   IBUF (Prop_ibuf_I_O)         1.420    21.420 r  inst_CLK_RST_MANAGER/inst_pll/inst/clkin1_ibufg/O
                         net (fo=1, routed)           1.181    22.601    inst_CLK_RST_MANAGER/inst_pll/inst/clk_in1_clk_wiz_0
    PLLE2_ADV_X0Y0       PLLE2_ADV (Prop_plle2_adv_CLKIN1_CLKOUT0)
                                                     -7.970    14.631 r  inst_CLK_RST_MANAGER/inst_pll/inst/plle2_adv_inst/CLKOUT0
                         net (fo=1, routed)           1.686    16.317    inst_CLK_RST_MANAGER/inst_pll/inst/clk_out1_clk_wiz_0
    BUFGCTRL_X0Y0        BUFG (Prop_bufg_I_O)         0.091    16.408 r  inst_CLK_RST_MANAGER/inst_pll/inst/clkout1_buf/O
                         net (fo=597, routed)         1.856    18.264    inst_reglock/CLK
    SLICE_X109Y112       FDCE                                         r  inst_reglock/axil_resp_buffer_reg[1][rdata][22]/C
                         clock pessimism             -0.396    17.868
                         clock uncertainty           -0.072    17.797
    SLICE_X109Y112       FDCE (Setup_fdce_C_D)       -0.043    17.754    inst_reglock/axil_resp_buffer_reg[1][rdata][22]
  -------------------------------------------------------------------
                         required time                         17.754
                         arrival time                          -5.336
  -------------------------------------------------------------------
                         slack                                 12.418





Min Delay Paths
--------------------------------------------------------------------------------------
Slack (MET) :             0.101ns  (arrival time - required time)
  Source:                 inst_spi_master/reg_o_sclk_reg/C
                            (rising edge-triggered cell FDCE clocked by clk_out1_clk_wiz_0  {rise@0.000ns fall@10.000ns period=20.000ns})
  Destination:            inst_spi_master/O_SCLK_reg/D
                            (rising edge-triggered cell FDCE clocked by clk_out1_clk_wiz_0  {rise@0.000ns fall@10.000ns period=20.000ns})
  Path Group:             clk_out1_clk_wiz_0
  Path Type:              Hold (Min at Fast Process Corner)
  Requirement:            0.000ns  (clk_out1_clk_wiz_0 rise@0.000ns - clk_out1_clk_wiz_0 rise@0.000ns)
  Data Path Delay:        0.303ns  (logic 0.128ns (42.283%)  route 0.175ns (57.717%))
  Logic Levels:           0
  Clock Path Skew:        0.185ns (DCD - SCD - CPR)
    Destination Clock Delay (DCD):    -0.253ns
    Source Clock Delay      (SCD):    -0.405ns
    Clock Pessimism Removal (CPR):    -0.033ns

    Location             Delay type                Incr(ns)  Path(ns)    Netlist Resource(s)
  -------------------------------------------------------------------    -------------------
                         (clock clk_out1_clk_wiz_0 rise edge)
                                                      0.000     0.000 r
    Y9                                                0.000     0.000 r  PAD_I_CLK (IN)
                         net (fo=0)                   0.000     0.000    inst_CLK_RST_MANAGER/inst_pll/inst/clk_in1
    Y9                   IBUF (Prop_ibuf_I_O)         0.258     0.258 r  inst_CLK_RST_MANAGER/inst_pll/inst/clkin1_ibufg/O
                         net (fo=1, routed)           0.440     0.698    inst_CLK_RST_MANAGER/inst_pll/inst/clk_in1_clk_wiz_0
    PLLE2_ADV_X0Y0       PLLE2_ADV (Prop_plle2_adv_CLKIN1_CLKOUT0)
                                                     -2.384    -1.685 r  inst_CLK_RST_MANAGER/inst_pll/inst/plle2_adv_inst/CLKOUT0
                         net (fo=1, routed)           0.533    -1.152    inst_CLK_RST_MANAGER/inst_pll/inst/clk_out1_clk_wiz_0
    BUFGCTRL_X0Y0        BUFG (Prop_bufg_I_O)         0.026    -1.126 r  inst_CLK_RST_MANAGER/inst_pll/inst/clkout1_buf/O
                         net (fo=597, routed)         0.721    -0.405    inst_spi_master/CLK
    SLICE_X110Y102       FDCE                                         r  inst_spi_master/reg_o_sclk_reg/C
  -------------------------------------------------------------------    -------------------
    SLICE_X110Y102       FDCE (Prop_fdce_C_Q)         0.128    -0.277 r  inst_spi_master/reg_o_sclk_reg/Q
                         net (fo=1, routed)           0.175    -0.102    inst_spi_master/reg_o_sclk_reg_n_0
    SLICE_X111Y99        FDCE                                         r  inst_spi_master/O_SCLK_reg/D
  -------------------------------------------------------------------    -------------------

                         (clock clk_out1_clk_wiz_0 rise edge)
                                                      0.000     0.000 r
    Y9                                                0.000     0.000 r  PAD_I_CLK (IN)
                         net (fo=0)                   0.000     0.000    inst_CLK_RST_MANAGER/inst_pll/inst/clk_in1
    Y9                   IBUF (Prop_ibuf_I_O)         0.446     0.446 r  inst_CLK_RST_MANAGER/inst_pll/inst/clkin1_ibufg/O
                         net (fo=1, routed)           0.481     0.927    inst_CLK_RST_MANAGER/inst_pll/inst/clk_in1_clk_wiz_0
    PLLE2_ADV_X0Y0       PLLE2_ADV (Prop_plle2_adv_CLKIN1_CLKOUT0)
                                                     -2.700    -1.773 r  inst_CLK_RST_MANAGER/inst_pll/inst/plle2_adv_inst/CLKOUT0
                         net (fo=1, routed)           0.580    -1.193    inst_CLK_RST_MANAGER/inst_pll/inst/clk_out1_clk_wiz_0
    BUFGCTRL_X0Y0        BUFG (Prop_bufg_I_O)         0.029    -1.164 r  inst_CLK_RST_MANAGER/inst_pll/inst/clkout1_buf/O
                         net (fo=597, routed)         0.911    -0.253    inst_spi_master/CLK
    SLICE_X111Y99        FDCE                                         r  inst_spi_master/O_SCLK_reg/C
                         clock pessimism              0.033    -0.220
    SLICE_X111Y99        FDCE (Hold_fdce_C_D)         0.017    -0.203    inst_spi_master/O_SCLK_reg
  -------------------------------------------------------------------
                         required time                          0.203
                         arrival time                          -0.102
  -------------------------------------------------------------------
                         slack                                  0.101

Slack (MET) :             0.122ns  (arrival time - required time)
  Source:                 inst_olo_intf_sync/Reg0_reg[0]/C
                            (rising edge-triggered cell FDRE clocked by clk_out1_clk_wiz_0  {rise@0.000ns fall@10.000ns period=20.000ns})
  Destination:            inst_olo_intf_sync/RegN_reg[0][0]/D
                            (rising edge-triggered cell FDRE clocked by clk_out1_clk_wiz_0  {rise@0.000ns fall@10.000ns period=20.000ns})
  Path Group:             clk_out1_clk_wiz_0
  Path Type:              Hold (Min at Fast Process Corner)
  Requirement:            0.000ns  (clk_out1_clk_wiz_0 rise@0.000ns - clk_out1_clk_wiz_0 rise@0.000ns)
  Data Path Delay:        0.197ns  (logic 0.141ns (71.611%)  route 0.056ns (28.389%))
  Logic Levels:           0
  Clock Path Skew:        0.000ns (DCD - SCD - CPR)
    Destination Clock Delay (DCD):    -0.168ns
    Source Clock Delay      (SCD):    -0.406ns
    Clock Pessimism Removal (CPR):    0.238ns

    Location             Delay type                Incr(ns)  Path(ns)    Netlist Resource(s)
  -------------------------------------------------------------------    -------------------
                         (clock clk_out1_clk_wiz_0 rise edge)
                                                      0.000     0.000 r
    Y9                                                0.000     0.000 r  PAD_I_CLK (IN)
                         net (fo=0)                   0.000     0.000    inst_CLK_RST_MANAGER/inst_pll/inst/clk_in1
    Y9                   IBUF (Prop_ibuf_I_O)         0.258     0.258 r  inst_CLK_RST_MANAGER/inst_pll/inst/clkin1_ibufg/O
                         net (fo=1, routed)           0.440     0.698    inst_CLK_RST_MANAGER/inst_pll/inst/clk_in1_clk_wiz_0
    PLLE2_ADV_X0Y0       PLLE2_ADV (Prop_plle2_adv_CLKIN1_CLKOUT0)
                                                     -2.384    -1.685 r  inst_CLK_RST_MANAGER/inst_pll/inst/plle2_adv_inst/CLKOUT0
                         net (fo=1, routed)           0.533    -1.152    inst_CLK_RST_MANAGER/inst_pll/inst/clk_out1_clk_wiz_0
    BUFGCTRL_X0Y0        BUFG (Prop_bufg_I_O)         0.026    -1.126 r  inst_CLK_RST_MANAGER/inst_pll/inst/clkout1_buf/O
                         net (fo=597, routed)         0.720    -0.406    inst_olo_intf_sync/Clk
    SLICE_X113Y104       FDRE                                         r  inst_olo_intf_sync/Reg0_reg[0]/C
  -------------------------------------------------------------------    -------------------
    SLICE_X113Y104       FDRE (Prop_fdre_C_Q)         0.141    -0.265 r  inst_olo_intf_sync/Reg0_reg[0]/Q
                         net (fo=1, routed)           0.056    -0.209    inst_olo_intf_sync/Reg0[0]
    SLICE_X113Y104       FDRE                                         r  inst_olo_intf_sync/RegN_reg[0][0]/D
  -------------------------------------------------------------------    -------------------

                         (clock clk_out1_clk_wiz_0 rise edge)
                                                      0.000     0.000 r
    Y9                                                0.000     0.000 r  PAD_I_CLK (IN)
                         net (fo=0)                   0.000     0.000    inst_CLK_RST_MANAGER/inst_pll/inst/clk_in1
    Y9                   IBUF (Prop_ibuf_I_O)         0.446     0.446 r  inst_CLK_RST_MANAGER/inst_pll/inst/clkin1_ibufg/O
                         net (fo=1, routed)           0.481     0.927    inst_CLK_RST_MANAGER/inst_pll/inst/clk_in1_clk_wiz_0
    PLLE2_ADV_X0Y0       PLLE2_ADV (Prop_plle2_adv_CLKIN1_CLKOUT0)
                                                     -2.700    -1.773 r  inst_CLK_RST_MANAGER/inst_pll/inst/plle2_adv_inst/CLKOUT0
                         net (fo=1, routed)           0.580    -1.193    inst_CLK_RST_MANAGER/inst_pll/inst/clk_out1_clk_wiz_0
    BUFGCTRL_X0Y0        BUFG (Prop_bufg_I_O)         0.029    -1.164 r  inst_CLK_RST_MANAGER/inst_pll/inst/clkout1_buf/O
                         net (fo=597, routed)         0.996    -0.168    inst_olo_intf_sync/Clk
    SLICE_X113Y104       FDRE                                         r  inst_olo_intf_sync/RegN_reg[0][0]/C
                         clock pessimism             -0.238    -0.406
    SLICE_X113Y104       FDRE (Hold_fdre_C_D)         0.075    -0.331    inst_olo_intf_sync/RegN_reg[0][0]
  -------------------------------------------------------------------
                         required time                          0.331
                         arrival time                          -0.209
  -------------------------------------------------------------------
                         slack                                  0.122

Slack (MET) :             0.131ns  (arrival time - required time)
  Source:                 inst_olo_intf_sync/Reg0_reg[7]/C
                            (rising edge-triggered cell FDRE clocked by clk_out1_clk_wiz_0  {rise@0.000ns fall@10.000ns period=20.000ns})
  Destination:            inst_olo_intf_sync/RegN_reg[0][7]/D
                            (rising edge-triggered cell FDRE clocked by clk_out1_clk_wiz_0  {rise@0.000ns fall@10.000ns period=20.000ns})
  Path Group:             clk_out1_clk_wiz_0
  Path Type:              Hold (Min at Fast Process Corner)
  Requirement:            0.000ns  (clk_out1_clk_wiz_0 rise@0.000ns - clk_out1_clk_wiz_0 rise@0.000ns)
  Data Path Delay:        0.206ns  (logic 0.141ns (68.336%)  route 0.065ns (31.664%))
  Logic Levels:           0
  Clock Path Skew:        0.000ns (DCD - SCD - CPR)
    Destination Clock Delay (DCD):    -0.253ns
    Source Clock Delay      (SCD):    -0.488ns
    Clock Pessimism Removal (CPR):    0.235ns

    Location             Delay type                Incr(ns)  Path(ns)    Netlist Resource(s)
  -------------------------------------------------------------------    -------------------
                         (clock clk_out1_clk_wiz_0 rise edge)
                                                      0.000     0.000 r
    Y9                                                0.000     0.000 r  PAD_I_CLK (IN)
                         net (fo=0)                   0.000     0.000    inst_CLK_RST_MANAGER/inst_pll/inst/clk_in1
    Y9                   IBUF (Prop_ibuf_I_O)         0.258     0.258 r  inst_CLK_RST_MANAGER/inst_pll/inst/clkin1_ibufg/O
                         net (fo=1, routed)           0.440     0.698    inst_CLK_RST_MANAGER/inst_pll/inst/clk_in1_clk_wiz_0
    PLLE2_ADV_X0Y0       PLLE2_ADV (Prop_plle2_adv_CLKIN1_CLKOUT0)
                                                     -2.384    -1.685 r  inst_CLK_RST_MANAGER/inst_pll/inst/plle2_adv_inst/CLKOUT0
                         net (fo=1, routed)           0.533    -1.152    inst_CLK_RST_MANAGER/inst_pll/inst/clk_out1_clk_wiz_0
    BUFGCTRL_X0Y0        BUFG (Prop_bufg_I_O)         0.026    -1.126 r  inst_CLK_RST_MANAGER/inst_pll/inst/clkout1_buf/O
                         net (fo=597, routed)         0.639    -0.488    inst_olo_intf_sync/Clk
    SLICE_X110Y98        FDRE                                         r  inst_olo_intf_sync/Reg0_reg[7]/C
  -------------------------------------------------------------------    -------------------
    SLICE_X110Y98        FDRE (Prop_fdre_C_Q)         0.141    -0.347 r  inst_olo_intf_sync/Reg0_reg[7]/Q
                         net (fo=1, routed)           0.065    -0.281    inst_olo_intf_sync/Reg0[7]
    SLICE_X110Y98        FDRE                                         r  inst_olo_intf_sync/RegN_reg[0][7]/D
  -------------------------------------------------------------------    -------------------

                         (clock clk_out1_clk_wiz_0 rise edge)
                                                      0.000     0.000 r
    Y9                                                0.000     0.000 r  PAD_I_CLK (IN)
                         net (fo=0)                   0.000     0.000    inst_CLK_RST_MANAGER/inst_pll/inst/clk_in1
    Y9                   IBUF (Prop_ibuf_I_O)         0.446     0.446 r  inst_CLK_RST_MANAGER/inst_pll/inst/clkin1_ibufg/O
                         net (fo=1, routed)           0.481     0.927    inst_CLK_RST_MANAGER/inst_pll/inst/clk_in1_clk_wiz_0
    PLLE2_ADV_X0Y0       PLLE2_ADV (Prop_plle2_adv_CLKIN1_CLKOUT0)
                                                     -2.700    -1.773 r  inst_CLK_RST_MANAGER/inst_pll/inst/plle2_adv_inst/CLKOUT0
                         net (fo=1, routed)           0.580    -1.193    inst_CLK_RST_MANAGER/inst_pll/inst/clk_out1_clk_wiz_0
    BUFGCTRL_X0Y0        BUFG (Prop_bufg_I_O)         0.029    -1.164 r  inst_CLK_RST_MANAGER/inst_pll/inst/clkout1_buf/O
                         net (fo=597, routed)         0.911    -0.253    inst_olo_intf_sync/Clk
    SLICE_X110Y98        FDRE                                         r  inst_olo_intf_sync/RegN_reg[0][7]/C
                         clock pessimism             -0.235    -0.488
    SLICE_X110Y98        FDRE (Hold_fdre_C_D)         0.075    -0.413    inst_olo_intf_sync/RegN_reg[0][7]
  -------------------------------------------------------------------
                         required time                          0.413
                         arrival time                          -0.281
  -------------------------------------------------------------------
                         slack                                  0.131

Slack (MET) :             0.131ns  (arrival time - required time)
  Source:                 inst_CLK_RST_MANAGER/inst_olo_base_sys_reset_gen/g_sync.DsSync_reg[0]/C
                            (rising edge-triggered cell FDRE clocked by clk_out1_clk_wiz_0  {rise@0.000ns fall@10.000ns period=20.000ns})
  Destination:            inst_CLK_RST_MANAGER/inst_olo_base_sys_reset_gen/g_sync.DsSync_reg[1]/D
                            (rising edge-triggered cell FDRE clocked by clk_out1_clk_wiz_0  {rise@0.000ns fall@10.000ns period=20.000ns})
  Path Group:             clk_out1_clk_wiz_0
  Path Type:              Hold (Min at Fast Process Corner)
  Requirement:            0.000ns  (clk_out1_clk_wiz_0 rise@0.000ns - clk_out1_clk_wiz_0 rise@0.000ns)
  Data Path Delay:        0.206ns  (logic 0.141ns (68.336%)  route 0.065ns (31.664%))
  Logic Levels:           0
  Clock Path Skew:        0.000ns (DCD - SCD - CPR)
    Destination Clock Delay (DCD):    -0.168ns
    Source Clock Delay      (SCD):    -0.406ns
    Clock Pessimism Removal (CPR):    0.238ns

    Location             Delay type                Incr(ns)  Path(ns)    Netlist Resource(s)
  -------------------------------------------------------------------    -------------------
                         (clock clk_out1_clk_wiz_0 rise edge)
                                                      0.000     0.000 r
    Y9                                                0.000     0.000 r  PAD_I_CLK (IN)
                         net (fo=0)                   0.000     0.000    inst_CLK_RST_MANAGER/inst_pll/inst/clk_in1
    Y9                   IBUF (Prop_ibuf_I_O)         0.258     0.258 r  inst_CLK_RST_MANAGER/inst_pll/inst/clkin1_ibufg/O
                         net (fo=1, routed)           0.440     0.698    inst_CLK_RST_MANAGER/inst_pll/inst/clk_in1_clk_wiz_0
    PLLE2_ADV_X0Y0       PLLE2_ADV (Prop_plle2_adv_CLKIN1_CLKOUT0)
                                                     -2.384    -1.685 r  inst_CLK_RST_MANAGER/inst_pll/inst/plle2_adv_inst/CLKOUT0
                         net (fo=1, routed)           0.533    -1.152    inst_CLK_RST_MANAGER/inst_pll/inst/clk_out1_clk_wiz_0
    BUFGCTRL_X0Y0        BUFG (Prop_bufg_I_O)         0.026    -1.126 r  inst_CLK_RST_MANAGER/inst_pll/inst/clkout1_buf/O
                         net (fo=597, routed)         0.720    -0.406    inst_CLK_RST_MANAGER/inst_olo_base_sys_reset_gen/Clk
    SLICE_X110Y106       FDRE                                         r  inst_CLK_RST_MANAGER/inst_olo_base_sys_reset_gen/g_sync.DsSync_reg[0]/C
  -------------------------------------------------------------------    -------------------
    SLICE_X110Y106       FDRE (Prop_fdre_C_Q)         0.141    -0.265 r  inst_CLK_RST_MANAGER/inst_olo_base_sys_reset_gen/g_sync.DsSync_reg[0]/Q
                         net (fo=1, routed)           0.065    -0.200    inst_CLK_RST_MANAGER/inst_olo_base_sys_reset_gen/DsSync[0]
    SLICE_X110Y106       FDRE                                         r  inst_CLK_RST_MANAGER/inst_olo_base_sys_reset_gen/g_sync.DsSync_reg[1]/D
  -------------------------------------------------------------------    -------------------

                         (clock clk_out1_clk_wiz_0 rise edge)
                                                      0.000     0.000 r
    Y9                                                0.000     0.000 r  PAD_I_CLK (IN)
                         net (fo=0)                   0.000     0.000    inst_CLK_RST_MANAGER/inst_pll/inst/clk_in1
    Y9                   IBUF (Prop_ibuf_I_O)         0.446     0.446 r  inst_CLK_RST_MANAGER/inst_pll/inst/clkin1_ibufg/O
                         net (fo=1, routed)           0.481     0.927    inst_CLK_RST_MANAGER/inst_pll/inst/clk_in1_clk_wiz_0
    PLLE2_ADV_X0Y0       PLLE2_ADV (Prop_plle2_adv_CLKIN1_CLKOUT0)
                                                     -2.700    -1.773 r  inst_CLK_RST_MANAGER/inst_pll/inst/plle2_adv_inst/CLKOUT0
                         net (fo=1, routed)           0.580    -1.193    inst_CLK_RST_MANAGER/inst_pll/inst/clk_out1_clk_wiz_0
    BUFGCTRL_X0Y0        BUFG (Prop_bufg_I_O)         0.029    -1.164 r  inst_CLK_RST_MANAGER/inst_pll/inst/clkout1_buf/O
                         net (fo=597, routed)         0.996    -0.168    inst_CLK_RST_MANAGER/inst_olo_base_sys_reset_gen/Clk
    SLICE_X110Y106       FDRE                                         r  inst_CLK_RST_MANAGER/inst_olo_base_sys_reset_gen/g_sync.DsSync_reg[1]/C
                         clock pessimism             -0.238    -0.406
    SLICE_X110Y106       FDRE (Hold_fdre_C_D)         0.075    -0.331    inst_CLK_RST_MANAGER/inst_olo_base_sys_reset_gen/g_sync.DsSync_reg[1]
  -------------------------------------------------------------------
                         required time                          0.331
                         arrival time                          -0.200
  -------------------------------------------------------------------
                         slack                                  0.131

Slack (MET) :             0.131ns  (arrival time - required time)
  Source:                 inst_olo_intf_sync/Reg0_reg[1]/C
                            (rising edge-triggered cell FDRE clocked by clk_out1_clk_wiz_0  {rise@0.000ns fall@10.000ns period=20.000ns})
  Destination:            inst_olo_intf_sync/RegN_reg[0][1]/D
                            (rising edge-triggered cell FDRE clocked by clk_out1_clk_wiz_0  {rise@0.000ns fall@10.000ns period=20.000ns})
  Path Group:             clk_out1_clk_wiz_0
  Path Type:              Hold (Min at Fast Process Corner)
  Requirement:            0.000ns  (clk_out1_clk_wiz_0 rise@0.000ns - clk_out1_clk_wiz_0 rise@0.000ns)
  Data Path Delay:        0.206ns  (logic 0.141ns (68.336%)  route 0.065ns (31.664%))
  Logic Levels:           0
  Clock Path Skew:        0.000ns (DCD - SCD - CPR)
    Destination Clock Delay (DCD):    -0.167ns
    Source Clock Delay      (SCD):    -0.405ns
    Clock Pessimism Removal (CPR):    0.238ns

    Location             Delay type                Incr(ns)  Path(ns)    Netlist Resource(s)
  -------------------------------------------------------------------    -------------------
                         (clock clk_out1_clk_wiz_0 rise edge)
                                                      0.000     0.000 r
    Y9                                                0.000     0.000 r  PAD_I_CLK (IN)
                         net (fo=0)                   0.000     0.000    inst_CLK_RST_MANAGER/inst_pll/inst/clk_in1
    Y9                   IBUF (Prop_ibuf_I_O)         0.258     0.258 r  inst_CLK_RST_MANAGER/inst_pll/inst/clkin1_ibufg/O
                         net (fo=1, routed)           0.440     0.698    inst_CLK_RST_MANAGER/inst_pll/inst/clk_in1_clk_wiz_0
    PLLE2_ADV_X0Y0       PLLE2_ADV (Prop_plle2_adv_CLKIN1_CLKOUT0)
                                                     -2.384    -1.685 r  inst_CLK_RST_MANAGER/inst_pll/inst/plle2_adv_inst/CLKOUT0
                         net (fo=1, routed)           0.533    -1.152    inst_CLK_RST_MANAGER/inst_pll/inst/clk_out1_clk_wiz_0
    BUFGCTRL_X0Y0        BUFG (Prop_bufg_I_O)         0.026    -1.126 r  inst_CLK_RST_MANAGER/inst_pll/inst/clkout1_buf/O
                         net (fo=597, routed)         0.721    -0.405    inst_olo_intf_sync/Clk
    SLICE_X110Y101       FDRE                                         r  inst_olo_intf_sync/Reg0_reg[1]/C
  -------------------------------------------------------------------    -------------------
    SLICE_X110Y101       FDRE (Prop_fdre_C_Q)         0.141    -0.264 r  inst_olo_intf_sync/Reg0_reg[1]/Q
                         net (fo=1, routed)           0.065    -0.199    inst_olo_intf_sync/Reg0[1]
    SLICE_X110Y101       FDRE                                         r  inst_olo_intf_sync/RegN_reg[0][1]/D
  -------------------------------------------------------------------    -------------------

                         (clock clk_out1_clk_wiz_0 rise edge)
                                                      0.000     0.000 r
    Y9                                                0.000     0.000 r  PAD_I_CLK (IN)
                         net (fo=0)                   0.000     0.000    inst_CLK_RST_MANAGER/inst_pll/inst/clk_in1
    Y9                   IBUF (Prop_ibuf_I_O)         0.446     0.446 r  inst_CLK_RST_MANAGER/inst_pll/inst/clkin1_ibufg/O
                         net (fo=1, routed)           0.481     0.927    inst_CLK_RST_MANAGER/inst_pll/inst/clk_in1_clk_wiz_0
    PLLE2_ADV_X0Y0       PLLE2_ADV (Prop_plle2_adv_CLKIN1_CLKOUT0)
                                                     -2.700    -1.773 r  inst_CLK_RST_MANAGER/inst_pll/inst/plle2_adv_inst/CLKOUT0
                         net (fo=1, routed)           0.580    -1.193    inst_CLK_RST_MANAGER/inst_pll/inst/clk_out1_clk_wiz_0
    BUFGCTRL_X0Y0        BUFG (Prop_bufg_I_O)         0.029    -1.164 r  inst_CLK_RST_MANAGER/inst_pll/inst/clkout1_buf/O
                         net (fo=597, routed)         0.997    -0.167    inst_olo_intf_sync/Clk
    SLICE_X110Y101       FDRE                                         r  inst_olo_intf_sync/RegN_reg[0][1]/C
                         clock pessimism             -0.238    -0.405
    SLICE_X110Y101       FDRE (Hold_fdre_C_D)         0.075    -0.330    inst_olo_intf_sync/RegN_reg[0][1]
  -------------------------------------------------------------------
                         required time                          0.330
                         arrival time                          -0.199
  -------------------------------------------------------------------
                         slack                                  0.131

Slack (MET) :             0.131ns  (arrival time - required time)
  Source:                 inst_olo_intf_sync/Reg0_reg[5]/C
                            (rising edge-triggered cell FDRE clocked by clk_out1_clk_wiz_0  {rise@0.000ns fall@10.000ns period=20.000ns})
  Destination:            inst_olo_intf_sync/RegN_reg[0][5]/D
                            (rising edge-triggered cell FDRE clocked by clk_out1_clk_wiz_0  {rise@0.000ns fall@10.000ns period=20.000ns})
  Path Group:             clk_out1_clk_wiz_0
  Path Type:              Hold (Min at Fast Process Corner)
  Requirement:            0.000ns  (clk_out1_clk_wiz_0 rise@0.000ns - clk_out1_clk_wiz_0 rise@0.000ns)
  Data Path Delay:        0.206ns  (logic 0.141ns (68.336%)  route 0.065ns (31.664%))
  Logic Levels:           0
  Clock Path Skew:        0.000ns (DCD - SCD - CPR)
    Destination Clock Delay (DCD):    -0.167ns
    Source Clock Delay      (SCD):    -0.405ns
    Clock Pessimism Removal (CPR):    0.238ns

    Location             Delay type                Incr(ns)  Path(ns)    Netlist Resource(s)
  -------------------------------------------------------------------    -------------------
                         (clock clk_out1_clk_wiz_0 rise edge)
                                                      0.000     0.000 r
    Y9                                                0.000     0.000 r  PAD_I_CLK (IN)
                         net (fo=0)                   0.000     0.000    inst_CLK_RST_MANAGER/inst_pll/inst/clk_in1
    Y9                   IBUF (Prop_ibuf_I_O)         0.258     0.258 r  inst_CLK_RST_MANAGER/inst_pll/inst/clkin1_ibufg/O
                         net (fo=1, routed)           0.440     0.698    inst_CLK_RST_MANAGER/inst_pll/inst/clk_in1_clk_wiz_0
    PLLE2_ADV_X0Y0       PLLE2_ADV (Prop_plle2_adv_CLKIN1_CLKOUT0)
                                                     -2.384    -1.685 r  inst_CLK_RST_MANAGER/inst_pll/inst/plle2_adv_inst/CLKOUT0
                         net (fo=1, routed)           0.533    -1.152    inst_CLK_RST_MANAGER/inst_pll/inst/clk_out1_clk_wiz_0
    BUFGCTRL_X0Y0        BUFG (Prop_bufg_I_O)         0.026    -1.126 r  inst_CLK_RST_MANAGER/inst_pll/inst/clkout1_buf/O
                         net (fo=597, routed)         0.721    -0.405    inst_olo_intf_sync/Clk
    SLICE_X110Y100       FDRE                                         r  inst_olo_intf_sync/Reg0_reg[5]/C
  -------------------------------------------------------------------    -------------------
    SLICE_X110Y100       FDRE (Prop_fdre_C_Q)         0.141    -0.264 r  inst_olo_intf_sync/Reg0_reg[5]/Q
                         net (fo=1, routed)           0.065    -0.199    inst_olo_intf_sync/Reg0[5]
    SLICE_X110Y100       FDRE                                         r  inst_olo_intf_sync/RegN_reg[0][5]/D
  -------------------------------------------------------------------    -------------------

                         (clock clk_out1_clk_wiz_0 rise edge)
                                                      0.000     0.000 r
    Y9                                                0.000     0.000 r  PAD_I_CLK (IN)
                         net (fo=0)                   0.000     0.000    inst_CLK_RST_MANAGER/inst_pll/inst/clk_in1
    Y9                   IBUF (Prop_ibuf_I_O)         0.446     0.446 r  inst_CLK_RST_MANAGER/inst_pll/inst/clkin1_ibufg/O
                         net (fo=1, routed)           0.481     0.927    inst_CLK_RST_MANAGER/inst_pll/inst/clk_in1_clk_wiz_0
    PLLE2_ADV_X0Y0       PLLE2_ADV (Prop_plle2_adv_CLKIN1_CLKOUT0)
                                                     -2.700    -1.773 r  inst_CLK_RST_MANAGER/inst_pll/inst/plle2_adv_inst/CLKOUT0
                         net (fo=1, routed)           0.580    -1.193    inst_CLK_RST_MANAGER/inst_pll/inst/clk_out1_clk_wiz_0
    BUFGCTRL_X0Y0        BUFG (Prop_bufg_I_O)         0.029    -1.164 r  inst_CLK_RST_MANAGER/inst_pll/inst/clkout1_buf/O
                         net (fo=597, routed)         0.997    -0.167    inst_olo_intf_sync/Clk
    SLICE_X110Y100       FDRE                                         r  inst_olo_intf_sync/RegN_reg[0][5]/C
                         clock pessimism             -0.238    -0.405
    SLICE_X110Y100       FDRE (Hold_fdre_C_D)         0.075    -0.330    inst_olo_intf_sync/RegN_reg[0][5]
  -------------------------------------------------------------------
                         required time                          0.330
                         arrival time                          -0.199
  -------------------------------------------------------------------
                         slack                                  0.131

Slack (MET) :             0.140ns  (arrival time - required time)
  Source:                 inst_vga/inst_olo_base_cc_status/i_bcc/ToggleOutLast_reg[0]/C
                            (rising edge-triggered cell FDRE clocked by clk_out1_clk_wiz_0  {rise@0.000ns fall@10.000ns period=20.000ns})
  Destination:            inst_vga/inst_olo_base_cc_status/VldIn_reg/D
                            (rising edge-triggered cell FDRE clocked by clk_out1_clk_wiz_0  {rise@0.000ns fall@10.000ns period=20.000ns})
  Path Group:             clk_out1_clk_wiz_0
  Path Type:              Hold (Min at Fast Process Corner)
  Requirement:            0.000ns  (clk_out1_clk_wiz_0 rise@0.000ns - clk_out1_clk_wiz_0 rise@0.000ns)
  Data Path Delay:        0.273ns  (logic 0.186ns (68.106%)  route 0.087ns (31.894%))
  Logic Levels:           1  (LUT3=1)
  Clock Path Skew:        0.013ns (DCD - SCD - CPR)
    Destination Clock Delay (DCD):    -0.197ns
    Source Clock Delay      (SCD):    -0.434ns
    Clock Pessimism Removal (CPR):    0.224ns

    Location             Delay type                Incr(ns)  Path(ns)    Netlist Resource(s)
  -------------------------------------------------------------------    -------------------
                         (clock clk_out1_clk_wiz_0 rise edge)
                                                      0.000     0.000 r
    Y9                                                0.000     0.000 r  PAD_I_CLK (IN)
                         net (fo=0)                   0.000     0.000    inst_CLK_RST_MANAGER/inst_pll/inst/clk_in1
    Y9                   IBUF (Prop_ibuf_I_O)         0.258     0.258 r  inst_CLK_RST_MANAGER/inst_pll/inst/clkin1_ibufg/O
                         net (fo=1, routed)           0.440     0.698    inst_CLK_RST_MANAGER/inst_pll/inst/clk_in1_clk_wiz_0
    PLLE2_ADV_X0Y0       PLLE2_ADV (Prop_plle2_adv_CLKIN1_CLKOUT0)
                                                     -2.384    -1.685 r  inst_CLK_RST_MANAGER/inst_pll/inst/plle2_adv_inst/CLKOUT0
                         net (fo=1, routed)           0.533    -1.152    inst_CLK_RST_MANAGER/inst_pll/inst/clk_out1_clk_wiz_0
    BUFGCTRL_X0Y0        BUFG (Prop_bufg_I_O)         0.026    -1.126 r  inst_CLK_RST_MANAGER/inst_pll/inst/clkout1_buf/O
                         net (fo=597, routed)         0.692    -0.434    inst_vga/inst_olo_base_cc_status/i_bcc/CLK
    SLICE_X105Y103       FDRE                                         r  inst_vga/inst_olo_base_cc_status/i_bcc/ToggleOutLast_reg[0]/C
  -------------------------------------------------------------------    -------------------
    SLICE_X105Y103       FDRE (Prop_fdre_C_Q)         0.141    -0.293 r  inst_vga/inst_olo_base_cc_status/i_bcc/ToggleOutLast_reg[0]/Q
                         net (fo=1, routed)           0.087    -0.206    inst_vga/inst_olo_base_cc_status/i_bcc/ToggleOutLast[0]
    SLICE_X104Y103       LUT3 (Prop_lut3_I0_O)        0.045    -0.161 r  inst_vga/inst_olo_base_cc_status/i_bcc/VldIn_i_1/O
                         net (fo=1, routed)           0.000    -0.161    inst_vga/inst_olo_base_cc_status/i_bcc_n_0
    SLICE_X104Y103       FDRE                                         r  inst_vga/inst_olo_base_cc_status/VldIn_reg/D
  -------------------------------------------------------------------    -------------------

                         (clock clk_out1_clk_wiz_0 rise edge)
                                                      0.000     0.000 r
    Y9                                                0.000     0.000 r  PAD_I_CLK (IN)
                         net (fo=0)                   0.000     0.000    inst_CLK_RST_MANAGER/inst_pll/inst/clk_in1
    Y9                   IBUF (Prop_ibuf_I_O)         0.446     0.446 r  inst_CLK_RST_MANAGER/inst_pll/inst/clkin1_ibufg/O
                         net (fo=1, routed)           0.481     0.927    inst_CLK_RST_MANAGER/inst_pll/inst/clk_in1_clk_wiz_0
    PLLE2_ADV_X0Y0       PLLE2_ADV (Prop_plle2_adv_CLKIN1_CLKOUT0)
                                                     -2.700    -1.773 r  inst_CLK_RST_MANAGER/inst_pll/inst/plle2_adv_inst/CLKOUT0
                         net (fo=1, routed)           0.580    -1.193    inst_CLK_RST_MANAGER/inst_pll/inst/clk_out1_clk_wiz_0
    BUFGCTRL_X0Y0        BUFG (Prop_bufg_I_O)         0.029    -1.164 r  inst_CLK_RST_MANAGER/inst_pll/inst/clkout1_buf/O
                         net (fo=597, routed)         0.967    -0.197    inst_vga/inst_olo_base_cc_status/CLK
    SLICE_X104Y103       FDRE                                         r  inst_vga/inst_olo_base_cc_status/VldIn_reg/C
                         clock pessimism             -0.224    -0.421
    SLICE_X104Y103       FDRE (Hold_fdre_C_D)         0.120    -0.301    inst_vga/inst_olo_base_cc_status/VldIn_reg
  -------------------------------------------------------------------
                         required time                          0.301
                         arrival time                          -0.161
  -------------------------------------------------------------------
                         slack                                  0.140

Slack (MET) :             0.153ns  (arrival time - required time)
  Source:                 inst_uart_axi_lite_bridge/M_AXIL_WDATA_reg[23]/C
                            (rising edge-triggered cell FDCE clocked by clk_out1_clk_wiz_0  {rise@0.000ns fall@10.000ns period=20.000ns})
  Destination:            inst_reglock/axil_wdata_reg[23]/D
                            (rising edge-triggered cell FDCE clocked by clk_out1_clk_wiz_0  {rise@0.000ns fall@10.000ns period=20.000ns})
  Path Group:             clk_out1_clk_wiz_0
  Path Type:              Hold (Min at Fast Process Corner)
  Requirement:            0.000ns  (clk_out1_clk_wiz_0 rise@0.000ns - clk_out1_clk_wiz_0 rise@0.000ns)
  Data Path Delay:        0.242ns  (logic 0.141ns (58.263%)  route 0.101ns (41.737%))
  Logic Levels:           0
  Clock Path Skew:        0.014ns (DCD - SCD - CPR)
    Destination Clock Delay (DCD):    -0.173ns
    Source Clock Delay      (SCD):    -0.409ns
    Clock Pessimism Removal (CPR):    0.222ns

    Location             Delay type                Incr(ns)  Path(ns)    Netlist Resource(s)
  -------------------------------------------------------------------    -------------------
                         (clock clk_out1_clk_wiz_0 rise edge)
                                                      0.000     0.000 r
    Y9                                                0.000     0.000 r  PAD_I_CLK (IN)
                         net (fo=0)                   0.000     0.000    inst_CLK_RST_MANAGER/inst_pll/inst/clk_in1
    Y9                   IBUF (Prop_ibuf_I_O)         0.258     0.258 r  inst_CLK_RST_MANAGER/inst_pll/inst/clkin1_ibufg/O
                         net (fo=1, routed)           0.440     0.698    inst_CLK_RST_MANAGER/inst_pll/inst/clk_in1_clk_wiz_0
    PLLE2_ADV_X0Y0       PLLE2_ADV (Prop_plle2_adv_CLKIN1_CLKOUT0)
                                                     -2.384    -1.685 r  inst_CLK_RST_MANAGER/inst_pll/inst/plle2_adv_inst/CLKOUT0
                         net (fo=1, routed)           0.533    -1.152    inst_CLK_RST_MANAGER/inst_pll/inst/clk_out1_clk_wiz_0
    BUFGCTRL_X0Y0        BUFG (Prop_bufg_I_O)         0.026    -1.126 r  inst_CLK_RST_MANAGER/inst_pll/inst/clkout1_buf/O
                         net (fo=597, routed)         0.717    -0.409    inst_uart_axi_lite_bridge/CLK
    SLICE_X113Y112       FDCE                                         r  inst_uart_axi_lite_bridge/M_AXIL_WDATA_reg[23]/C
  -------------------------------------------------------------------    -------------------
    SLICE_X113Y112       FDCE (Prop_fdce_C_Q)         0.141    -0.268 r  inst_uart_axi_lite_bridge/M_AXIL_WDATA_reg[23]/Q
                         net (fo=1, routed)           0.101    -0.167    inst_reglock/axil_wdata_reg[31]_0[23]
    SLICE_X111Y113       FDCE                                         r  inst_reglock/axil_wdata_reg[23]/D
  -------------------------------------------------------------------    -------------------

                         (clock clk_out1_clk_wiz_0 rise edge)
                                                      0.000     0.000 r
    Y9                                                0.000     0.000 r  PAD_I_CLK (IN)
                         net (fo=0)                   0.000     0.000    inst_CLK_RST_MANAGER/inst_pll/inst/clk_in1
    Y9                   IBUF (Prop_ibuf_I_O)         0.446     0.446 r  inst_CLK_RST_MANAGER/inst_pll/inst/clkin1_ibufg/O
                         net (fo=1, routed)           0.481     0.927    inst_CLK_RST_MANAGER/inst_pll/inst/clk_in1_clk_wiz_0
    PLLE2_ADV_X0Y0       PLLE2_ADV (Prop_plle2_adv_CLKIN1_CLKOUT0)
                                                     -2.700    -1.773 r  inst_CLK_RST_MANAGER/inst_pll/inst/plle2_adv_inst/CLKOUT0
                         net (fo=1, routed)           0.580    -1.193    inst_CLK_RST_MANAGER/inst_pll/inst/clk_out1_clk_wiz_0
    BUFGCTRL_X0Y0        BUFG (Prop_bufg_I_O)         0.029    -1.164 r  inst_CLK_RST_MANAGER/inst_pll/inst/clkout1_buf/O
                         net (fo=597, routed)         0.991    -0.173    inst_reglock/CLK
    SLICE_X111Y113       FDCE                                         r  inst_reglock/axil_wdata_reg[23]/C
                         clock pessimism             -0.222    -0.395
    SLICE_X111Y113       FDCE (Hold_fdce_C_D)         0.075    -0.320    inst_reglock/axil_wdata_reg[23]
  -------------------------------------------------------------------
                         required time                          0.320
                         arrival time                          -0.167
  -------------------------------------------------------------------
                         slack                                  0.153

Slack (MET) :             0.154ns  (arrival time - required time)
  Source:                 inst_reglock/axil_resp_buffer_reg[0][rdata][4]/C
                            (rising edge-triggered cell FDCE clocked by clk_out1_clk_wiz_0  {rise@0.000ns fall@10.000ns period=20.000ns})
  Destination:            inst_uart_axi_lite_bridge/data_to_send_reg[4]/D
                            (rising edge-triggered cell FDCE clocked by clk_out1_clk_wiz_0  {rise@0.000ns fall@10.000ns period=20.000ns})
  Path Group:             clk_out1_clk_wiz_0
  Path Type:              Hold (Min at Fast Process Corner)
  Requirement:            0.000ns  (clk_out1_clk_wiz_0 rise@0.000ns - clk_out1_clk_wiz_0 rise@0.000ns)
  Data Path Delay:        0.259ns  (logic 0.209ns (80.663%)  route 0.050ns (19.337%))
  Logic Levels:           1  (LUT4=1)
  Clock Path Skew:        0.013ns (DCD - SCD - CPR)
    Destination Clock Delay (DCD):    -0.199ns
    Source Clock Delay      (SCD):    -0.436ns
    Clock Pessimism Removal (CPR):    0.224ns

    Location             Delay type                Incr(ns)  Path(ns)    Netlist Resource(s)
  -------------------------------------------------------------------    -------------------
                         (clock clk_out1_clk_wiz_0 rise edge)
                                                      0.000     0.000 r
    Y9                                                0.000     0.000 r  PAD_I_CLK (IN)
                         net (fo=0)                   0.000     0.000    inst_CLK_RST_MANAGER/inst_pll/inst/clk_in1
    Y9                   IBUF (Prop_ibuf_I_O)         0.258     0.258 r  inst_CLK_RST_MANAGER/inst_pll/inst/clkin1_ibufg/O
                         net (fo=1, routed)           0.440     0.698    inst_CLK_RST_MANAGER/inst_pll/inst/clk_in1_clk_wiz_0
    PLLE2_ADV_X0Y0       PLLE2_ADV (Prop_plle2_adv_CLKIN1_CLKOUT0)
                                                     -2.384    -1.685 r  inst_CLK_RST_MANAGER/inst_pll/inst/plle2_adv_inst/CLKOUT0
                         net (fo=1, routed)           0.533    -1.152    inst_CLK_RST_MANAGER/inst_pll/inst/clk_out1_clk_wiz_0
    BUFGCTRL_X0Y0        BUFG (Prop_bufg_I_O)         0.026    -1.126 r  inst_CLK_RST_MANAGER/inst_pll/inst/clkout1_buf/O
                         net (fo=597, routed)         0.690    -0.436    inst_reglock/CLK
    SLICE_X104Y110       FDCE                                         r  inst_reglock/axil_resp_buffer_reg[0][rdata][4]/C
  -------------------------------------------------------------------    -------------------
    SLICE_X104Y110       FDCE (Prop_fdce_C_Q)         0.164    -0.272 r  inst_reglock/axil_resp_buffer_reg[0][rdata][4]/Q
                         net (fo=1, routed)           0.050    -0.222    inst_reglock/axil_resp_buffer_reg[0][rdata][4]
    SLICE_X105Y110       LUT4 (Prop_lut4_I3_O)        0.045    -0.177 r  inst_reglock/data_to_send[4]_i_1/O
                         net (fo=1, routed)           0.000    -0.177    inst_uart_axi_lite_bridge/data_to_send_reg[31]_0[4]
    SLICE_X105Y110       FDCE                                         r  inst_uart_axi_lite_bridge/data_to_send_reg[4]/D
  -------------------------------------------------------------------    -------------------

                         (clock clk_out1_clk_wiz_0 rise edge)
                                                      0.000     0.000 r
    Y9                                                0.000     0.000 r  PAD_I_CLK (IN)
                         net (fo=0)                   0.000     0.000    inst_CLK_RST_MANAGER/inst_pll/inst/clk_in1
    Y9                   IBUF (Prop_ibuf_I_O)         0.446     0.446 r  inst_CLK_RST_MANAGER/inst_pll/inst/clkin1_ibufg/O
                         net (fo=1, routed)           0.481     0.927    inst_CLK_RST_MANAGER/inst_pll/inst/clk_in1_clk_wiz_0
    PLLE2_ADV_X0Y0       PLLE2_ADV (Prop_plle2_adv_CLKIN1_CLKOUT0)
                                                     -2.700    -1.773 r  inst_CLK_RST_MANAGER/inst_pll/inst/plle2_adv_inst/CLKOUT0
                         net (fo=1, routed)           0.580    -1.193    inst_CLK_RST_MANAGER/inst_pll/inst/clk_out1_clk_wiz_0
    BUFGCTRL_X0Y0        BUFG (Prop_bufg_I_O)         0.029    -1.164 r  inst_CLK_RST_MANAGER/inst_pll/inst/clkout1_buf/O
                         net (fo=597, routed)         0.965    -0.199    inst_uart_axi_lite_bridge/CLK
    SLICE_X105Y110       FDCE                                         r  inst_uart_axi_lite_bridge/data_to_send_reg[4]/C
                         clock pessimism             -0.224    -0.423
    SLICE_X105Y110       FDCE (Hold_fdce_C_D)         0.092    -0.331    inst_uart_axi_lite_bridge/data_to_send_reg[4]
  -------------------------------------------------------------------
                         required time                          0.331
                         arrival time                          -0.177
  -------------------------------------------------------------------
                         slack                                  0.154

Slack (MET) :             0.160ns  (arrival time - required time)
  Source:                 inst_olo_intf_sync/Reg0_reg[2]/C
                            (rising edge-triggered cell FDRE clocked by clk_out1_clk_wiz_0  {rise@0.000ns fall@10.000ns period=20.000ns})
  Destination:            inst_olo_intf_sync/RegN_reg[0][2]/D
                            (rising edge-triggered cell FDRE clocked by clk_out1_clk_wiz_0  {rise@0.000ns fall@10.000ns period=20.000ns})
  Path Group:             clk_out1_clk_wiz_0
  Path Type:              Hold (Min at Fast Process Corner)
  Requirement:            0.000ns  (clk_out1_clk_wiz_0 rise@0.000ns - clk_out1_clk_wiz_0 rise@0.000ns)
  Data Path Delay:        0.220ns  (logic 0.164ns (74.580%)  route 0.056ns (25.420%))
  Logic Levels:           0
  Clock Path Skew:        0.000ns (DCD - SCD - CPR)
    Destination Clock Delay (DCD):    -0.168ns
    Source Clock Delay      (SCD):    -0.406ns
    Clock Pessimism Removal (CPR):    0.238ns

    Location             Delay type                Incr(ns)  Path(ns)    Netlist Resource(s)
  -------------------------------------------------------------------    -------------------
                         (clock clk_out1_clk_wiz_0 rise edge)
                                                      0.000     0.000 r
    Y9                                                0.000     0.000 r  PAD_I_CLK (IN)
                         net (fo=0)                   0.000     0.000    inst_CLK_RST_MANAGER/inst_pll/inst/clk_in1
    Y9                   IBUF (Prop_ibuf_I_O)         0.258     0.258 r  inst_CLK_RST_MANAGER/inst_pll/inst/clkin1_ibufg/O
                         net (fo=1, routed)           0.440     0.698    inst_CLK_RST_MANAGER/inst_pll/inst/clk_in1_clk_wiz_0
    PLLE2_ADV_X0Y0       PLLE2_ADV (Prop_plle2_adv_CLKIN1_CLKOUT0)
                                                     -2.384    -1.685 r  inst_CLK_RST_MANAGER/inst_pll/inst/plle2_adv_inst/CLKOUT0
                         net (fo=1, routed)           0.533    -1.152    inst_CLK_RST_MANAGER/inst_pll/inst/clk_out1_clk_wiz_0
    BUFGCTRL_X0Y0        BUFG (Prop_bufg_I_O)         0.026    -1.126 r  inst_CLK_RST_MANAGER/inst_pll/inst/clkout1_buf/O
                         net (fo=597, routed)         0.720    -0.406    inst_olo_intf_sync/Clk
    SLICE_X112Y103       FDRE                                         r  inst_olo_intf_sync/Reg0_reg[2]/C
  -------------------------------------------------------------------    -------------------
    SLICE_X112Y103       FDRE (Prop_fdre_C_Q)         0.164    -0.242 r  inst_olo_intf_sync/Reg0_reg[2]/Q
                         net (fo=1, routed)           0.056    -0.186    inst_olo_intf_sync/Reg0[2]
    SLICE_X112Y103       FDRE                                         r  inst_olo_intf_sync/RegN_reg[0][2]/D
  -------------------------------------------------------------------    -------------------

                         (clock clk_out1_clk_wiz_0 rise edge)
                                                      0.000     0.000 r
    Y9                                                0.000     0.000 r  PAD_I_CLK (IN)
                         net (fo=0)                   0.000     0.000    inst_CLK_RST_MANAGER/inst_pll/inst/clk_in1
    Y9                   IBUF (Prop_ibuf_I_O)         0.446     0.446 r  inst_CLK_RST_MANAGER/inst_pll/inst/clkin1_ibufg/O
                         net (fo=1, routed)           0.481     0.927    inst_CLK_RST_MANAGER/inst_pll/inst/clk_in1_clk_wiz_0
    PLLE2_ADV_X0Y0       PLLE2_ADV (Prop_plle2_adv_CLKIN1_CLKOUT0)
                                                     -2.700    -1.773 r  inst_CLK_RST_MANAGER/inst_pll/inst/plle2_adv_inst/CLKOUT0
                         net (fo=1, routed)           0.580    -1.193    inst_CLK_RST_MANAGER/inst_pll/inst/clk_out1_clk_wiz_0
    BUFGCTRL_X0Y0        BUFG (Prop_bufg_I_O)         0.029    -1.164 r  inst_CLK_RST_MANAGER/inst_pll/inst/clkout1_buf/O
                         net (fo=597, routed)         0.996    -0.168    inst_olo_intf_sync/Clk
    SLICE_X112Y103       FDRE                                         r  inst_olo_intf_sync/RegN_reg[0][2]/C
                         clock pessimism             -0.238    -0.406
    SLICE_X112Y103       FDRE (Hold_fdre_C_D)         0.060    -0.346    inst_olo_intf_sync/RegN_reg[0][2]
  -------------------------------------------------------------------
                         required time                          0.346
                         arrival time                          -0.186
  -------------------------------------------------------------------
                         slack                                  0.160





Pulse Width Checks
--------------------------------------------------------------------------------------
Clock Name:         clk_out1_clk_wiz_0
Waveform(ns):       { 0.000 10.000 }
Period(ns):         20.000
Sources:            { inst_CLK_RST_MANAGER/inst_pll/inst/plle2_adv_inst/CLKOUT0 }

Check Type        Corner  Lib Pin            Reference Pin  Required(ns)  Actual(ns)  Slack(ns)  Location        Pin
Min Period        n/a     BUFG/I             n/a            2.155         20.000      17.845     BUFGCTRL_X0Y0   inst_CLK_RST_MANAGER/inst_pll/inst/clkout1_buf/I
Min Period        n/a     PLLE2_ADV/CLKOUT0  n/a            1.249         20.000      18.751     PLLE2_ADV_X0Y0  inst_CLK_RST_MANAGER/inst_pll/inst/plle2_adv_inst/CLKOUT0
Min Period        n/a     FDPE/C             n/a            1.000         20.000      19.000     SLICE_X107Y106  inst_CLK_RST_MANAGER/inst_olo_base_sys_reset_gen/RstSyncChain_reg[0]/C
Min Period        n/a     FDPE/C             n/a            1.000         20.000      19.000     SLICE_X107Y106  inst_CLK_RST_MANAGER/inst_olo_base_sys_reset_gen/RstSyncChain_reg[1]/C
Min Period        n/a     FDPE/C             n/a            1.000         20.000      19.000     SLICE_X107Y106  inst_CLK_RST_MANAGER/inst_olo_base_sys_reset_gen/RstSyncChain_reg[2]/C
Min Period        n/a     FDRE/C             n/a            1.000         20.000      19.000     SLICE_X110Y106  inst_CLK_RST_MANAGER/inst_olo_base_sys_reset_gen/g_sync.DsSync_reg[0]/C
Min Period        n/a     FDRE/C             n/a            1.000         20.000      19.000     SLICE_X110Y106  inst_CLK_RST_MANAGER/inst_olo_base_sys_reset_gen/g_sync.DsSync_reg[1]/C
Min Period        n/a     FDRE/C             n/a            1.000         20.000      19.000     SLICE_X110Y106  inst_CLK_RST_MANAGER/inst_olo_base_sys_reset_gen/g_sync.DsSync_reg[2]/C
Min Period        n/a     FDRE/C             n/a            1.000         20.000      19.000     SLICE_X113Y104  inst_olo_intf_sync/Reg0_reg[0]/C
Min Period        n/a     FDRE/C             n/a            1.000         20.000      19.000     SLICE_X110Y101  inst_olo_intf_sync/Reg0_reg[1]/C
Max Period        n/a     PLLE2_ADV/CLKOUT0  n/a            160.000       20.000      140.000    PLLE2_ADV_X0Y0  inst_CLK_RST_MANAGER/inst_pll/inst/plle2_adv_inst/CLKOUT0
Low Pulse Width   Slow    FDPE/C             n/a            0.500         10.000      9.500      SLICE_X107Y106  inst_CLK_RST_MANAGER/inst_olo_base_sys_reset_gen/RstSyncChain_reg[0]/C
Low Pulse Width   Fast    FDPE/C             n/a            0.500         10.000      9.500      SLICE_X107Y106  inst_CLK_RST_MANAGER/inst_olo_base_sys_reset_gen/RstSyncChain_reg[0]/C
Low Pulse Width   Slow    FDPE/C             n/a            0.500         10.000      9.500      SLICE_X107Y106  inst_CLK_RST_MANAGER/inst_olo_base_sys_reset_gen/RstSyncChain_reg[1]/C
Low Pulse Width   Fast    FDPE/C             n/a            0.500         10.000      9.500      SLICE_X107Y106  inst_CLK_RST_MANAGER/inst_olo_base_sys_reset_gen/RstSyncChain_reg[1]/C
Low Pulse Width   Slow    FDPE/C             n/a            0.500         10.000      9.500      SLICE_X107Y106  inst_CLK_RST_MANAGER/inst_olo_base_sys_reset_gen/RstSyncChain_reg[2]/C
Low Pulse Width   Fast    FDPE/C             n/a            0.500         10.000      9.500      SLICE_X107Y106  inst_CLK_RST_MANAGER/inst_olo_base_sys_reset_gen/RstSyncChain_reg[2]/C
Low Pulse Width   Slow    FDRE/C             n/a            0.500         10.000      9.500      SLICE_X110Y106  inst_CLK_RST_MANAGER/inst_olo_base_sys_reset_gen/g_sync.DsSync_reg[0]/C
Low Pulse Width   Fast    FDRE/C             n/a            0.500         10.000      9.500      SLICE_X110Y106  inst_CLK_RST_MANAGER/inst_olo_base_sys_reset_gen/g_sync.DsSync_reg[0]/C
Low Pulse Width   Slow    FDRE/C             n/a            0.500         10.000      9.500      SLICE_X110Y106  inst_CLK_RST_MANAGER/inst_olo_base_sys_reset_gen/g_sync.DsSync_reg[1]/C
Low Pulse Width   Fast    FDRE/C             n/a            0.500         10.000      9.500      SLICE_X110Y106  inst_CLK_RST_MANAGER/inst_olo_base_sys_reset_gen/g_sync.DsSync_reg[1]/C
High Pulse Width  Slow    FDPE/C             n/a            0.500         10.000      9.500      SLICE_X107Y106  inst_CLK_RST_MANAGER/inst_olo_base_sys_reset_gen/RstSyncChain_reg[0]/C
High Pulse Width  Fast    FDPE/C             n/a            0.500         10.000      9.500      SLICE_X107Y106  inst_CLK_RST_MANAGER/inst_olo_base_sys_reset_gen/RstSyncChain_reg[0]/C
High Pulse Width  Slow    FDPE/C             n/a            0.500         10.000      9.500      SLICE_X107Y106  inst_CLK_RST_MANAGER/inst_olo_base_sys_reset_gen/RstSyncChain_reg[1]/C
High Pulse Width  Fast    FDPE/C             n/a            0.500         10.000      9.500      SLICE_X107Y106  inst_CLK_RST_MANAGER/inst_olo_base_sys_reset_gen/RstSyncChain_reg[1]/C
High Pulse Width  Slow    FDPE/C             n/a            0.500         10.000      9.500      SLICE_X107Y106  inst_CLK_RST_MANAGER/inst_olo_base_sys_reset_gen/RstSyncChain_reg[2]/C
High Pulse Width  Fast    FDPE/C             n/a            0.500         10.000      9.500      SLICE_X107Y106  inst_CLK_RST_MANAGER/inst_olo_base_sys_reset_gen/RstSyncChain_reg[2]/C
High Pulse Width  Slow    FDRE/C             n/a            0.500         10.000      9.500      SLICE_X110Y106  inst_CLK_RST_MANAGER/inst_olo_base_sys_reset_gen/g_sync.DsSync_reg[0]/C
High Pulse Width  Fast    FDRE/C             n/a            0.500         10.000      9.500      SLICE_X110Y106  inst_CLK_RST_MANAGER/inst_olo_base_sys_reset_gen/g_sync.DsSync_reg[0]/C
High Pulse Width  Slow    FDRE/C             n/a            0.500         10.000      9.500      SLICE_X110Y106  inst_CLK_RST_MANAGER/inst_olo_base_sys_reset_gen/g_sync.DsSync_reg[1]/C
High Pulse Width  Fast    FDRE/C             n/a            0.500         10.000      9.500      SLICE_X110Y106  inst_CLK_RST_MANAGER/inst_olo_base_sys_reset_gen/g_sync.DsSync_reg[1]/C



---------------------------------------------------------------------------------------------------
From Clock:  clk_out2_clk_wiz_0
  To Clock:  clk_out2_clk_wiz_0

Setup :            0  Failing Endpoints,  Worst Slack        9.987ns,  Total Violation        0.000ns
Hold  :            0  Failing Endpoints,  Worst Slack        0.056ns,  Total Violation        0.000ns
PW    :            0  Failing Endpoints,  Worst Slack        7.192ns,  Total Violation        0.000ns
---------------------------------------------------------------------------------------------------


Max Delay Paths
--------------------------------------------------------------------------------------
Slack (MET) :             9.987ns  (required time - arrival time)
  Source:                 inst_vga/vertical_count_reg[8]/C
                            (rising edge-triggered cell FDCE clocked by clk_out2_clk_wiz_0  {rise@0.000ns fall@7.692ns period=15.385ns})
  Destination:            inst_vga/O_BLUE_reg[2]/D
                            (rising edge-triggered cell FDCE clocked by clk_out2_clk_wiz_0  {rise@0.000ns fall@7.692ns period=15.385ns})
  Path Group:             clk_out2_clk_wiz_0
  Path Type:              Setup (Max at Slow Process Corner)
  Requirement:            15.385ns  (clk_out2_clk_wiz_0 rise@15.385ns - clk_out2_clk_wiz_0 rise@0.000ns)
  Data Path Delay:        5.129ns  (logic 1.248ns (24.332%)  route 3.881ns (75.668%))
  Logic Levels:           3  (LUT2=1 LUT4=1 LUT6=1)
  Clock Path Skew:        -0.280ns (DCD - SCD + CPR)
    Destination Clock Delay (DCD):    -1.905ns = ( 13.480 - 15.385 )
    Source Clock Delay      (SCD):    -2.139ns
    Clock Pessimism Removal (CPR):    -0.514ns
  Clock Uncertainty:      0.069ns  ((TSJ^2 + DJ^2)^1/2) / 2 + PE
    Total System Jitter     (TSJ):    0.071ns
    Discrete Jitter          (DJ):    0.119ns
    Phase Error              (PE):    0.000ns

    Location             Delay type                Incr(ns)  Path(ns)    Netlist Resource(s)
  -------------------------------------------------------------------    -------------------
                         (clock clk_out2_clk_wiz_0 rise edge)
                                                      0.000     0.000 r
    Y9                                                0.000     0.000 r  PAD_I_CLK (IN)
                         net (fo=0)                   0.000     0.000    inst_CLK_RST_MANAGER/inst_pll/inst/clk_in1
    Y9                   IBUF (Prop_ibuf_I_O)         1.490     1.490 r  inst_CLK_RST_MANAGER/inst_pll/inst/clkin1_ibufg/O
                         net (fo=1, routed)           1.306     2.796    inst_CLK_RST_MANAGER/inst_pll/inst/clk_in1_clk_wiz_0
    PLLE2_ADV_X0Y0       PLLE2_ADV (Prop_plle2_adv_CLKIN1_CLKOUT1)
                                                     -8.866    -6.070 r  inst_CLK_RST_MANAGER/inst_pll/inst/plle2_adv_inst/CLKOUT1
                         net (fo=1, routed)           1.849    -4.221    inst_CLK_RST_MANAGER/inst_pll/inst/clk_out2_clk_wiz_0
    BUFGCTRL_X0Y1        BUFG (Prop_bufg_I_O)         0.101    -4.120 r  inst_CLK_RST_MANAGER/inst_pll/inst/clkout2_buf/O
                         net (fo=73, routed)          1.981    -2.139    inst_vga/RstRqstB2A_reg[2]
    SLICE_X102Y102       FDCE                                         r  inst_vga/vertical_count_reg[8]/C
  -------------------------------------------------------------------    -------------------
    SLICE_X102Y102       FDCE (Prop_fdce_C_Q)         0.478    -1.661 r  inst_vga/vertical_count_reg[8]/Q
                         net (fo=5, routed)           1.162    -0.498    inst_vga/vertical_count_reg[8]
    SLICE_X102Y102       LUT4 (Prop_lut4_I0_O)        0.318    -0.180 r  inst_vga/O_VSYNC_i_2/O
                         net (fo=2, routed)           1.122     0.941    inst_vga/O_VSYNC_i_2_n_0
    SLICE_X103Y99        LUT6 (Prop_lut6_I0_O)        0.328     1.269 f  inst_vga/O_RED[3]_i_2/O
                         net (fo=12, routed)          1.597     2.866    inst_vga/inst_olo_base_cc_status/O_BLUE_reg[0]
    SLICE_X108Y99        LUT2 (Prop_lut2_I1_O)        0.124     2.990 r  inst_vga/inst_olo_base_cc_status/O_BLUE[2]_i_1/O
                         net (fo=1, routed)           0.000     2.990    inst_vga/inst_olo_base_cc_status_n_1
    SLICE_X108Y99        FDCE                                         r  inst_vga/O_BLUE_reg[2]/D
  -------------------------------------------------------------------    -------------------

                         (clock clk_out2_clk_wiz_0 rise edge)
                                                     15.385    15.385 r
    Y9                                                0.000    15.385 r  PAD_I_CLK (IN)
                         net (fo=0)                   0.000    15.385    inst_CLK_RST_MANAGER/inst_pll/inst/clk_in1
    Y9                   IBUF (Prop_ibuf_I_O)         1.420    16.804 r  inst_CLK_RST_MANAGER/inst_pll/inst/clkin1_ibufg/O
                         net (fo=1, routed)           1.181    17.985    inst_CLK_RST_MANAGER/inst_pll/inst/clk_in1_clk_wiz_0
    PLLE2_ADV_X0Y0       PLLE2_ADV (Prop_plle2_adv_CLKIN1_CLKOUT1)
                                                     -7.970    10.016 r  inst_CLK_RST_MANAGER/inst_pll/inst/plle2_adv_inst/CLKOUT1
                         net (fo=1, routed)           1.686    11.702    inst_CLK_RST_MANAGER/inst_pll/inst/clk_out2_clk_wiz_0
    BUFGCTRL_X0Y1        BUFG (Prop_bufg_I_O)         0.091    11.793 r  inst_CLK_RST_MANAGER/inst_pll/inst/clkout2_buf/O
                         net (fo=73, routed)          1.687    13.480    inst_vga/RstRqstB2A_reg[2]
    SLICE_X108Y99        FDCE                                         r  inst_vga/O_BLUE_reg[2]/C
                         clock pessimism             -0.514    12.966
                         clock uncertainty           -0.069    12.897
    SLICE_X108Y99        FDCE (Setup_fdce_C_D)        0.081    12.978    inst_vga/O_BLUE_reg[2]
  -------------------------------------------------------------------
                         required time                         12.978
                         arrival time                          -2.990
  -------------------------------------------------------------------
                         slack                                  9.987

Slack (MET) :             9.996ns  (required time - arrival time)
  Source:                 inst_vga/vertical_count_reg[8]/C
                            (rising edge-triggered cell FDCE clocked by clk_out2_clk_wiz_0  {rise@0.000ns fall@7.692ns period=15.385ns})
  Destination:            inst_vga/O_BLUE_reg[3]/D
                            (rising edge-triggered cell FDCE clocked by clk_out2_clk_wiz_0  {rise@0.000ns fall@7.692ns period=15.385ns})
  Path Group:             clk_out2_clk_wiz_0
  Path Type:              Setup (Max at Slow Process Corner)
  Requirement:            15.385ns  (clk_out2_clk_wiz_0 rise@15.385ns - clk_out2_clk_wiz_0 rise@0.000ns)
  Data Path Delay:        5.157ns  (logic 1.276ns (24.743%)  route 3.881ns (75.257%))
  Logic Levels:           3  (LUT2=1 LUT4=1 LUT6=1)
  Clock Path Skew:        -0.280ns (DCD - SCD + CPR)
    Destination Clock Delay (DCD):    -1.905ns = ( 13.480 - 15.385 )
    Source Clock Delay      (SCD):    -2.139ns
    Clock Pessimism Removal (CPR):    -0.514ns
  Clock Uncertainty:      0.069ns  ((TSJ^2 + DJ^2)^1/2) / 2 + PE
    Total System Jitter     (TSJ):    0.071ns
    Discrete Jitter          (DJ):    0.119ns
    Phase Error              (PE):    0.000ns

    Location             Delay type                Incr(ns)  Path(ns)    Netlist Resource(s)
  -------------------------------------------------------------------    -------------------
                         (clock clk_out2_clk_wiz_0 rise edge)
                                                      0.000     0.000 r
    Y9                                                0.000     0.000 r  PAD_I_CLK (IN)
                         net (fo=0)                   0.000     0.000    inst_CLK_RST_MANAGER/inst_pll/inst/clk_in1
    Y9                   IBUF (Prop_ibuf_I_O)         1.490     1.490 r  inst_CLK_RST_MANAGER/inst_pll/inst/clkin1_ibufg/O
                         net (fo=1, routed)           1.306     2.796    inst_CLK_RST_MANAGER/inst_pll/inst/clk_in1_clk_wiz_0
    PLLE2_ADV_X0Y0       PLLE2_ADV (Prop_plle2_adv_CLKIN1_CLKOUT1)
                                                     -8.866    -6.070 r  inst_CLK_RST_MANAGER/inst_pll/inst/plle2_adv_inst/CLKOUT1
                         net (fo=1, routed)           1.849    -4.221    inst_CLK_RST_MANAGER/inst_pll/inst/clk_out2_clk_wiz_0
    BUFGCTRL_X0Y1        BUFG (Prop_bufg_I_O)         0.101    -4.120 r  inst_CLK_RST_MANAGER/inst_pll/inst/clkout2_buf/O
                         net (fo=73, routed)          1.981    -2.139    inst_vga/RstRqstB2A_reg[2]
    SLICE_X102Y102       FDCE                                         r  inst_vga/vertical_count_reg[8]/C
  -------------------------------------------------------------------    -------------------
    SLICE_X102Y102       FDCE (Prop_fdce_C_Q)         0.478    -1.661 r  inst_vga/vertical_count_reg[8]/Q
                         net (fo=5, routed)           1.162    -0.498    inst_vga/vertical_count_reg[8]
    SLICE_X102Y102       LUT4 (Prop_lut4_I0_O)        0.318    -0.180 r  inst_vga/O_VSYNC_i_2/O
                         net (fo=2, routed)           1.122     0.941    inst_vga/O_VSYNC_i_2_n_0
    SLICE_X103Y99        LUT6 (Prop_lut6_I0_O)        0.328     1.269 f  inst_vga/O_RED[3]_i_2/O
                         net (fo=12, routed)          1.597     2.866    inst_vga/inst_olo_base_cc_status/O_BLUE_reg[0]
    SLICE_X108Y99        LUT2 (Prop_lut2_I1_O)        0.152     3.018 r  inst_vga/inst_olo_base_cc_status/O_BLUE[3]_i_1/O
                         net (fo=1, routed)           0.000     3.018    inst_vga/inst_olo_base_cc_status_n_0
    SLICE_X108Y99        FDCE                                         r  inst_vga/O_BLUE_reg[3]/D
  -------------------------------------------------------------------    -------------------

                         (clock clk_out2_clk_wiz_0 rise edge)
                                                     15.385    15.385 r
    Y9                                                0.000    15.385 r  PAD_I_CLK (IN)
                         net (fo=0)                   0.000    15.385    inst_CLK_RST_MANAGER/inst_pll/inst/clk_in1
    Y9                   IBUF (Prop_ibuf_I_O)         1.420    16.804 r  inst_CLK_RST_MANAGER/inst_pll/inst/clkin1_ibufg/O
                         net (fo=1, routed)           1.181    17.985    inst_CLK_RST_MANAGER/inst_pll/inst/clk_in1_clk_wiz_0
    PLLE2_ADV_X0Y0       PLLE2_ADV (Prop_plle2_adv_CLKIN1_CLKOUT1)
                                                     -7.970    10.016 r  inst_CLK_RST_MANAGER/inst_pll/inst/plle2_adv_inst/CLKOUT1
                         net (fo=1, routed)           1.686    11.702    inst_CLK_RST_MANAGER/inst_pll/inst/clk_out2_clk_wiz_0
    BUFGCTRL_X0Y1        BUFG (Prop_bufg_I_O)         0.091    11.793 r  inst_CLK_RST_MANAGER/inst_pll/inst/clkout2_buf/O
                         net (fo=73, routed)          1.687    13.480    inst_vga/RstRqstB2A_reg[2]
    SLICE_X108Y99        FDCE                                         r  inst_vga/O_BLUE_reg[3]/C
                         clock pessimism             -0.514    12.966
                         clock uncertainty           -0.069    12.897
    SLICE_X108Y99        FDCE (Setup_fdce_C_D)        0.118    13.015    inst_vga/O_BLUE_reg[3]
  -------------------------------------------------------------------
                         required time                         13.015
                         arrival time                          -3.018
  -------------------------------------------------------------------
                         slack                                  9.996

Slack (MET) :             10.362ns  (required time - arrival time)
  Source:                 inst_vga/vertical_count_reg[8]/C
                            (rising edge-triggered cell FDCE clocked by clk_out2_clk_wiz_0  {rise@0.000ns fall@7.692ns period=15.385ns})
  Destination:            inst_vga/O_GREEN_reg[2]/D
                            (rising edge-triggered cell FDCE clocked by clk_out2_clk_wiz_0  {rise@0.000ns fall@7.692ns period=15.385ns})
  Path Group:             clk_out2_clk_wiz_0
  Path Type:              Setup (Max at Slow Process Corner)
  Requirement:            15.385ns  (clk_out2_clk_wiz_0 rise@15.385ns - clk_out2_clk_wiz_0 rise@0.000ns)
  Data Path Delay:        4.752ns  (logic 1.248ns (26.260%)  route 3.504ns (73.740%))
  Logic Levels:           3  (LUT2=1 LUT4=1 LUT6=1)
  Clock Path Skew:        -0.280ns (DCD - SCD + CPR)
    Destination Clock Delay (DCD):    -1.905ns = ( 13.480 - 15.385 )
    Source Clock Delay      (SCD):    -2.139ns
    Clock Pessimism Removal (CPR):    -0.514ns
  Clock Uncertainty:      0.069ns  ((TSJ^2 + DJ^2)^1/2) / 2 + PE
    Total System Jitter     (TSJ):    0.071ns
    Discrete Jitter          (DJ):    0.119ns
    Phase Error              (PE):    0.000ns

    Location             Delay type                Incr(ns)  Path(ns)    Netlist Resource(s)
  -------------------------------------------------------------------    -------------------
                         (clock clk_out2_clk_wiz_0 rise edge)
                                                      0.000     0.000 r
    Y9                                                0.000     0.000 r  PAD_I_CLK (IN)
                         net (fo=0)                   0.000     0.000    inst_CLK_RST_MANAGER/inst_pll/inst/clk_in1
    Y9                   IBUF (Prop_ibuf_I_O)         1.490     1.490 r  inst_CLK_RST_MANAGER/inst_pll/inst/clkin1_ibufg/O
                         net (fo=1, routed)           1.306     2.796    inst_CLK_RST_MANAGER/inst_pll/inst/clk_in1_clk_wiz_0
    PLLE2_ADV_X0Y0       PLLE2_ADV (Prop_plle2_adv_CLKIN1_CLKOUT1)
                                                     -8.866    -6.070 r  inst_CLK_RST_MANAGER/inst_pll/inst/plle2_adv_inst/CLKOUT1
                         net (fo=1, routed)           1.849    -4.221    inst_CLK_RST_MANAGER/inst_pll/inst/clk_out2_clk_wiz_0
    BUFGCTRL_X0Y1        BUFG (Prop_bufg_I_O)         0.101    -4.120 r  inst_CLK_RST_MANAGER/inst_pll/inst/clkout2_buf/O
                         net (fo=73, routed)          1.981    -2.139    inst_vga/RstRqstB2A_reg[2]
    SLICE_X102Y102       FDCE                                         r  inst_vga/vertical_count_reg[8]/C
  -------------------------------------------------------------------    -------------------
    SLICE_X102Y102       FDCE (Prop_fdce_C_Q)         0.478    -1.661 r  inst_vga/vertical_count_reg[8]/Q
                         net (fo=5, routed)           1.162    -0.498    inst_vga/vertical_count_reg[8]
    SLICE_X102Y102       LUT4 (Prop_lut4_I0_O)        0.318    -0.180 r  inst_vga/O_VSYNC_i_2/O
                         net (fo=2, routed)           1.122     0.941    inst_vga/O_VSYNC_i_2_n_0
    SLICE_X103Y99        LUT6 (Prop_lut6_I0_O)        0.328     1.269 f  inst_vga/O_RED[3]_i_2/O
                         net (fo=12, routed)          1.221     2.490    inst_vga/inst_olo_base_cc_status/O_BLUE_reg[0]
    SLICE_X108Y99        LUT2 (Prop_lut2_I1_O)        0.124     2.614 r  inst_vga/inst_olo_base_cc_status/O_GREEN[2]_i_1/O
                         net (fo=1, routed)           0.000     2.614    inst_vga/inst_olo_base_cc_status_n_5
    SLICE_X108Y99        FDCE                                         r  inst_vga/O_GREEN_reg[2]/D
  -------------------------------------------------------------------    -------------------

                         (clock clk_out2_clk_wiz_0 rise edge)
                                                     15.385    15.385 r
    Y9                                                0.000    15.385 r  PAD_I_CLK (IN)
                         net (fo=0)                   0.000    15.385    inst_CLK_RST_MANAGER/inst_pll/inst/clk_in1
    Y9                   IBUF (Prop_ibuf_I_O)         1.420    16.804 r  inst_CLK_RST_MANAGER/inst_pll/inst/clkin1_ibufg/O
                         net (fo=1, routed)           1.181    17.985    inst_CLK_RST_MANAGER/inst_pll/inst/clk_in1_clk_wiz_0
    PLLE2_ADV_X0Y0       PLLE2_ADV (Prop_plle2_adv_CLKIN1_CLKOUT1)
                                                     -7.970    10.016 r  inst_CLK_RST_MANAGER/inst_pll/inst/plle2_adv_inst/CLKOUT1
                         net (fo=1, routed)           1.686    11.702    inst_CLK_RST_MANAGER/inst_pll/inst/clk_out2_clk_wiz_0
    BUFGCTRL_X0Y1        BUFG (Prop_bufg_I_O)         0.091    11.793 r  inst_CLK_RST_MANAGER/inst_pll/inst/clkout2_buf/O
                         net (fo=73, routed)          1.687    13.480    inst_vga/RstRqstB2A_reg[2]
    SLICE_X108Y99        FDCE                                         r  inst_vga/O_GREEN_reg[2]/C
                         clock pessimism             -0.514    12.966
                         clock uncertainty           -0.069    12.897
    SLICE_X108Y99        FDCE (Setup_fdce_C_D)        0.079    12.976    inst_vga/O_GREEN_reg[2]
  -------------------------------------------------------------------
                         required time                         12.976
                         arrival time                          -2.614
  -------------------------------------------------------------------
                         slack                                 10.362

Slack (MET) :             10.376ns  (required time - arrival time)
  Source:                 inst_vga/vertical_count_reg[8]/C
                            (rising edge-triggered cell FDCE clocked by clk_out2_clk_wiz_0  {rise@0.000ns fall@7.692ns period=15.385ns})
  Destination:            inst_vga/O_GREEN_reg[3]/D
                            (rising edge-triggered cell FDCE clocked by clk_out2_clk_wiz_0  {rise@0.000ns fall@7.692ns period=15.385ns})
  Path Group:             clk_out2_clk_wiz_0
  Path Type:              Setup (Max at Slow Process Corner)
  Requirement:            15.385ns  (clk_out2_clk_wiz_0 rise@15.385ns - clk_out2_clk_wiz_0 rise@0.000ns)
  Data Path Delay:        4.777ns  (logic 1.273ns (26.646%)  route 3.504ns (73.354%))
  Logic Levels:           3  (LUT2=1 LUT4=1 LUT6=1)
  Clock Path Skew:        -0.280ns (DCD - SCD + CPR)
    Destination Clock Delay (DCD):    -1.905ns = ( 13.480 - 15.385 )
    Source Clock Delay      (SCD):    -2.139ns
    Clock Pessimism Removal (CPR):    -0.514ns
  Clock Uncertainty:      0.069ns  ((TSJ^2 + DJ^2)^1/2) / 2 + PE
    Total System Jitter     (TSJ):    0.071ns
    Discrete Jitter          (DJ):    0.119ns
    Phase Error              (PE):    0.000ns

    Location             Delay type                Incr(ns)  Path(ns)    Netlist Resource(s)
  -------------------------------------------------------------------    -------------------
                         (clock clk_out2_clk_wiz_0 rise edge)
                                                      0.000     0.000 r
    Y9                                                0.000     0.000 r  PAD_I_CLK (IN)
                         net (fo=0)                   0.000     0.000    inst_CLK_RST_MANAGER/inst_pll/inst/clk_in1
    Y9                   IBUF (Prop_ibuf_I_O)         1.490     1.490 r  inst_CLK_RST_MANAGER/inst_pll/inst/clkin1_ibufg/O
                         net (fo=1, routed)           1.306     2.796    inst_CLK_RST_MANAGER/inst_pll/inst/clk_in1_clk_wiz_0
    PLLE2_ADV_X0Y0       PLLE2_ADV (Prop_plle2_adv_CLKIN1_CLKOUT1)
                                                     -8.866    -6.070 r  inst_CLK_RST_MANAGER/inst_pll/inst/plle2_adv_inst/CLKOUT1
                         net (fo=1, routed)           1.849    -4.221    inst_CLK_RST_MANAGER/inst_pll/inst/clk_out2_clk_wiz_0
    BUFGCTRL_X0Y1        BUFG (Prop_bufg_I_O)         0.101    -4.120 r  inst_CLK_RST_MANAGER/inst_pll/inst/clkout2_buf/O
                         net (fo=73, routed)          1.981    -2.139    inst_vga/RstRqstB2A_reg[2]
    SLICE_X102Y102       FDCE                                         r  inst_vga/vertical_count_reg[8]/C
  -------------------------------------------------------------------    -------------------
    SLICE_X102Y102       FDCE (Prop_fdce_C_Q)         0.478    -1.661 r  inst_vga/vertical_count_reg[8]/Q
                         net (fo=5, routed)           1.162    -0.498    inst_vga/vertical_count_reg[8]
    SLICE_X102Y102       LUT4 (Prop_lut4_I0_O)        0.318    -0.180 r  inst_vga/O_VSYNC_i_2/O
                         net (fo=2, routed)           1.122     0.941    inst_vga/O_VSYNC_i_2_n_0
    SLICE_X103Y99        LUT6 (Prop_lut6_I0_O)        0.328     1.269 f  inst_vga/O_RED[3]_i_2/O
                         net (fo=12, routed)          1.221     2.490    inst_vga/inst_olo_base_cc_status/O_BLUE_reg[0]
    SLICE_X108Y99        LUT2 (Prop_lut2_I1_O)        0.149     2.639 r  inst_vga/inst_olo_base_cc_status/O_GREEN[3]_i_1/O
                         net (fo=1, routed)           0.000     2.639    inst_vga/inst_olo_base_cc_status_n_4
    SLICE_X108Y99        FDCE                                         r  inst_vga/O_GREEN_reg[3]/D
  -------------------------------------------------------------------    -------------------

                         (clock clk_out2_clk_wiz_0 rise edge)
                                                     15.385    15.385 r
    Y9                                                0.000    15.385 r  PAD_I_CLK (IN)
                         net (fo=0)                   0.000    15.385    inst_CLK_RST_MANAGER/inst_pll/inst/clk_in1
    Y9                   IBUF (Prop_ibuf_I_O)         1.420    16.804 r  inst_CLK_RST_MANAGER/inst_pll/inst/clkin1_ibufg/O
                         net (fo=1, routed)           1.181    17.985    inst_CLK_RST_MANAGER/inst_pll/inst/clk_in1_clk_wiz_0
    PLLE2_ADV_X0Y0       PLLE2_ADV (Prop_plle2_adv_CLKIN1_CLKOUT1)
                                                     -7.970    10.016 r  inst_CLK_RST_MANAGER/inst_pll/inst/plle2_adv_inst/CLKOUT1
                         net (fo=1, routed)           1.686    11.702    inst_CLK_RST_MANAGER/inst_pll/inst/clk_out2_clk_wiz_0
    BUFGCTRL_X0Y1        BUFG (Prop_bufg_I_O)         0.091    11.793 r  inst_CLK_RST_MANAGER/inst_pll/inst/clkout2_buf/O
                         net (fo=73, routed)          1.687    13.480    inst_vga/RstRqstB2A_reg[2]
    SLICE_X108Y99        FDCE                                         r  inst_vga/O_GREEN_reg[3]/C
                         clock pessimism             -0.514    12.966
                         clock uncertainty           -0.069    12.897
    SLICE_X108Y99        FDCE (Setup_fdce_C_D)        0.118    13.015    inst_vga/O_GREEN_reg[3]
  -------------------------------------------------------------------
                         required time                         13.015
                         arrival time                          -2.639
  -------------------------------------------------------------------
                         slack                                 10.376

Slack (MET) :             10.379ns  (required time - arrival time)
  Source:                 inst_vga/vertical_count_reg[8]/C
                            (rising edge-triggered cell FDCE clocked by clk_out2_clk_wiz_0  {rise@0.000ns fall@7.692ns period=15.385ns})
  Destination:            inst_vga/O_GREEN_reg[0]/D
                            (rising edge-triggered cell FDCE clocked by clk_out2_clk_wiz_0  {rise@0.000ns fall@7.692ns period=15.385ns})
  Path Group:             clk_out2_clk_wiz_0
  Path Type:              Setup (Max at Slow Process Corner)
  Requirement:            15.385ns  (clk_out2_clk_wiz_0 rise@15.385ns - clk_out2_clk_wiz_0 rise@0.000ns)
  Data Path Delay:        4.735ns  (logic 1.248ns (26.354%)  route 3.487ns (73.646%))
  Logic Levels:           3  (LUT2=1 LUT4=1 LUT6=1)
  Clock Path Skew:        -0.280ns (DCD - SCD + CPR)
    Destination Clock Delay (DCD):    -1.905ns = ( 13.480 - 15.385 )
    Source Clock Delay      (SCD):    -2.139ns
    Clock Pessimism Removal (CPR):    -0.514ns
  Clock Uncertainty:      0.069ns  ((TSJ^2 + DJ^2)^1/2) / 2 + PE
    Total System Jitter     (TSJ):    0.071ns
    Discrete Jitter          (DJ):    0.119ns
    Phase Error              (PE):    0.000ns

    Location             Delay type                Incr(ns)  Path(ns)    Netlist Resource(s)
  -------------------------------------------------------------------    -------------------
                         (clock clk_out2_clk_wiz_0 rise edge)
                                                      0.000     0.000 r
    Y9                                                0.000     0.000 r  PAD_I_CLK (IN)
                         net (fo=0)                   0.000     0.000    inst_CLK_RST_MANAGER/inst_pll/inst/clk_in1
    Y9                   IBUF (Prop_ibuf_I_O)         1.490     1.490 r  inst_CLK_RST_MANAGER/inst_pll/inst/clkin1_ibufg/O
                         net (fo=1, routed)           1.306     2.796    inst_CLK_RST_MANAGER/inst_pll/inst/clk_in1_clk_wiz_0
    PLLE2_ADV_X0Y0       PLLE2_ADV (Prop_plle2_adv_CLKIN1_CLKOUT1)
                                                     -8.866    -6.070 r  inst_CLK_RST_MANAGER/inst_pll/inst/plle2_adv_inst/CLKOUT1
                         net (fo=1, routed)           1.849    -4.221    inst_CLK_RST_MANAGER/inst_pll/inst/clk_out2_clk_wiz_0
    BUFGCTRL_X0Y1        BUFG (Prop_bufg_I_O)         0.101    -4.120 r  inst_CLK_RST_MANAGER/inst_pll/inst/clkout2_buf/O
                         net (fo=73, routed)          1.981    -2.139    inst_vga/RstRqstB2A_reg[2]
    SLICE_X102Y102       FDCE                                         r  inst_vga/vertical_count_reg[8]/C
  -------------------------------------------------------------------    -------------------
    SLICE_X102Y102       FDCE (Prop_fdce_C_Q)         0.478    -1.661 r  inst_vga/vertical_count_reg[8]/Q
                         net (fo=5, routed)           1.162    -0.498    inst_vga/vertical_count_reg[8]
    SLICE_X102Y102       LUT4 (Prop_lut4_I0_O)        0.318    -0.180 r  inst_vga/O_VSYNC_i_2/O
                         net (fo=2, routed)           1.122     0.941    inst_vga/O_VSYNC_i_2_n_0
    SLICE_X103Y99        LUT6 (Prop_lut6_I0_O)        0.328     1.269 f  inst_vga/O_RED[3]_i_2/O
                         net (fo=12, routed)          1.204     2.473    inst_vga/inst_olo_base_cc_status/O_BLUE_reg[0]
    SLICE_X108Y99        LUT2 (Prop_lut2_I1_O)        0.124     2.597 r  inst_vga/inst_olo_base_cc_status/O_GREEN[0]_i_1/O
                         net (fo=1, routed)           0.000     2.597    inst_vga/inst_olo_base_cc_status_n_7
    SLICE_X108Y99        FDCE                                         r  inst_vga/O_GREEN_reg[0]/D
  -------------------------------------------------------------------    -------------------

                         (clock clk_out2_clk_wiz_0 rise edge)
                                                     15.385    15.385 r
    Y9                                                0.000    15.385 r  PAD_I_CLK (IN)
                         net (fo=0)                   0.000    15.385    inst_CLK_RST_MANAGER/inst_pll/inst/clk_in1
    Y9                   IBUF (Prop_ibuf_I_O)         1.420    16.804 r  inst_CLK_RST_MANAGER/inst_pll/inst/clkin1_ibufg/O
                         net (fo=1, routed)           1.181    17.985    inst_CLK_RST_MANAGER/inst_pll/inst/clk_in1_clk_wiz_0
    PLLE2_ADV_X0Y0       PLLE2_ADV (Prop_plle2_adv_CLKIN1_CLKOUT1)
                                                     -7.970    10.016 r  inst_CLK_RST_MANAGER/inst_pll/inst/plle2_adv_inst/CLKOUT1
                         net (fo=1, routed)           1.686    11.702    inst_CLK_RST_MANAGER/inst_pll/inst/clk_out2_clk_wiz_0
    BUFGCTRL_X0Y1        BUFG (Prop_bufg_I_O)         0.091    11.793 r  inst_CLK_RST_MANAGER/inst_pll/inst/clkout2_buf/O
                         net (fo=73, routed)          1.687    13.480    inst_vga/RstRqstB2A_reg[2]
    SLICE_X108Y99        FDCE                                         r  inst_vga/O_GREEN_reg[0]/C
                         clock pessimism             -0.514    12.966
                         clock uncertainty           -0.069    12.897
    SLICE_X108Y99        FDCE (Setup_fdce_C_D)        0.079    12.976    inst_vga/O_GREEN_reg[0]
  -------------------------------------------------------------------
                         required time                         12.976
                         arrival time                          -2.597
  -------------------------------------------------------------------
                         slack                                 10.379

Slack (MET) :             10.389ns  (required time - arrival time)
  Source:                 inst_vga/vertical_count_reg[8]/C
                            (rising edge-triggered cell FDCE clocked by clk_out2_clk_wiz_0  {rise@0.000ns fall@7.692ns period=15.385ns})
  Destination:            inst_vga/O_GREEN_reg[1]/D
                            (rising edge-triggered cell FDCE clocked by clk_out2_clk_wiz_0  {rise@0.000ns fall@7.692ns period=15.385ns})
  Path Group:             clk_out2_clk_wiz_0
  Path Type:              Setup (Max at Slow Process Corner)
  Requirement:            15.385ns  (clk_out2_clk_wiz_0 rise@15.385ns - clk_out2_clk_wiz_0 rise@0.000ns)
  Data Path Delay:        4.764ns  (logic 1.277ns (26.803%)  route 3.487ns (73.197%))
  Logic Levels:           3  (LUT2=1 LUT4=1 LUT6=1)
  Clock Path Skew:        -0.280ns (DCD - SCD + CPR)
    Destination Clock Delay (DCD):    -1.905ns = ( 13.480 - 15.385 )
    Source Clock Delay      (SCD):    -2.139ns
    Clock Pessimism Removal (CPR):    -0.514ns
  Clock Uncertainty:      0.069ns  ((TSJ^2 + DJ^2)^1/2) / 2 + PE
    Total System Jitter     (TSJ):    0.071ns
    Discrete Jitter          (DJ):    0.119ns
    Phase Error              (PE):    0.000ns

    Location             Delay type                Incr(ns)  Path(ns)    Netlist Resource(s)
  -------------------------------------------------------------------    -------------------
                         (clock clk_out2_clk_wiz_0 rise edge)
                                                      0.000     0.000 r
    Y9                                                0.000     0.000 r  PAD_I_CLK (IN)
                         net (fo=0)                   0.000     0.000    inst_CLK_RST_MANAGER/inst_pll/inst/clk_in1
    Y9                   IBUF (Prop_ibuf_I_O)         1.490     1.490 r  inst_CLK_RST_MANAGER/inst_pll/inst/clkin1_ibufg/O
                         net (fo=1, routed)           1.306     2.796    inst_CLK_RST_MANAGER/inst_pll/inst/clk_in1_clk_wiz_0
    PLLE2_ADV_X0Y0       PLLE2_ADV (Prop_plle2_adv_CLKIN1_CLKOUT1)
                                                     -8.866    -6.070 r  inst_CLK_RST_MANAGER/inst_pll/inst/plle2_adv_inst/CLKOUT1
                         net (fo=1, routed)           1.849    -4.221    inst_CLK_RST_MANAGER/inst_pll/inst/clk_out2_clk_wiz_0
    BUFGCTRL_X0Y1        BUFG (Prop_bufg_I_O)         0.101    -4.120 r  inst_CLK_RST_MANAGER/inst_pll/inst/clkout2_buf/O
                         net (fo=73, routed)          1.981    -2.139    inst_vga/RstRqstB2A_reg[2]
    SLICE_X102Y102       FDCE                                         r  inst_vga/vertical_count_reg[8]/C
  -------------------------------------------------------------------    -------------------
    SLICE_X102Y102       FDCE (Prop_fdce_C_Q)         0.478    -1.661 r  inst_vga/vertical_count_reg[8]/Q
                         net (fo=5, routed)           1.162    -0.498    inst_vga/vertical_count_reg[8]
    SLICE_X102Y102       LUT4 (Prop_lut4_I0_O)        0.318    -0.180 r  inst_vga/O_VSYNC_i_2/O
                         net (fo=2, routed)           1.122     0.941    inst_vga/O_VSYNC_i_2_n_0
    SLICE_X103Y99        LUT6 (Prop_lut6_I0_O)        0.328     1.269 f  inst_vga/O_RED[3]_i_2/O
                         net (fo=12, routed)          1.204     2.473    inst_vga/inst_olo_base_cc_status/O_BLUE_reg[0]
    SLICE_X108Y99        LUT2 (Prop_lut2_I1_O)        0.153     2.626 r  inst_vga/inst_olo_base_cc_status/O_GREEN[1]_i_1/O
                         net (fo=1, routed)           0.000     2.626    inst_vga/inst_olo_base_cc_status_n_6
    SLICE_X108Y99        FDCE                                         r  inst_vga/O_GREEN_reg[1]/D
  -------------------------------------------------------------------    -------------------

                         (clock clk_out2_clk_wiz_0 rise edge)
                                                     15.385    15.385 r
    Y9                                                0.000    15.385 r  PAD_I_CLK (IN)
                         net (fo=0)                   0.000    15.385    inst_CLK_RST_MANAGER/inst_pll/inst/clk_in1
    Y9                   IBUF (Prop_ibuf_I_O)         1.420    16.804 r  inst_CLK_RST_MANAGER/inst_pll/inst/clkin1_ibufg/O
                         net (fo=1, routed)           1.181    17.985    inst_CLK_RST_MANAGER/inst_pll/inst/clk_in1_clk_wiz_0
    PLLE2_ADV_X0Y0       PLLE2_ADV (Prop_plle2_adv_CLKIN1_CLKOUT1)
                                                     -7.970    10.016 r  inst_CLK_RST_MANAGER/inst_pll/inst/plle2_adv_inst/CLKOUT1
                         net (fo=1, routed)           1.686    11.702    inst_CLK_RST_MANAGER/inst_pll/inst/clk_out2_clk_wiz_0
    BUFGCTRL_X0Y1        BUFG (Prop_bufg_I_O)         0.091    11.793 r  inst_CLK_RST_MANAGER/inst_pll/inst/clkout2_buf/O
                         net (fo=73, routed)          1.687    13.480    inst_vga/RstRqstB2A_reg[2]
    SLICE_X108Y99        FDCE                                         r  inst_vga/O_GREEN_reg[1]/C
                         clock pessimism             -0.514    12.966
                         clock uncertainty           -0.069    12.897
    SLICE_X108Y99        FDCE (Setup_fdce_C_D)        0.118    13.015    inst_vga/O_GREEN_reg[1]
  -------------------------------------------------------------------
                         required time                         13.015
                         arrival time                          -2.626
  -------------------------------------------------------------------
                         slack                                 10.389

Slack (MET) :             10.586ns  (required time - arrival time)
  Source:                 inst_vga/vertical_count_reg[8]/C
                            (rising edge-triggered cell FDCE clocked by clk_out2_clk_wiz_0  {rise@0.000ns fall@7.692ns period=15.385ns})
  Destination:            inst_vga/O_BLUE_reg[0]/D
                            (rising edge-triggered cell FDCE clocked by clk_out2_clk_wiz_0  {rise@0.000ns fall@7.692ns period=15.385ns})
  Path Group:             clk_out2_clk_wiz_0
  Path Type:              Setup (Max at Slow Process Corner)
  Requirement:            15.385ns  (clk_out2_clk_wiz_0 rise@15.385ns - clk_out2_clk_wiz_0 rise@0.000ns)
  Data Path Delay:        4.526ns  (logic 1.248ns (27.573%)  route 3.278ns (72.427%))
  Logic Levels:           3  (LUT2=1 LUT4=1 LUT6=1)
  Clock Path Skew:        -0.280ns (DCD - SCD + CPR)
    Destination Clock Delay (DCD):    -1.905ns = ( 13.480 - 15.385 )
    Source Clock Delay      (SCD):    -2.139ns
    Clock Pessimism Removal (CPR):    -0.514ns
  Clock Uncertainty:      0.069ns  ((TSJ^2 + DJ^2)^1/2) / 2 + PE
    Total System Jitter     (TSJ):    0.071ns
    Discrete Jitter          (DJ):    0.119ns
    Phase Error              (PE):    0.000ns

    Location             Delay type                Incr(ns)  Path(ns)    Netlist Resource(s)
  -------------------------------------------------------------------    -------------------
                         (clock clk_out2_clk_wiz_0 rise edge)
                                                      0.000     0.000 r
    Y9                                                0.000     0.000 r  PAD_I_CLK (IN)
                         net (fo=0)                   0.000     0.000    inst_CLK_RST_MANAGER/inst_pll/inst/clk_in1
    Y9                   IBUF (Prop_ibuf_I_O)         1.490     1.490 r  inst_CLK_RST_MANAGER/inst_pll/inst/clkin1_ibufg/O
                         net (fo=1, routed)           1.306     2.796    inst_CLK_RST_MANAGER/inst_pll/inst/clk_in1_clk_wiz_0
    PLLE2_ADV_X0Y0       PLLE2_ADV (Prop_plle2_adv_CLKIN1_CLKOUT1)
                                                     -8.866    -6.070 r  inst_CLK_RST_MANAGER/inst_pll/inst/plle2_adv_inst/CLKOUT1
                         net (fo=1, routed)           1.849    -4.221    inst_CLK_RST_MANAGER/inst_pll/inst/clk_out2_clk_wiz_0
    BUFGCTRL_X0Y1        BUFG (Prop_bufg_I_O)         0.101    -4.120 r  inst_CLK_RST_MANAGER/inst_pll/inst/clkout2_buf/O
                         net (fo=73, routed)          1.981    -2.139    inst_vga/RstRqstB2A_reg[2]
    SLICE_X102Y102       FDCE                                         r  inst_vga/vertical_count_reg[8]/C
  -------------------------------------------------------------------    -------------------
    SLICE_X102Y102       FDCE (Prop_fdce_C_Q)         0.478    -1.661 r  inst_vga/vertical_count_reg[8]/Q
                         net (fo=5, routed)           1.162    -0.498    inst_vga/vertical_count_reg[8]
    SLICE_X102Y102       LUT4 (Prop_lut4_I0_O)        0.318    -0.180 r  inst_vga/O_VSYNC_i_2/O
                         net (fo=2, routed)           1.122     0.941    inst_vga/O_VSYNC_i_2_n_0
    SLICE_X103Y99        LUT6 (Prop_lut6_I0_O)        0.328     1.269 f  inst_vga/O_RED[3]_i_2/O
                         net (fo=12, routed)          0.994     2.264    inst_vga/inst_olo_base_cc_status/O_BLUE_reg[0]
    SLICE_X108Y99        LUT2 (Prop_lut2_I1_O)        0.124     2.388 r  inst_vga/inst_olo_base_cc_status/O_BLUE[0]_i_1/O
                         net (fo=1, routed)           0.000     2.388    inst_vga/inst_olo_base_cc_status_n_3
    SLICE_X108Y99        FDCE                                         r  inst_vga/O_BLUE_reg[0]/D
  -------------------------------------------------------------------    -------------------

                         (clock clk_out2_clk_wiz_0 rise edge)
                                                     15.385    15.385 r
    Y9                                                0.000    15.385 r  PAD_I_CLK (IN)
                         net (fo=0)                   0.000    15.385    inst_CLK_RST_MANAGER/inst_pll/inst/clk_in1
    Y9                   IBUF (Prop_ibuf_I_O)         1.420    16.804 r  inst_CLK_RST_MANAGER/inst_pll/inst/clkin1_ibufg/O
                         net (fo=1, routed)           1.181    17.985    inst_CLK_RST_MANAGER/inst_pll/inst/clk_in1_clk_wiz_0
    PLLE2_ADV_X0Y0       PLLE2_ADV (Prop_plle2_adv_CLKIN1_CLKOUT1)
                                                     -7.970    10.016 r  inst_CLK_RST_MANAGER/inst_pll/inst/plle2_adv_inst/CLKOUT1
                         net (fo=1, routed)           1.686    11.702    inst_CLK_RST_MANAGER/inst_pll/inst/clk_out2_clk_wiz_0
    BUFGCTRL_X0Y1        BUFG (Prop_bufg_I_O)         0.091    11.793 r  inst_CLK_RST_MANAGER/inst_pll/inst/clkout2_buf/O
                         net (fo=73, routed)          1.687    13.480    inst_vga/RstRqstB2A_reg[2]
    SLICE_X108Y99        FDCE                                         r  inst_vga/O_BLUE_reg[0]/C
                         clock pessimism             -0.514    12.966
                         clock uncertainty           -0.069    12.897
    SLICE_X108Y99        FDCE (Setup_fdce_C_D)        0.077    12.974    inst_vga/O_BLUE_reg[0]
  -------------------------------------------------------------------
                         required time                         12.974
                         arrival time                          -2.388
  -------------------------------------------------------------------
                         slack                                 10.586

Slack (MET) :             10.601ns  (required time - arrival time)
  Source:                 inst_vga/vertical_count_reg[8]/C
                            (rising edge-triggered cell FDCE clocked by clk_out2_clk_wiz_0  {rise@0.000ns fall@7.692ns period=15.385ns})
  Destination:            inst_vga/O_BLUE_reg[1]/D
                            (rising edge-triggered cell FDCE clocked by clk_out2_clk_wiz_0  {rise@0.000ns fall@7.692ns period=15.385ns})
  Path Group:             clk_out2_clk_wiz_0
  Path Type:              Setup (Max at Slow Process Corner)
  Requirement:            15.385ns  (clk_out2_clk_wiz_0 rise@15.385ns - clk_out2_clk_wiz_0 rise@0.000ns)
  Data Path Delay:        4.552ns  (logic 1.274ns (27.986%)  route 3.278ns (72.014%))
  Logic Levels:           3  (LUT2=1 LUT4=1 LUT6=1)
  Clock Path Skew:        -0.280ns (DCD - SCD + CPR)
    Destination Clock Delay (DCD):    -1.905ns = ( 13.480 - 15.385 )
    Source Clock Delay      (SCD):    -2.139ns
    Clock Pessimism Removal (CPR):    -0.514ns
  Clock Uncertainty:      0.069ns  ((TSJ^2 + DJ^2)^1/2) / 2 + PE
    Total System Jitter     (TSJ):    0.071ns
    Discrete Jitter          (DJ):    0.119ns
    Phase Error              (PE):    0.000ns

    Location             Delay type                Incr(ns)  Path(ns)    Netlist Resource(s)
  -------------------------------------------------------------------    -------------------
                         (clock clk_out2_clk_wiz_0 rise edge)
                                                      0.000     0.000 r
    Y9                                                0.000     0.000 r  PAD_I_CLK (IN)
                         net (fo=0)                   0.000     0.000    inst_CLK_RST_MANAGER/inst_pll/inst/clk_in1
    Y9                   IBUF (Prop_ibuf_I_O)         1.490     1.490 r  inst_CLK_RST_MANAGER/inst_pll/inst/clkin1_ibufg/O
                         net (fo=1, routed)           1.306     2.796    inst_CLK_RST_MANAGER/inst_pll/inst/clk_in1_clk_wiz_0
    PLLE2_ADV_X0Y0       PLLE2_ADV (Prop_plle2_adv_CLKIN1_CLKOUT1)
                                                     -8.866    -6.070 r  inst_CLK_RST_MANAGER/inst_pll/inst/plle2_adv_inst/CLKOUT1
                         net (fo=1, routed)           1.849    -4.221    inst_CLK_RST_MANAGER/inst_pll/inst/clk_out2_clk_wiz_0
    BUFGCTRL_X0Y1        BUFG (Prop_bufg_I_O)         0.101    -4.120 r  inst_CLK_RST_MANAGER/inst_pll/inst/clkout2_buf/O
                         net (fo=73, routed)          1.981    -2.139    inst_vga/RstRqstB2A_reg[2]
    SLICE_X102Y102       FDCE                                         r  inst_vga/vertical_count_reg[8]/C
  -------------------------------------------------------------------    -------------------
    SLICE_X102Y102       FDCE (Prop_fdce_C_Q)         0.478    -1.661 r  inst_vga/vertical_count_reg[8]/Q
                         net (fo=5, routed)           1.162    -0.498    inst_vga/vertical_count_reg[8]
    SLICE_X102Y102       LUT4 (Prop_lut4_I0_O)        0.318    -0.180 r  inst_vga/O_VSYNC_i_2/O
                         net (fo=2, routed)           1.122     0.941    inst_vga/O_VSYNC_i_2_n_0
    SLICE_X103Y99        LUT6 (Prop_lut6_I0_O)        0.328     1.269 f  inst_vga/O_RED[3]_i_2/O
                         net (fo=12, routed)          0.994     2.264    inst_vga/inst_olo_base_cc_status/O_BLUE_reg[0]
    SLICE_X108Y99        LUT2 (Prop_lut2_I1_O)        0.150     2.414 r  inst_vga/inst_olo_base_cc_status/O_BLUE[1]_i_1/O
                         net (fo=1, routed)           0.000     2.414    inst_vga/inst_olo_base_cc_status_n_2
    SLICE_X108Y99        FDCE                                         r  inst_vga/O_BLUE_reg[1]/D
  -------------------------------------------------------------------    -------------------

                         (clock clk_out2_clk_wiz_0 rise edge)
                                                     15.385    15.385 r
    Y9                                                0.000    15.385 r  PAD_I_CLK (IN)
                         net (fo=0)                   0.000    15.385    inst_CLK_RST_MANAGER/inst_pll/inst/clk_in1
    Y9                   IBUF (Prop_ibuf_I_O)         1.420    16.804 r  inst_CLK_RST_MANAGER/inst_pll/inst/clkin1_ibufg/O
                         net (fo=1, routed)           1.181    17.985    inst_CLK_RST_MANAGER/inst_pll/inst/clk_in1_clk_wiz_0
    PLLE2_ADV_X0Y0       PLLE2_ADV (Prop_plle2_adv_CLKIN1_CLKOUT1)
                                                     -7.970    10.016 r  inst_CLK_RST_MANAGER/inst_pll/inst/plle2_adv_inst/CLKOUT1
                         net (fo=1, routed)           1.686    11.702    inst_CLK_RST_MANAGER/inst_pll/inst/clk_out2_clk_wiz_0
    BUFGCTRL_X0Y1        BUFG (Prop_bufg_I_O)         0.091    11.793 r  inst_CLK_RST_MANAGER/inst_pll/inst/clkout2_buf/O
                         net (fo=73, routed)          1.687    13.480    inst_vga/RstRqstB2A_reg[2]
    SLICE_X108Y99        FDCE                                         r  inst_vga/O_BLUE_reg[1]/C
                         clock pessimism             -0.514    12.966
                         clock uncertainty           -0.069    12.897
    SLICE_X108Y99        FDCE (Setup_fdce_C_D)        0.118    13.015    inst_vga/O_BLUE_reg[1]
  -------------------------------------------------------------------
                         required time                         13.015
                         arrival time                          -2.414
  -------------------------------------------------------------------
                         slack                                 10.601

Slack (MET) :             10.869ns  (required time - arrival time)
  Source:                 inst_vga/vertical_count_reg[8]/C
                            (rising edge-triggered cell FDCE clocked by clk_out2_clk_wiz_0  {rise@0.000ns fall@7.692ns period=15.385ns})
  Destination:            inst_vga/O_RED_reg[2]/D
                            (rising edge-triggered cell FDCE clocked by clk_out2_clk_wiz_0  {rise@0.000ns fall@7.692ns period=15.385ns})
  Path Group:             clk_out2_clk_wiz_0
  Path Type:              Setup (Max at Slow Process Corner)
  Requirement:            15.385ns  (clk_out2_clk_wiz_0 rise@15.385ns - clk_out2_clk_wiz_0 rise@0.000ns)
  Data Path Delay:        4.197ns  (logic 1.248ns (29.733%)  route 2.949ns (70.267%))
  Logic Levels:           3  (LUT2=1 LUT4=1 LUT6=1)
  Clock Path Skew:        -0.280ns (DCD - SCD + CPR)
    Destination Clock Delay (DCD):    -1.905ns = ( 13.480 - 15.385 )
    Source Clock Delay      (SCD):    -2.139ns
    Clock Pessimism Removal (CPR):    -0.514ns
  Clock Uncertainty:      0.069ns  ((TSJ^2 + DJ^2)^1/2) / 2 + PE
    Total System Jitter     (TSJ):    0.071ns
    Discrete Jitter          (DJ):    0.119ns
    Phase Error              (PE):    0.000ns

    Location             Delay type                Incr(ns)  Path(ns)    Netlist Resource(s)
  -------------------------------------------------------------------    -------------------
                         (clock clk_out2_clk_wiz_0 rise edge)
                                                      0.000     0.000 r
    Y9                                                0.000     0.000 r  PAD_I_CLK (IN)
                         net (fo=0)                   0.000     0.000    inst_CLK_RST_MANAGER/inst_pll/inst/clk_in1
    Y9                   IBUF (Prop_ibuf_I_O)         1.490     1.490 r  inst_CLK_RST_MANAGER/inst_pll/inst/clkin1_ibufg/O
                         net (fo=1, routed)           1.306     2.796    inst_CLK_RST_MANAGER/inst_pll/inst/clk_in1_clk_wiz_0
    PLLE2_ADV_X0Y0       PLLE2_ADV (Prop_plle2_adv_CLKIN1_CLKOUT1)
                                                     -8.866    -6.070 r  inst_CLK_RST_MANAGER/inst_pll/inst/plle2_adv_inst/CLKOUT1
                         net (fo=1, routed)           1.849    -4.221    inst_CLK_RST_MANAGER/inst_pll/inst/clk_out2_clk_wiz_0
    BUFGCTRL_X0Y1        BUFG (Prop_bufg_I_O)         0.101    -4.120 r  inst_CLK_RST_MANAGER/inst_pll/inst/clkout2_buf/O
                         net (fo=73, routed)          1.981    -2.139    inst_vga/RstRqstB2A_reg[2]
    SLICE_X102Y102       FDCE                                         r  inst_vga/vertical_count_reg[8]/C
  -------------------------------------------------------------------    -------------------
    SLICE_X102Y102       FDCE (Prop_fdce_C_Q)         0.478    -1.661 r  inst_vga/vertical_count_reg[8]/Q
                         net (fo=5, routed)           1.162    -0.498    inst_vga/vertical_count_reg[8]
    SLICE_X102Y102       LUT4 (Prop_lut4_I0_O)        0.318    -0.180 r  inst_vga/O_VSYNC_i_2/O
                         net (fo=2, routed)           1.122     0.941    inst_vga/O_VSYNC_i_2_n_0
    SLICE_X103Y99        LUT6 (Prop_lut6_I0_O)        0.328     1.269 f  inst_vga/O_RED[3]_i_2/O
                         net (fo=12, routed)          0.665     1.935    inst_vga/inst_olo_base_cc_status/O_BLUE_reg[0]
    SLICE_X107Y99        LUT2 (Prop_lut2_I1_O)        0.124     2.059 r  inst_vga/inst_olo_base_cc_status/O_RED[2]_i_1/O
                         net (fo=1, routed)           0.000     2.059    inst_vga/inst_olo_base_cc_status_n_9
    SLICE_X107Y99        FDCE                                         r  inst_vga/O_RED_reg[2]/D
  -------------------------------------------------------------------    -------------------

                         (clock clk_out2_clk_wiz_0 rise edge)
                                                     15.385    15.385 r
    Y9                                                0.000    15.385 r  PAD_I_CLK (IN)
                         net (fo=0)                   0.000    15.385    inst_CLK_RST_MANAGER/inst_pll/inst/clk_in1
    Y9                   IBUF (Prop_ibuf_I_O)         1.420    16.804 r  inst_CLK_RST_MANAGER/inst_pll/inst/clkin1_ibufg/O
                         net (fo=1, routed)           1.181    17.985    inst_CLK_RST_MANAGER/inst_pll/inst/clk_in1_clk_wiz_0
    PLLE2_ADV_X0Y0       PLLE2_ADV (Prop_plle2_adv_CLKIN1_CLKOUT1)
                                                     -7.970    10.016 r  inst_CLK_RST_MANAGER/inst_pll/inst/plle2_adv_inst/CLKOUT1
                         net (fo=1, routed)           1.686    11.702    inst_CLK_RST_MANAGER/inst_pll/inst/clk_out2_clk_wiz_0
    BUFGCTRL_X0Y1        BUFG (Prop_bufg_I_O)         0.091    11.793 r  inst_CLK_RST_MANAGER/inst_pll/inst/clkout2_buf/O
                         net (fo=73, routed)          1.687    13.480    inst_vga/RstRqstB2A_reg[2]
    SLICE_X107Y99        FDCE                                         r  inst_vga/O_RED_reg[2]/C
                         clock pessimism             -0.514    12.966
                         clock uncertainty           -0.069    12.897
    SLICE_X107Y99        FDCE (Setup_fdce_C_D)        0.031    12.928    inst_vga/O_RED_reg[2]
  -------------------------------------------------------------------
                         required time                         12.928
                         arrival time                          -2.059
  -------------------------------------------------------------------
                         slack                                 10.869

Slack (MET) :             10.871ns  (required time - arrival time)
  Source:                 inst_vga/vertical_count_reg[8]/C
                            (rising edge-triggered cell FDCE clocked by clk_out2_clk_wiz_0  {rise@0.000ns fall@7.692ns period=15.385ns})
  Destination:            inst_vga/O_RED_reg[0]/D
                            (rising edge-triggered cell FDCE clocked by clk_out2_clk_wiz_0  {rise@0.000ns fall@7.692ns period=15.385ns})
  Path Group:             clk_out2_clk_wiz_0
  Path Type:              Setup (Max at Slow Process Corner)
  Requirement:            15.385ns  (clk_out2_clk_wiz_0 rise@15.385ns - clk_out2_clk_wiz_0 rise@0.000ns)
  Data Path Delay:        4.193ns  (logic 1.248ns (29.762%)  route 2.945ns (70.238%))
  Logic Levels:           3  (LUT2=1 LUT4=1 LUT6=1)
  Clock Path Skew:        -0.280ns (DCD - SCD + CPR)
    Destination Clock Delay (DCD):    -1.905ns = ( 13.480 - 15.385 )
    Source Clock Delay      (SCD):    -2.139ns
    Clock Pessimism Removal (CPR):    -0.514ns
  Clock Uncertainty:      0.069ns  ((TSJ^2 + DJ^2)^1/2) / 2 + PE
    Total System Jitter     (TSJ):    0.071ns
    Discrete Jitter          (DJ):    0.119ns
    Phase Error              (PE):    0.000ns

    Location             Delay type                Incr(ns)  Path(ns)    Netlist Resource(s)
  -------------------------------------------------------------------    -------------------
                         (clock clk_out2_clk_wiz_0 rise edge)
                                                      0.000     0.000 r
    Y9                                                0.000     0.000 r  PAD_I_CLK (IN)
                         net (fo=0)                   0.000     0.000    inst_CLK_RST_MANAGER/inst_pll/inst/clk_in1
    Y9                   IBUF (Prop_ibuf_I_O)         1.490     1.490 r  inst_CLK_RST_MANAGER/inst_pll/inst/clkin1_ibufg/O
                         net (fo=1, routed)           1.306     2.796    inst_CLK_RST_MANAGER/inst_pll/inst/clk_in1_clk_wiz_0
    PLLE2_ADV_X0Y0       PLLE2_ADV (Prop_plle2_adv_CLKIN1_CLKOUT1)
                                                     -8.866    -6.070 r  inst_CLK_RST_MANAGER/inst_pll/inst/plle2_adv_inst/CLKOUT1
                         net (fo=1, routed)           1.849    -4.221    inst_CLK_RST_MANAGER/inst_pll/inst/clk_out2_clk_wiz_0
    BUFGCTRL_X0Y1        BUFG (Prop_bufg_I_O)         0.101    -4.120 r  inst_CLK_RST_MANAGER/inst_pll/inst/clkout2_buf/O
                         net (fo=73, routed)          1.981    -2.139    inst_vga/RstRqstB2A_reg[2]
    SLICE_X102Y102       FDCE                                         r  inst_vga/vertical_count_reg[8]/C
  -------------------------------------------------------------------    -------------------
    SLICE_X102Y102       FDCE (Prop_fdce_C_Q)         0.478    -1.661 r  inst_vga/vertical_count_reg[8]/Q
                         net (fo=5, routed)           1.162    -0.498    inst_vga/vertical_count_reg[8]
    SLICE_X102Y102       LUT4 (Prop_lut4_I0_O)        0.318    -0.180 r  inst_vga/O_VSYNC_i_2/O
                         net (fo=2, routed)           1.122     0.941    inst_vga/O_VSYNC_i_2_n_0
    SLICE_X103Y99        LUT6 (Prop_lut6_I0_O)        0.328     1.269 f  inst_vga/O_RED[3]_i_2/O
                         net (fo=12, routed)          0.661     1.931    inst_vga/inst_olo_base_cc_status/O_BLUE_reg[0]
    SLICE_X107Y99        LUT2 (Prop_lut2_I1_O)        0.124     2.055 r  inst_vga/inst_olo_base_cc_status/O_RED[0]_i_1/O
                         net (fo=1, routed)           0.000     2.055    inst_vga/inst_olo_base_cc_status_n_11
    SLICE_X107Y99        FDCE                                         r  inst_vga/O_RED_reg[0]/D
  -------------------------------------------------------------------    -------------------

                         (clock clk_out2_clk_wiz_0 rise edge)
                                                     15.385    15.385 r
    Y9                                                0.000    15.385 r  PAD_I_CLK (IN)
                         net (fo=0)                   0.000    15.385    inst_CLK_RST_MANAGER/inst_pll/inst/clk_in1
    Y9                   IBUF (Prop_ibuf_I_O)         1.420    16.804 r  inst_CLK_RST_MANAGER/inst_pll/inst/clkin1_ibufg/O
                         net (fo=1, routed)           1.181    17.985    inst_CLK_RST_MANAGER/inst_pll/inst/clk_in1_clk_wiz_0
    PLLE2_ADV_X0Y0       PLLE2_ADV (Prop_plle2_adv_CLKIN1_CLKOUT1)
                                                     -7.970    10.016 r  inst_CLK_RST_MANAGER/inst_pll/inst/plle2_adv_inst/CLKOUT1
                         net (fo=1, routed)           1.686    11.702    inst_CLK_RST_MANAGER/inst_pll/inst/clk_out2_clk_wiz_0
    BUFGCTRL_X0Y1        BUFG (Prop_bufg_I_O)         0.091    11.793 r  inst_CLK_RST_MANAGER/inst_pll/inst/clkout2_buf/O
                         net (fo=73, routed)          1.687    13.480    inst_vga/RstRqstB2A_reg[2]
    SLICE_X107Y99        FDCE                                         r  inst_vga/O_RED_reg[0]/C
                         clock pessimism             -0.514    12.966
                         clock uncertainty           -0.069    12.897
    SLICE_X107Y99        FDCE (Setup_fdce_C_D)        0.029    12.926    inst_vga/O_RED_reg[0]
  -------------------------------------------------------------------
                         required time                         12.926
                         arrival time                          -2.055
  -------------------------------------------------------------------
                         slack                                 10.871





Min Delay Paths
--------------------------------------------------------------------------------------
Slack (MET) :             0.056ns  (arrival time - required time)
  Source:                 inst_vga/inst_olo_base_cc_status/i_scc/Out_Data_Sig_reg[4]/C
                            (rising edge-triggered cell FDRE clocked by clk_out2_clk_wiz_0  {rise@0.000ns fall@7.692ns period=15.385ns})
  Destination:            inst_vga/O_GREEN_reg[0]/D
                            (rising edge-triggered cell FDCE clocked by clk_out2_clk_wiz_0  {rise@0.000ns fall@7.692ns period=15.385ns})
  Path Group:             clk_out2_clk_wiz_0
  Path Type:              Hold (Min at Fast Process Corner)
  Requirement:            0.000ns  (clk_out2_clk_wiz_0 rise@0.000ns - clk_out2_clk_wiz_0 rise@0.000ns)
  Data Path Delay:        0.360ns  (logic 0.209ns (58.082%)  route 0.151ns (41.918%))
  Logic Levels:           1  (LUT2=1)
  Clock Path Skew:        0.183ns (DCD - SCD - CPR)
    Destination Clock Delay (DCD):    -0.256ns
    Source Clock Delay      (SCD):    -0.406ns
    Clock Pessimism Removal (CPR):    -0.033ns

    Location             Delay type                Incr(ns)  Path(ns)    Netlist Resource(s)
  -------------------------------------------------------------------    -------------------
                         (clock clk_out2_clk_wiz_0 rise edge)
                                                      0.000     0.000 r
    Y9                                                0.000     0.000 r  PAD_I_CLK (IN)
                         net (fo=0)                   0.000     0.000    inst_CLK_RST_MANAGER/inst_pll/inst/clk_in1
    Y9                   IBUF (Prop_ibuf_I_O)         0.258     0.258 r  inst_CLK_RST_MANAGER/inst_pll/inst/clkin1_ibufg/O
                         net (fo=1, routed)           0.440     0.698    inst_CLK_RST_MANAGER/inst_pll/inst/clk_in1_clk_wiz_0
    PLLE2_ADV_X0Y0       PLLE2_ADV (Prop_plle2_adv_CLKIN1_CLKOUT1)
                                                     -2.384    -1.685 r  inst_CLK_RST_MANAGER/inst_pll/inst/plle2_adv_inst/CLKOUT1
                         net (fo=1, routed)           0.533    -1.152    inst_CLK_RST_MANAGER/inst_pll/inst/clk_out2_clk_wiz_0
    BUFGCTRL_X0Y1        BUFG (Prop_bufg_I_O)         0.026    -1.126 r  inst_CLK_RST_MANAGER/inst_pll/inst/clkout2_buf/O
                         net (fo=73, routed)          0.720    -0.406    inst_vga/inst_olo_base_cc_status/i_scc/Out_Clk
    SLICE_X108Y101       FDRE                                         r  inst_vga/inst_olo_base_cc_status/i_scc/Out_Data_Sig_reg[4]/C
  -------------------------------------------------------------------    -------------------
    SLICE_X108Y101       FDRE (Prop_fdre_C_Q)         0.164    -0.242 r  inst_vga/inst_olo_base_cc_status/i_scc/Out_Data_Sig_reg[4]/Q
                         net (fo=1, routed)           0.151    -0.091    inst_vga/inst_olo_base_cc_status/manual_colors_resync[4]
    SLICE_X108Y99        LUT2 (Prop_lut2_I0_O)        0.045    -0.046 r  inst_vga/inst_olo_base_cc_status/O_GREEN[0]_i_1/O
                         net (fo=1, routed)           0.000    -0.046    inst_vga/inst_olo_base_cc_status_n_7
    SLICE_X108Y99        FDCE                                         r  inst_vga/O_GREEN_reg[0]/D
  -------------------------------------------------------------------    -------------------

                         (clock clk_out2_clk_wiz_0 rise edge)
                                                      0.000     0.000 r
    Y9                                                0.000     0.000 r  PAD_I_CLK (IN)
                         net (fo=0)                   0.000     0.000    inst_CLK_RST_MANAGER/inst_pll/inst/clk_in1
    Y9                   IBUF (Prop_ibuf_I_O)         0.446     0.446 r  inst_CLK_RST_MANAGER/inst_pll/inst/clkin1_ibufg/O
                         net (fo=1, routed)           0.481     0.927    inst_CLK_RST_MANAGER/inst_pll/inst/clk_in1_clk_wiz_0
    PLLE2_ADV_X0Y0       PLLE2_ADV (Prop_plle2_adv_CLKIN1_CLKOUT1)
                                                     -2.700    -1.773 r  inst_CLK_RST_MANAGER/inst_pll/inst/plle2_adv_inst/CLKOUT1
                         net (fo=1, routed)           0.580    -1.193    inst_CLK_RST_MANAGER/inst_pll/inst/clk_out2_clk_wiz_0
    BUFGCTRL_X0Y1        BUFG (Prop_bufg_I_O)         0.029    -1.164 r  inst_CLK_RST_MANAGER/inst_pll/inst/clkout2_buf/O
                         net (fo=73, routed)          0.908    -0.256    inst_vga/RstRqstB2A_reg[2]
    SLICE_X108Y99        FDCE                                         r  inst_vga/O_GREEN_reg[0]/C
                         clock pessimism              0.033    -0.223
    SLICE_X108Y99        FDCE (Hold_fdce_C_D)         0.121    -0.102    inst_vga/O_GREEN_reg[0]
  -------------------------------------------------------------------
                         required time                          0.102
                         arrival time                          -0.046
  -------------------------------------------------------------------
                         slack                                  0.056

Slack (MET) :             0.069ns  (arrival time - required time)
  Source:                 inst_vga/inst_olo_base_cc_status/i_scc/Out_Data_Sig_reg[0]/C
                            (rising edge-triggered cell FDRE clocked by clk_out2_clk_wiz_0  {rise@0.000ns fall@7.692ns period=15.385ns})
  Destination:            inst_vga/O_BLUE_reg[0]/D
                            (rising edge-triggered cell FDCE clocked by clk_out2_clk_wiz_0  {rise@0.000ns fall@7.692ns period=15.385ns})
  Path Group:             clk_out2_clk_wiz_0
  Path Type:              Hold (Min at Fast Process Corner)
  Requirement:            0.000ns  (clk_out2_clk_wiz_0 rise@0.000ns - clk_out2_clk_wiz_0 rise@0.000ns)
  Data Path Delay:        0.372ns  (logic 0.186ns (50.067%)  route 0.186ns (49.933%))
  Logic Levels:           1  (LUT2=1)
  Clock Path Skew:        0.183ns (DCD - SCD - CPR)
    Destination Clock Delay (DCD):    -0.256ns
    Source Clock Delay      (SCD):    -0.406ns
    Clock Pessimism Removal (CPR):    -0.033ns

    Location             Delay type                Incr(ns)  Path(ns)    Netlist Resource(s)
  -------------------------------------------------------------------    -------------------
                         (clock clk_out2_clk_wiz_0 rise edge)
                                                      0.000     0.000 r
    Y9                                                0.000     0.000 r  PAD_I_CLK (IN)
                         net (fo=0)                   0.000     0.000    inst_CLK_RST_MANAGER/inst_pll/inst/clk_in1
    Y9                   IBUF (Prop_ibuf_I_O)         0.258     0.258 r  inst_CLK_RST_MANAGER/inst_pll/inst/clkin1_ibufg/O
                         net (fo=1, routed)           0.440     0.698    inst_CLK_RST_MANAGER/inst_pll/inst/clk_in1_clk_wiz_0
    PLLE2_ADV_X0Y0       PLLE2_ADV (Prop_plle2_adv_CLKIN1_CLKOUT1)
                                                     -2.384    -1.685 r  inst_CLK_RST_MANAGER/inst_pll/inst/plle2_adv_inst/CLKOUT1
                         net (fo=1, routed)           0.533    -1.152    inst_CLK_RST_MANAGER/inst_pll/inst/clk_out2_clk_wiz_0
    BUFGCTRL_X0Y1        BUFG (Prop_bufg_I_O)         0.026    -1.126 r  inst_CLK_RST_MANAGER/inst_pll/inst/clkout2_buf/O
                         net (fo=73, routed)          0.720    -0.406    inst_vga/inst_olo_base_cc_status/i_scc/Out_Clk
    SLICE_X107Y101       FDRE                                         r  inst_vga/inst_olo_base_cc_status/i_scc/Out_Data_Sig_reg[0]/C
  -------------------------------------------------------------------    -------------------
    SLICE_X107Y101       FDRE (Prop_fdre_C_Q)         0.141    -0.265 r  inst_vga/inst_olo_base_cc_status/i_scc/Out_Data_Sig_reg[0]/Q
                         net (fo=1, routed)           0.186    -0.080    inst_vga/inst_olo_base_cc_status/manual_colors_resync[0]
    SLICE_X108Y99        LUT2 (Prop_lut2_I0_O)        0.045    -0.035 r  inst_vga/inst_olo_base_cc_status/O_BLUE[0]_i_1/O
                         net (fo=1, routed)           0.000    -0.035    inst_vga/inst_olo_base_cc_status_n_3
    SLICE_X108Y99        FDCE                                         r  inst_vga/O_BLUE_reg[0]/D
  -------------------------------------------------------------------    -------------------

                         (clock clk_out2_clk_wiz_0 rise edge)
                                                      0.000     0.000 r
    Y9                                                0.000     0.000 r  PAD_I_CLK (IN)
                         net (fo=0)                   0.000     0.000    inst_CLK_RST_MANAGER/inst_pll/inst/clk_in1
    Y9                   IBUF (Prop_ibuf_I_O)         0.446     0.446 r  inst_CLK_RST_MANAGER/inst_pll/inst/clkin1_ibufg/O
                         net (fo=1, routed)           0.481     0.927    inst_CLK_RST_MANAGER/inst_pll/inst/clk_in1_clk_wiz_0
    PLLE2_ADV_X0Y0       PLLE2_ADV (Prop_plle2_adv_CLKIN1_CLKOUT1)
                                                     -2.700    -1.773 r  inst_CLK_RST_MANAGER/inst_pll/inst/plle2_adv_inst/CLKOUT1
                         net (fo=1, routed)           0.580    -1.193    inst_CLK_RST_MANAGER/inst_pll/inst/clk_out2_clk_wiz_0
    BUFGCTRL_X0Y1        BUFG (Prop_bufg_I_O)         0.029    -1.164 r  inst_CLK_RST_MANAGER/inst_pll/inst/clkout2_buf/O
                         net (fo=73, routed)          0.908    -0.256    inst_vga/RstRqstB2A_reg[2]
    SLICE_X108Y99        FDCE                                         r  inst_vga/O_BLUE_reg[0]/C
                         clock pessimism              0.033    -0.223
    SLICE_X108Y99        FDCE (Hold_fdce_C_D)         0.120    -0.103    inst_vga/O_BLUE_reg[0]
  -------------------------------------------------------------------
                         required time                          0.103
                         arrival time                          -0.035
  -------------------------------------------------------------------
                         slack                                  0.069

Slack (MET) :             0.106ns  (arrival time - required time)
  Source:                 inst_vga/inst_olo_base_cc_status/i_scc/Out_Data_Sig_reg[2]/C
                            (rising edge-triggered cell FDRE clocked by clk_out2_clk_wiz_0  {rise@0.000ns fall@7.692ns period=15.385ns})
  Destination:            inst_vga/O_BLUE_reg[2]/D
                            (rising edge-triggered cell FDCE clocked by clk_out2_clk_wiz_0  {rise@0.000ns fall@7.692ns period=15.385ns})
  Path Group:             clk_out2_clk_wiz_0
  Path Type:              Hold (Min at Fast Process Corner)
  Requirement:            0.000ns  (clk_out2_clk_wiz_0 rise@0.000ns - clk_out2_clk_wiz_0 rise@0.000ns)
  Data Path Delay:        0.410ns  (logic 0.209ns (51.021%)  route 0.201ns (48.979%))
  Logic Levels:           1  (LUT2=1)
  Clock Path Skew:        0.183ns (DCD - SCD - CPR)
    Destination Clock Delay (DCD):    -0.256ns
    Source Clock Delay      (SCD):    -0.406ns
    Clock Pessimism Removal (CPR):    -0.033ns

    Location             Delay type                Incr(ns)  Path(ns)    Netlist Resource(s)
  -------------------------------------------------------------------    -------------------
                         (clock clk_out2_clk_wiz_0 rise edge)
                                                      0.000     0.000 r
    Y9                                                0.000     0.000 r  PAD_I_CLK (IN)
                         net (fo=0)                   0.000     0.000    inst_CLK_RST_MANAGER/inst_pll/inst/clk_in1
    Y9                   IBUF (Prop_ibuf_I_O)         0.258     0.258 r  inst_CLK_RST_MANAGER/inst_pll/inst/clkin1_ibufg/O
                         net (fo=1, routed)           0.440     0.698    inst_CLK_RST_MANAGER/inst_pll/inst/clk_in1_clk_wiz_0
    PLLE2_ADV_X0Y0       PLLE2_ADV (Prop_plle2_adv_CLKIN1_CLKOUT1)
                                                     -2.384    -1.685 r  inst_CLK_RST_MANAGER/inst_pll/inst/plle2_adv_inst/CLKOUT1
                         net (fo=1, routed)           0.533    -1.152    inst_CLK_RST_MANAGER/inst_pll/inst/clk_out2_clk_wiz_0
    BUFGCTRL_X0Y1        BUFG (Prop_bufg_I_O)         0.026    -1.126 r  inst_CLK_RST_MANAGER/inst_pll/inst/clkout2_buf/O
                         net (fo=73, routed)          0.720    -0.406    inst_vga/inst_olo_base_cc_status/i_scc/Out_Clk
    SLICE_X108Y101       FDRE                                         r  inst_vga/inst_olo_base_cc_status/i_scc/Out_Data_Sig_reg[2]/C
  -------------------------------------------------------------------    -------------------
    SLICE_X108Y101       FDRE (Prop_fdre_C_Q)         0.164    -0.242 r  inst_vga/inst_olo_base_cc_status/i_scc/Out_Data_Sig_reg[2]/Q
                         net (fo=1, routed)           0.201    -0.042    inst_vga/inst_olo_base_cc_status/manual_colors_resync[2]
    SLICE_X108Y99        LUT2 (Prop_lut2_I0_O)        0.045     0.003 r  inst_vga/inst_olo_base_cc_status/O_BLUE[2]_i_1/O
                         net (fo=1, routed)           0.000     0.003    inst_vga/inst_olo_base_cc_status_n_1
    SLICE_X108Y99        FDCE                                         r  inst_vga/O_BLUE_reg[2]/D
  -------------------------------------------------------------------    -------------------

                         (clock clk_out2_clk_wiz_0 rise edge)
                                                      0.000     0.000 r
    Y9                                                0.000     0.000 r  PAD_I_CLK (IN)
                         net (fo=0)                   0.000     0.000    inst_CLK_RST_MANAGER/inst_pll/inst/clk_in1
    Y9                   IBUF (Prop_ibuf_I_O)         0.446     0.446 r  inst_CLK_RST_MANAGER/inst_pll/inst/clkin1_ibufg/O
                         net (fo=1, routed)           0.481     0.927    inst_CLK_RST_MANAGER/inst_pll/inst/clk_in1_clk_wiz_0
    PLLE2_ADV_X0Y0       PLLE2_ADV (Prop_plle2_adv_CLKIN1_CLKOUT1)
                                                     -2.700    -1.773 r  inst_CLK_RST_MANAGER/inst_pll/inst/plle2_adv_inst/CLKOUT1
                         net (fo=1, routed)           0.580    -1.193    inst_CLK_RST_MANAGER/inst_pll/inst/clk_out2_clk_wiz_0
    BUFGCTRL_X0Y1        BUFG (Prop_bufg_I_O)         0.029    -1.164 r  inst_CLK_RST_MANAGER/inst_pll/inst/clkout2_buf/O
                         net (fo=73, routed)          0.908    -0.256    inst_vga/RstRqstB2A_reg[2]
    SLICE_X108Y99        FDCE                                         r  inst_vga/O_BLUE_reg[2]/C
                         clock pessimism              0.033    -0.223
    SLICE_X108Y99        FDCE (Hold_fdce_C_D)         0.121    -0.102    inst_vga/O_BLUE_reg[2]
  -------------------------------------------------------------------
                         required time                          0.102
                         arrival time                           0.003
  -------------------------------------------------------------------
                         slack                                  0.106

Slack (MET) :             0.118ns  (arrival time - required time)
  Source:                 inst_vga/inst_olo_base_cc_status/i_scc/Out_Data_Sig_reg[1]/C
                            (rising edge-triggered cell FDRE clocked by clk_out2_clk_wiz_0  {rise@0.000ns fall@7.692ns period=15.385ns})
  Destination:            inst_vga/O_BLUE_reg[1]/D
                            (rising edge-triggered cell FDCE clocked by clk_out2_clk_wiz_0  {rise@0.000ns fall@7.692ns period=15.385ns})
  Path Group:             clk_out2_clk_wiz_0
  Path Type:              Hold (Min at Fast Process Corner)
  Requirement:            0.000ns  (clk_out2_clk_wiz_0 rise@0.000ns - clk_out2_clk_wiz_0 rise@0.000ns)
  Data Path Delay:        0.432ns  (logic 0.207ns (47.957%)  route 0.225ns (52.043%))
  Logic Levels:           1  (LUT2=1)
  Clock Path Skew:        0.183ns (DCD - SCD - CPR)
    Destination Clock Delay (DCD):    -0.256ns
    Source Clock Delay      (SCD):    -0.406ns
    Clock Pessimism Removal (CPR):    -0.033ns

    Location             Delay type                Incr(ns)  Path(ns)    Netlist Resource(s)
  -------------------------------------------------------------------    -------------------
                         (clock clk_out2_clk_wiz_0 rise edge)
                                                      0.000     0.000 r
    Y9                                                0.000     0.000 r  PAD_I_CLK (IN)
                         net (fo=0)                   0.000     0.000    inst_CLK_RST_MANAGER/inst_pll/inst/clk_in1
    Y9                   IBUF (Prop_ibuf_I_O)         0.258     0.258 r  inst_CLK_RST_MANAGER/inst_pll/inst/clkin1_ibufg/O
                         net (fo=1, routed)           0.440     0.698    inst_CLK_RST_MANAGER/inst_pll/inst/clk_in1_clk_wiz_0
    PLLE2_ADV_X0Y0       PLLE2_ADV (Prop_plle2_adv_CLKIN1_CLKOUT1)
                                                     -2.384    -1.685 r  inst_CLK_RST_MANAGER/inst_pll/inst/plle2_adv_inst/CLKOUT1
                         net (fo=1, routed)           0.533    -1.152    inst_CLK_RST_MANAGER/inst_pll/inst/clk_out2_clk_wiz_0
    BUFGCTRL_X0Y1        BUFG (Prop_bufg_I_O)         0.026    -1.126 r  inst_CLK_RST_MANAGER/inst_pll/inst/clkout2_buf/O
                         net (fo=73, routed)          0.720    -0.406    inst_vga/inst_olo_base_cc_status/i_scc/Out_Clk
    SLICE_X108Y101       FDRE                                         r  inst_vga/inst_olo_base_cc_status/i_scc/Out_Data_Sig_reg[1]/C
  -------------------------------------------------------------------    -------------------
    SLICE_X108Y101       FDRE (Prop_fdre_C_Q)         0.164    -0.242 r  inst_vga/inst_olo_base_cc_status/i_scc/Out_Data_Sig_reg[1]/Q
                         net (fo=1, routed)           0.225    -0.018    inst_vga/inst_olo_base_cc_status/manual_colors_resync[1]
    SLICE_X108Y99        LUT2 (Prop_lut2_I0_O)        0.043     0.025 r  inst_vga/inst_olo_base_cc_status/O_BLUE[1]_i_1/O
                         net (fo=1, routed)           0.000     0.025    inst_vga/inst_olo_base_cc_status_n_2
    SLICE_X108Y99        FDCE                                         r  inst_vga/O_BLUE_reg[1]/D
  -------------------------------------------------------------------    -------------------

                         (clock clk_out2_clk_wiz_0 rise edge)
                                                      0.000     0.000 r
    Y9                                                0.000     0.000 r  PAD_I_CLK (IN)
                         net (fo=0)                   0.000     0.000    inst_CLK_RST_MANAGER/inst_pll/inst/clk_in1
    Y9                   IBUF (Prop_ibuf_I_O)         0.446     0.446 r  inst_CLK_RST_MANAGER/inst_pll/inst/clkin1_ibufg/O
                         net (fo=1, routed)           0.481     0.927    inst_CLK_RST_MANAGER/inst_pll/inst/clk_in1_clk_wiz_0
    PLLE2_ADV_X0Y0       PLLE2_ADV (Prop_plle2_adv_CLKIN1_CLKOUT1)
                                                     -2.700    -1.773 r  inst_CLK_RST_MANAGER/inst_pll/inst/plle2_adv_inst/CLKOUT1
                         net (fo=1, routed)           0.580    -1.193    inst_CLK_RST_MANAGER/inst_pll/inst/clk_out2_clk_wiz_0
    BUFGCTRL_X0Y1        BUFG (Prop_bufg_I_O)         0.029    -1.164 r  inst_CLK_RST_MANAGER/inst_pll/inst/clkout2_buf/O
                         net (fo=73, routed)          0.908    -0.256    inst_vga/RstRqstB2A_reg[2]
    SLICE_X108Y99        FDCE                                         r  inst_vga/O_BLUE_reg[1]/C
                         clock pessimism              0.033    -0.223
    SLICE_X108Y99        FDCE (Hold_fdce_C_D)         0.131    -0.092    inst_vga/O_BLUE_reg[1]
  -------------------------------------------------------------------
                         required time                          0.092
                         arrival time                           0.025
  -------------------------------------------------------------------
                         slack                                  0.118

Slack (MET) :             0.139ns  (arrival time - required time)
  Source:                 inst_vga/inst_olo_base_cc_status/i_scc/Out_Data_Sig_reg[7]/C
                            (rising edge-triggered cell FDRE clocked by clk_out2_clk_wiz_0  {rise@0.000ns fall@7.692ns period=15.385ns})
  Destination:            inst_vga/O_GREEN_reg[3]/D
                            (rising edge-triggered cell FDCE clocked by clk_out2_clk_wiz_0  {rise@0.000ns fall@7.692ns period=15.385ns})
  Path Group:             clk_out2_clk_wiz_0
  Path Type:              Hold (Min at Fast Process Corner)
  Requirement:            0.000ns  (clk_out2_clk_wiz_0 rise@0.000ns - clk_out2_clk_wiz_0 rise@0.000ns)
  Data Path Delay:        0.453ns  (logic 0.250ns (55.242%)  route 0.203ns (44.758%))
  Logic Levels:           1  (LUT2=1)
  Clock Path Skew:        0.183ns (DCD - SCD - CPR)
    Destination Clock Delay (DCD):    -0.256ns
    Source Clock Delay      (SCD):    -0.406ns
    Clock Pessimism Removal (CPR):    -0.033ns

    Location             Delay type                Incr(ns)  Path(ns)    Netlist Resource(s)
  -------------------------------------------------------------------    -------------------
                         (clock clk_out2_clk_wiz_0 rise edge)
                                                      0.000     0.000 r
    Y9                                                0.000     0.000 r  PAD_I_CLK (IN)
                         net (fo=0)                   0.000     0.000    inst_CLK_RST_MANAGER/inst_pll/inst/clk_in1
    Y9                   IBUF (Prop_ibuf_I_O)         0.258     0.258 r  inst_CLK_RST_MANAGER/inst_pll/inst/clkin1_ibufg/O
                         net (fo=1, routed)           0.440     0.698    inst_CLK_RST_MANAGER/inst_pll/inst/clk_in1_clk_wiz_0
    PLLE2_ADV_X0Y0       PLLE2_ADV (Prop_plle2_adv_CLKIN1_CLKOUT1)
                                                     -2.384    -1.685 r  inst_CLK_RST_MANAGER/inst_pll/inst/plle2_adv_inst/CLKOUT1
                         net (fo=1, routed)           0.533    -1.152    inst_CLK_RST_MANAGER/inst_pll/inst/clk_out2_clk_wiz_0
    BUFGCTRL_X0Y1        BUFG (Prop_bufg_I_O)         0.026    -1.126 r  inst_CLK_RST_MANAGER/inst_pll/inst/clkout2_buf/O
                         net (fo=73, routed)          0.720    -0.406    inst_vga/inst_olo_base_cc_status/i_scc/Out_Clk
    SLICE_X108Y101       FDRE                                         r  inst_vga/inst_olo_base_cc_status/i_scc/Out_Data_Sig_reg[7]/C
  -------------------------------------------------------------------    -------------------
    SLICE_X108Y101       FDRE (Prop_fdre_C_Q)         0.148    -0.258 r  inst_vga/inst_olo_base_cc_status/i_scc/Out_Data_Sig_reg[7]/Q
                         net (fo=1, routed)           0.203    -0.056    inst_vga/inst_olo_base_cc_status/manual_colors_resync[7]
    SLICE_X108Y99        LUT2 (Prop_lut2_I0_O)        0.102     0.046 r  inst_vga/inst_olo_base_cc_status/O_GREEN[3]_i_1/O
                         net (fo=1, routed)           0.000     0.046    inst_vga/inst_olo_base_cc_status_n_4
    SLICE_X108Y99        FDCE                                         r  inst_vga/O_GREEN_reg[3]/D
  -------------------------------------------------------------------    -------------------

                         (clock clk_out2_clk_wiz_0 rise edge)
                                                      0.000     0.000 r
    Y9                                                0.000     0.000 r  PAD_I_CLK (IN)
                         net (fo=0)                   0.000     0.000    inst_CLK_RST_MANAGER/inst_pll/inst/clk_in1
    Y9                   IBUF (Prop_ibuf_I_O)         0.446     0.446 r  inst_CLK_RST_MANAGER/inst_pll/inst/clkin1_ibufg/O
                         net (fo=1, routed)           0.481     0.927    inst_CLK_RST_MANAGER/inst_pll/inst/clk_in1_clk_wiz_0
    PLLE2_ADV_X0Y0       PLLE2_ADV (Prop_plle2_adv_CLKIN1_CLKOUT1)
                                                     -2.700    -1.773 r  inst_CLK_RST_MANAGER/inst_pll/inst/plle2_adv_inst/CLKOUT1
                         net (fo=1, routed)           0.580    -1.193    inst_CLK_RST_MANAGER/inst_pll/inst/clk_out2_clk_wiz_0
    BUFGCTRL_X0Y1        BUFG (Prop_bufg_I_O)         0.029    -1.164 r  inst_CLK_RST_MANAGER/inst_pll/inst/clkout2_buf/O
                         net (fo=73, routed)          0.908    -0.256    inst_vga/RstRqstB2A_reg[2]
    SLICE_X108Y99        FDCE                                         r  inst_vga/O_GREEN_reg[3]/C
                         clock pessimism              0.033    -0.223
    SLICE_X108Y99        FDCE (Hold_fdce_C_D)         0.131    -0.092    inst_vga/O_GREEN_reg[3]
  -------------------------------------------------------------------
                         required time                          0.092
                         arrival time                           0.046
  -------------------------------------------------------------------
                         slack                                  0.139

Slack (MET) :             0.141ns  (arrival time - required time)
  Source:                 inst_vga/inst_olo_base_cc_status/i_bcc/ToggleLast_reg[0]/C
                            (rising edge-triggered cell FDRE clocked by clk_out2_clk_wiz_0  {rise@0.000ns fall@7.692ns period=15.385ns})
  Destination:            inst_vga/inst_olo_base_cc_status/i_bcc/i_sync/RegIn_reg[0]/D
                            (rising edge-triggered cell FDRE clocked by clk_out2_clk_wiz_0  {rise@0.000ns fall@7.692ns period=15.385ns})
  Path Group:             clk_out2_clk_wiz_0
  Path Type:              Hold (Min at Fast Process Corner)
  Requirement:            0.000ns  (clk_out2_clk_wiz_0 rise@0.000ns - clk_out2_clk_wiz_0 rise@0.000ns)
  Data Path Delay:        0.490ns  (logic 0.183ns (37.339%)  route 0.307ns (62.661%))
  Logic Levels:           1  (LUT2=1)
  Clock Path Skew:        0.351ns (DCD - SCD - CPR)
    Destination Clock Delay (DCD):    -0.197ns
    Source Clock Delay      (SCD):    -0.516ns
    Clock Pessimism Removal (CPR):    -0.033ns

    Location             Delay type                Incr(ns)  Path(ns)    Netlist Resource(s)
  -------------------------------------------------------------------    -------------------
                         (clock clk_out2_clk_wiz_0 rise edge)
                                                      0.000     0.000 r
    Y9                                                0.000     0.000 r  PAD_I_CLK (IN)
                         net (fo=0)                   0.000     0.000    inst_CLK_RST_MANAGER/inst_pll/inst/clk_in1
    Y9                   IBUF (Prop_ibuf_I_O)         0.258     0.258 r  inst_CLK_RST_MANAGER/inst_pll/inst/clkin1_ibufg/O
                         net (fo=1, routed)           0.440     0.698    inst_CLK_RST_MANAGER/inst_pll/inst/clk_in1_clk_wiz_0
    PLLE2_ADV_X0Y0       PLLE2_ADV (Prop_plle2_adv_CLKIN1_CLKOUT1)
                                                     -2.384    -1.685 r  inst_CLK_RST_MANAGER/inst_pll/inst/plle2_adv_inst/CLKOUT1
                         net (fo=1, routed)           0.533    -1.152    inst_CLK_RST_MANAGER/inst_pll/inst/clk_out2_clk_wiz_0
    BUFGCTRL_X0Y1        BUFG (Prop_bufg_I_O)         0.026    -1.126 r  inst_CLK_RST_MANAGER/inst_pll/inst/clkout2_buf/O
                         net (fo=73, routed)          0.611    -0.516    inst_vga/inst_olo_base_cc_status/i_bcc/RstRqstB2A_reg[2]
    SLICE_X103Y99        FDRE                                         r  inst_vga/inst_olo_base_cc_status/i_bcc/ToggleLast_reg[0]/C
  -------------------------------------------------------------------    -------------------
    SLICE_X103Y99        FDRE (Prop_fdre_C_Q)         0.141    -0.375 r  inst_vga/inst_olo_base_cc_status/i_bcc/ToggleLast_reg[0]/Q
                         net (fo=2, routed)           0.156    -0.218    inst_vga/inst_olo_base_cc_status/i_bcc/ToggleLast[0]
    SLICE_X103Y99        LUT2 (Prop_lut2_I1_O)        0.042    -0.176 r  inst_vga/inst_olo_base_cc_status/i_bcc/i_sync_i_1/O
                         net (fo=1, routed)           0.151    -0.025    inst_vga/inst_olo_base_cc_status/i_bcc/i_sync/In_Data[0]
    SLICE_X102Y100       FDRE                                         r  inst_vga/inst_olo_base_cc_status/i_bcc/i_sync/RegIn_reg[0]/D
  -------------------------------------------------------------------    -------------------

                         (clock clk_out2_clk_wiz_0 rise edge)
                                                      0.000     0.000 r
    Y9                                                0.000     0.000 r  PAD_I_CLK (IN)
                         net (fo=0)                   0.000     0.000    inst_CLK_RST_MANAGER/inst_pll/inst/clk_in1
    Y9                   IBUF (Prop_ibuf_I_O)         0.446     0.446 r  inst_CLK_RST_MANAGER/inst_pll/inst/clkin1_ibufg/O
                         net (fo=1, routed)           0.481     0.927    inst_CLK_RST_MANAGER/inst_pll/inst/clk_in1_clk_wiz_0
    PLLE2_ADV_X0Y0       PLLE2_ADV (Prop_plle2_adv_CLKIN1_CLKOUT1)
                                                     -2.700    -1.773 r  inst_CLK_RST_MANAGER/inst_pll/inst/plle2_adv_inst/CLKOUT1
                         net (fo=1, routed)           0.580    -1.193    inst_CLK_RST_MANAGER/inst_pll/inst/clk_out2_clk_wiz_0
    BUFGCTRL_X0Y1        BUFG (Prop_bufg_I_O)         0.029    -1.164 r  inst_CLK_RST_MANAGER/inst_pll/inst/clkout2_buf/O
                         net (fo=73, routed)          0.967    -0.197    inst_vga/inst_olo_base_cc_status/i_bcc/i_sync/In_Clk_Sig
    SLICE_X102Y100       FDRE                                         r  inst_vga/inst_olo_base_cc_status/i_bcc/i_sync/RegIn_reg[0]/C
                         clock pessimism              0.033    -0.164
    SLICE_X102Y100       FDRE (Hold_fdre_C_D)        -0.002    -0.166    inst_vga/inst_olo_base_cc_status/i_bcc/i_sync/RegIn_reg[0]
  -------------------------------------------------------------------
                         required time                          0.166
                         arrival time                          -0.025
  -------------------------------------------------------------------
                         slack                                  0.141

Slack (MET) :             0.155ns  (arrival time - required time)
  Source:                 inst_vga/inst_olo_base_cc_status/i_scc/i_pulse_cc/i_sync/RegN_reg[0][0]/C
                            (rising edge-triggered cell FDRE clocked by clk_out2_clk_wiz_0  {rise@0.000ns fall@7.692ns period=15.385ns})
  Destination:            inst_vga/inst_olo_base_cc_status/i_scc/i_pulse_cc/ToggleOutLast_reg[0]/D
                            (rising edge-triggered cell FDRE clocked by clk_out2_clk_wiz_0  {rise@0.000ns fall@7.692ns period=15.385ns})
  Path Group:             clk_out2_clk_wiz_0
  Path Type:              Hold (Min at Fast Process Corner)
  Requirement:            0.000ns  (clk_out2_clk_wiz_0 rise@0.000ns - clk_out2_clk_wiz_0 rise@0.000ns)
  Data Path Delay:        0.405ns  (logic 0.164ns (40.509%)  route 0.241ns (59.491%))
  Logic Levels:           0
  Clock Path Skew:        0.184ns (DCD - SCD - CPR)
    Destination Clock Delay (DCD):    -0.282ns
    Source Clock Delay      (SCD):    -0.433ns
    Clock Pessimism Removal (CPR):    -0.033ns

    Location             Delay type                Incr(ns)  Path(ns)    Netlist Resource(s)
  -------------------------------------------------------------------    -------------------
                         (clock clk_out2_clk_wiz_0 rise edge)
                                                      0.000     0.000 r
    Y9                                                0.000     0.000 r  PAD_I_CLK (IN)
                         net (fo=0)                   0.000     0.000    inst_CLK_RST_MANAGER/inst_pll/inst/clk_in1
    Y9                   IBUF (Prop_ibuf_I_O)         0.258     0.258 r  inst_CLK_RST_MANAGER/inst_pll/inst/clkin1_ibufg/O
                         net (fo=1, routed)           0.440     0.698    inst_CLK_RST_MANAGER/inst_pll/inst/clk_in1_clk_wiz_0
    PLLE2_ADV_X0Y0       PLLE2_ADV (Prop_plle2_adv_CLKIN1_CLKOUT1)
                                                     -2.384    -1.685 r  inst_CLK_RST_MANAGER/inst_pll/inst/plle2_adv_inst/CLKOUT1
                         net (fo=1, routed)           0.533    -1.152    inst_CLK_RST_MANAGER/inst_pll/inst/clk_out2_clk_wiz_0
    BUFGCTRL_X0Y1        BUFG (Prop_bufg_I_O)         0.026    -1.126 r  inst_CLK_RST_MANAGER/inst_pll/inst/clkout2_buf/O
                         net (fo=73, routed)          0.693    -0.433    inst_vga/inst_olo_base_cc_status/i_scc/i_pulse_cc/i_sync/Out_Clk
    SLICE_X104Y102       FDRE                                         r  inst_vga/inst_olo_base_cc_status/i_scc/i_pulse_cc/i_sync/RegN_reg[0][0]/C
  -------------------------------------------------------------------    -------------------
    SLICE_X104Y102       FDRE (Prop_fdre_C_Q)         0.164    -0.269 r  inst_vga/inst_olo_base_cc_status/i_scc/i_pulse_cc/i_sync/RegN_reg[0][0]/Q
                         net (fo=2, routed)           0.241    -0.028    inst_vga/inst_olo_base_cc_status/i_scc/i_pulse_cc/ToggleOut[0]
    SLICE_X105Y99        FDRE                                         r  inst_vga/inst_olo_base_cc_status/i_scc/i_pulse_cc/ToggleOutLast_reg[0]/D
  -------------------------------------------------------------------    -------------------

                         (clock clk_out2_clk_wiz_0 rise edge)
                                                      0.000     0.000 r
    Y9                                                0.000     0.000 r  PAD_I_CLK (IN)
                         net (fo=0)                   0.000     0.000    inst_CLK_RST_MANAGER/inst_pll/inst/clk_in1
    Y9                   IBUF (Prop_ibuf_I_O)         0.446     0.446 r  inst_CLK_RST_MANAGER/inst_pll/inst/clkin1_ibufg/O
                         net (fo=1, routed)           0.481     0.927    inst_CLK_RST_MANAGER/inst_pll/inst/clk_in1_clk_wiz_0
    PLLE2_ADV_X0Y0       PLLE2_ADV (Prop_plle2_adv_CLKIN1_CLKOUT1)
                                                     -2.700    -1.773 r  inst_CLK_RST_MANAGER/inst_pll/inst/plle2_adv_inst/CLKOUT1
                         net (fo=1, routed)           0.580    -1.193    inst_CLK_RST_MANAGER/inst_pll/inst/clk_out2_clk_wiz_0
    BUFGCTRL_X0Y1        BUFG (Prop_bufg_I_O)         0.029    -1.164 r  inst_CLK_RST_MANAGER/inst_pll/inst/clkout2_buf/O
                         net (fo=73, routed)          0.882    -0.282    inst_vga/inst_olo_base_cc_status/i_scc/i_pulse_cc/Out_Clk
    SLICE_X105Y99        FDRE                                         r  inst_vga/inst_olo_base_cc_status/i_scc/i_pulse_cc/ToggleOutLast_reg[0]/C
                         clock pessimism              0.033    -0.249
    SLICE_X105Y99        FDRE (Hold_fdre_C_D)         0.066    -0.183    inst_vga/inst_olo_base_cc_status/i_scc/i_pulse_cc/ToggleOutLast_reg[0]
  -------------------------------------------------------------------
                         required time                          0.183
                         arrival time                          -0.028
  -------------------------------------------------------------------
                         slack                                  0.155

Slack (MET) :             0.156ns  (arrival time - required time)
  Source:                 inst_vga/inst_olo_base_cc_status/i_scc/Out_Data_Sig_reg[5]/C
                            (rising edge-triggered cell FDRE clocked by clk_out2_clk_wiz_0  {rise@0.000ns fall@7.692ns period=15.385ns})
  Destination:            inst_vga/O_GREEN_reg[1]/D
                            (rising edge-triggered cell FDCE clocked by clk_out2_clk_wiz_0  {rise@0.000ns fall@7.692ns period=15.385ns})
  Path Group:             clk_out2_clk_wiz_0
  Path Type:              Hold (Min at Fast Process Corner)
  Requirement:            0.000ns  (clk_out2_clk_wiz_0 rise@0.000ns - clk_out2_clk_wiz_0 rise@0.000ns)
  Data Path Delay:        0.470ns  (logic 0.244ns (51.904%)  route 0.226ns (48.096%))
  Logic Levels:           1  (LUT2=1)
  Clock Path Skew:        0.183ns (DCD - SCD - CPR)
    Destination Clock Delay (DCD):    -0.256ns
    Source Clock Delay      (SCD):    -0.406ns
    Clock Pessimism Removal (CPR):    -0.033ns

    Location             Delay type                Incr(ns)  Path(ns)    Netlist Resource(s)
  -------------------------------------------------------------------    -------------------
                         (clock clk_out2_clk_wiz_0 rise edge)
                                                      0.000     0.000 r
    Y9                                                0.000     0.000 r  PAD_I_CLK (IN)
                         net (fo=0)                   0.000     0.000    inst_CLK_RST_MANAGER/inst_pll/inst/clk_in1
    Y9                   IBUF (Prop_ibuf_I_O)         0.258     0.258 r  inst_CLK_RST_MANAGER/inst_pll/inst/clkin1_ibufg/O
                         net (fo=1, routed)           0.440     0.698    inst_CLK_RST_MANAGER/inst_pll/inst/clk_in1_clk_wiz_0
    PLLE2_ADV_X0Y0       PLLE2_ADV (Prop_plle2_adv_CLKIN1_CLKOUT1)
                                                     -2.384    -1.685 r  inst_CLK_RST_MANAGER/inst_pll/inst/plle2_adv_inst/CLKOUT1
                         net (fo=1, routed)           0.533    -1.152    inst_CLK_RST_MANAGER/inst_pll/inst/clk_out2_clk_wiz_0
    BUFGCTRL_X0Y1        BUFG (Prop_bufg_I_O)         0.026    -1.126 r  inst_CLK_RST_MANAGER/inst_pll/inst/clkout2_buf/O
                         net (fo=73, routed)          0.720    -0.406    inst_vga/inst_olo_base_cc_status/i_scc/Out_Clk
    SLICE_X108Y101       FDRE                                         r  inst_vga/inst_olo_base_cc_status/i_scc/Out_Data_Sig_reg[5]/C
  -------------------------------------------------------------------    -------------------
    SLICE_X108Y101       FDRE (Prop_fdre_C_Q)         0.148    -0.258 r  inst_vga/inst_olo_base_cc_status/i_scc/Out_Data_Sig_reg[5]/Q
                         net (fo=1, routed)           0.226    -0.032    inst_vga/inst_olo_base_cc_status/manual_colors_resync[5]
    SLICE_X108Y99        LUT2 (Prop_lut2_I0_O)        0.096     0.064 r  inst_vga/inst_olo_base_cc_status/O_GREEN[1]_i_1/O
                         net (fo=1, routed)           0.000     0.064    inst_vga/inst_olo_base_cc_status_n_6
    SLICE_X108Y99        FDCE                                         r  inst_vga/O_GREEN_reg[1]/D
  -------------------------------------------------------------------    -------------------

                         (clock clk_out2_clk_wiz_0 rise edge)
                                                      0.000     0.000 r
    Y9                                                0.000     0.000 r  PAD_I_CLK (IN)
                         net (fo=0)                   0.000     0.000    inst_CLK_RST_MANAGER/inst_pll/inst/clk_in1
    Y9                   IBUF (Prop_ibuf_I_O)         0.446     0.446 r  inst_CLK_RST_MANAGER/inst_pll/inst/clkin1_ibufg/O
                         net (fo=1, routed)           0.481     0.927    inst_CLK_RST_MANAGER/inst_pll/inst/clk_in1_clk_wiz_0
    PLLE2_ADV_X0Y0       PLLE2_ADV (Prop_plle2_adv_CLKIN1_CLKOUT1)
                                                     -2.700    -1.773 r  inst_CLK_RST_MANAGER/inst_pll/inst/plle2_adv_inst/CLKOUT1
                         net (fo=1, routed)           0.580    -1.193    inst_CLK_RST_MANAGER/inst_pll/inst/clk_out2_clk_wiz_0
    BUFGCTRL_X0Y1        BUFG (Prop_bufg_I_O)         0.029    -1.164 r  inst_CLK_RST_MANAGER/inst_pll/inst/clkout2_buf/O
                         net (fo=73, routed)          0.908    -0.256    inst_vga/RstRqstB2A_reg[2]
    SLICE_X108Y99        FDCE                                         r  inst_vga/O_GREEN_reg[1]/C
                         clock pessimism              0.033    -0.223
    SLICE_X108Y99        FDCE (Hold_fdce_C_D)         0.131    -0.092    inst_vga/O_GREEN_reg[1]
  -------------------------------------------------------------------
                         required time                          0.092
                         arrival time                           0.064
  -------------------------------------------------------------------
                         slack                                  0.156

Slack (MET) :             0.160ns  (arrival time - required time)
  Source:                 inst_CLK_RST_MANAGER/inst_olo_base_vga_reset_gen/g_sync.DsSync_reg[0]/C
                            (rising edge-triggered cell FDRE clocked by clk_out2_clk_wiz_0  {rise@0.000ns fall@7.692ns period=15.385ns})
  Destination:            inst_CLK_RST_MANAGER/inst_olo_base_vga_reset_gen/g_sync.DsSync_reg[1]/D
                            (rising edge-triggered cell FDRE clocked by clk_out2_clk_wiz_0  {rise@0.000ns fall@7.692ns period=15.385ns})
  Path Group:             clk_out2_clk_wiz_0
  Path Type:              Hold (Min at Fast Process Corner)
  Requirement:            0.000ns  (clk_out2_clk_wiz_0 rise@0.000ns - clk_out2_clk_wiz_0 rise@0.000ns)
  Data Path Delay:        0.220ns  (logic 0.164ns (74.580%)  route 0.056ns (25.420%))
  Logic Levels:           0
  Clock Path Skew:        0.000ns (DCD - SCD - CPR)
    Destination Clock Delay (DCD):    -0.198ns
    Source Clock Delay      (SCD):    -0.434ns
    Clock Pessimism Removal (CPR):    0.236ns

    Location             Delay type                Incr(ns)  Path(ns)    Netlist Resource(s)
  -------------------------------------------------------------------    -------------------
                         (clock clk_out2_clk_wiz_0 rise edge)
                                                      0.000     0.000 r
    Y9                                                0.000     0.000 r  PAD_I_CLK (IN)
                         net (fo=0)                   0.000     0.000    inst_CLK_RST_MANAGER/inst_pll/inst/clk_in1
    Y9                   IBUF (Prop_ibuf_I_O)         0.258     0.258 r  inst_CLK_RST_MANAGER/inst_pll/inst/clkin1_ibufg/O
                         net (fo=1, routed)           0.440     0.698    inst_CLK_RST_MANAGER/inst_pll/inst/clk_in1_clk_wiz_0
    PLLE2_ADV_X0Y0       PLLE2_ADV (Prop_plle2_adv_CLKIN1_CLKOUT1)
                                                     -2.384    -1.685 r  inst_CLK_RST_MANAGER/inst_pll/inst/plle2_adv_inst/CLKOUT1
                         net (fo=1, routed)           0.533    -1.152    inst_CLK_RST_MANAGER/inst_pll/inst/clk_out2_clk_wiz_0
    BUFGCTRL_X0Y1        BUFG (Prop_bufg_I_O)         0.026    -1.126 r  inst_CLK_RST_MANAGER/inst_pll/inst/clkout2_buf/O
                         net (fo=73, routed)          0.692    -0.434    inst_CLK_RST_MANAGER/inst_olo_base_vga_reset_gen/Clk
    SLICE_X102Y103       FDRE                                         r  inst_CLK_RST_MANAGER/inst_olo_base_vga_reset_gen/g_sync.DsSync_reg[0]/C
  -------------------------------------------------------------------    -------------------
    SLICE_X102Y103       FDRE (Prop_fdre_C_Q)         0.164    -0.270 r  inst_CLK_RST_MANAGER/inst_olo_base_vga_reset_gen/g_sync.DsSync_reg[0]/Q
                         net (fo=1, routed)           0.056    -0.214    inst_CLK_RST_MANAGER/inst_olo_base_vga_reset_gen/DsSync[0]
    SLICE_X102Y103       FDRE                                         r  inst_CLK_RST_MANAGER/inst_olo_base_vga_reset_gen/g_sync.DsSync_reg[1]/D
  -------------------------------------------------------------------    -------------------

                         (clock clk_out2_clk_wiz_0 rise edge)
                                                      0.000     0.000 r
    Y9                                                0.000     0.000 r  PAD_I_CLK (IN)
                         net (fo=0)                   0.000     0.000    inst_CLK_RST_MANAGER/inst_pll/inst/clk_in1
    Y9                   IBUF (Prop_ibuf_I_O)         0.446     0.446 r  inst_CLK_RST_MANAGER/inst_pll/inst/clkin1_ibufg/O
                         net (fo=1, routed)           0.481     0.927    inst_CLK_RST_MANAGER/inst_pll/inst/clk_in1_clk_wiz_0
    PLLE2_ADV_X0Y0       PLLE2_ADV (Prop_plle2_adv_CLKIN1_CLKOUT1)
                                                     -2.700    -1.773 r  inst_CLK_RST_MANAGER/inst_pll/inst/plle2_adv_inst/CLKOUT1
                         net (fo=1, routed)           0.580    -1.193    inst_CLK_RST_MANAGER/inst_pll/inst/clk_out2_clk_wiz_0
    BUFGCTRL_X0Y1        BUFG (Prop_bufg_I_O)         0.029    -1.164 r  inst_CLK_RST_MANAGER/inst_pll/inst/clkout2_buf/O
                         net (fo=73, routed)          0.966    -0.198    inst_CLK_RST_MANAGER/inst_olo_base_vga_reset_gen/Clk
    SLICE_X102Y103       FDRE                                         r  inst_CLK_RST_MANAGER/inst_olo_base_vga_reset_gen/g_sync.DsSync_reg[1]/C
                         clock pessimism             -0.236    -0.434
    SLICE_X102Y103       FDRE (Hold_fdre_C_D)         0.060    -0.374    inst_CLK_RST_MANAGER/inst_olo_base_vga_reset_gen/g_sync.DsSync_reg[1]
  -------------------------------------------------------------------
                         required time                          0.374
                         arrival time                          -0.214
  -------------------------------------------------------------------
                         slack                                  0.160

Slack (MET) :             0.165ns  (arrival time - required time)
  Source:                 inst_vga/inst_olo_base_cc_status/i_scc/Out_Data_Sig_reg[8]/C
                            (rising edge-triggered cell FDRE clocked by clk_out2_clk_wiz_0  {rise@0.000ns fall@7.692ns period=15.385ns})
  Destination:            inst_vga/O_RED_reg[0]/D
                            (rising edge-triggered cell FDCE clocked by clk_out2_clk_wiz_0  {rise@0.000ns fall@7.692ns period=15.385ns})
  Path Group:             clk_out2_clk_wiz_0
  Path Type:              Hold (Min at Fast Process Corner)
  Requirement:            0.000ns  (clk_out2_clk_wiz_0 rise@0.000ns - clk_out2_clk_wiz_0 rise@0.000ns)
  Data Path Delay:        0.439ns  (logic 0.186ns (42.395%)  route 0.253ns (57.605%))
  Logic Levels:           1  (LUT2=1)
  Clock Path Skew:        0.183ns (DCD - SCD - CPR)
    Destination Clock Delay (DCD):    -0.256ns
    Source Clock Delay      (SCD):    -0.406ns
    Clock Pessimism Removal (CPR):    -0.033ns

    Location             Delay type                Incr(ns)  Path(ns)    Netlist Resource(s)
  -------------------------------------------------------------------    -------------------
                         (clock clk_out2_clk_wiz_0 rise edge)
                                                      0.000     0.000 r
    Y9                                                0.000     0.000 r  PAD_I_CLK (IN)
                         net (fo=0)                   0.000     0.000    inst_CLK_RST_MANAGER/inst_pll/inst/clk_in1
    Y9                   IBUF (Prop_ibuf_I_O)         0.258     0.258 r  inst_CLK_RST_MANAGER/inst_pll/inst/clkin1_ibufg/O
                         net (fo=1, routed)           0.440     0.698    inst_CLK_RST_MANAGER/inst_pll/inst/clk_in1_clk_wiz_0
    PLLE2_ADV_X0Y0       PLLE2_ADV (Prop_plle2_adv_CLKIN1_CLKOUT1)
                                                     -2.384    -1.685 r  inst_CLK_RST_MANAGER/inst_pll/inst/plle2_adv_inst/CLKOUT1
                         net (fo=1, routed)           0.533    -1.152    inst_CLK_RST_MANAGER/inst_pll/inst/clk_out2_clk_wiz_0
    BUFGCTRL_X0Y1        BUFG (Prop_bufg_I_O)         0.026    -1.126 r  inst_CLK_RST_MANAGER/inst_pll/inst/clkout2_buf/O
                         net (fo=73, routed)          0.720    -0.406    inst_vga/inst_olo_base_cc_status/i_scc/Out_Clk
    SLICE_X107Y101       FDRE                                         r  inst_vga/inst_olo_base_cc_status/i_scc/Out_Data_Sig_reg[8]/C
  -------------------------------------------------------------------    -------------------
    SLICE_X107Y101       FDRE (Prop_fdre_C_Q)         0.141    -0.265 r  inst_vga/inst_olo_base_cc_status/i_scc/Out_Data_Sig_reg[8]/Q
                         net (fo=1, routed)           0.253    -0.012    inst_vga/inst_olo_base_cc_status/manual_colors_resync[8]
    SLICE_X107Y99        LUT2 (Prop_lut2_I0_O)        0.045     0.033 r  inst_vga/inst_olo_base_cc_status/O_RED[0]_i_1/O
                         net (fo=1, routed)           0.000     0.033    inst_vga/inst_olo_base_cc_status_n_11
    SLICE_X107Y99        FDCE                                         r  inst_vga/O_RED_reg[0]/D
  -------------------------------------------------------------------    -------------------

                         (clock clk_out2_clk_wiz_0 rise edge)
                                                      0.000     0.000 r
    Y9                                                0.000     0.000 r  PAD_I_CLK (IN)
                         net (fo=0)                   0.000     0.000    inst_CLK_RST_MANAGER/inst_pll/inst/clk_in1
    Y9                   IBUF (Prop_ibuf_I_O)         0.446     0.446 r  inst_CLK_RST_MANAGER/inst_pll/inst/clkin1_ibufg/O
                         net (fo=1, routed)           0.481     0.927    inst_CLK_RST_MANAGER/inst_pll/inst/clk_in1_clk_wiz_0
    PLLE2_ADV_X0Y0       PLLE2_ADV (Prop_plle2_adv_CLKIN1_CLKOUT1)
                                                     -2.700    -1.773 r  inst_CLK_RST_MANAGER/inst_pll/inst/plle2_adv_inst/CLKOUT1
                         net (fo=1, routed)           0.580    -1.193    inst_CLK_RST_MANAGER/inst_pll/inst/clk_out2_clk_wiz_0
    BUFGCTRL_X0Y1        BUFG (Prop_bufg_I_O)         0.029    -1.164 r  inst_CLK_RST_MANAGER/inst_pll/inst/clkout2_buf/O
                         net (fo=73, routed)          0.908    -0.256    inst_vga/RstRqstB2A_reg[2]
    SLICE_X107Y99        FDCE                                         r  inst_vga/O_RED_reg[0]/C
                         clock pessimism              0.033    -0.223
    SLICE_X107Y99        FDCE (Hold_fdce_C_D)         0.091    -0.132    inst_vga/O_RED_reg[0]
  -------------------------------------------------------------------
                         required time                          0.132
                         arrival time                           0.033
  -------------------------------------------------------------------
                         slack                                  0.165





Pulse Width Checks
--------------------------------------------------------------------------------------
Clock Name:         clk_out2_clk_wiz_0
Waveform(ns):       { 0.000 7.692 }
Period(ns):         15.385
Sources:            { inst_CLK_RST_MANAGER/inst_pll/inst/plle2_adv_inst/CLKOUT1 }

Check Type        Corner  Lib Pin            Reference Pin  Required(ns)  Actual(ns)  Slack(ns)  Location        Pin
Min Period        n/a     BUFG/I             n/a            2.155         15.385      13.229     BUFGCTRL_X0Y1   inst_CLK_RST_MANAGER/inst_pll/inst/clkout2_buf/I
Min Period        n/a     PLLE2_ADV/CLKOUT1  n/a            1.249         15.385      14.136     PLLE2_ADV_X0Y0  inst_CLK_RST_MANAGER/inst_pll/inst/plle2_adv_inst/CLKOUT1
Min Period        n/a     FDPE/C             n/a            1.000         15.385      14.385     SLICE_X102Y104  inst_CLK_RST_MANAGER/inst_olo_base_vga_reset_gen/RstSyncChain_reg[0]/C
Min Period        n/a     FDPE/C             n/a            1.000         15.385      14.385     SLICE_X102Y104  inst_CLK_RST_MANAGER/inst_olo_base_vga_reset_gen/RstSyncChain_reg[1]/C
Min Period        n/a     FDPE/C             n/a            1.000         15.385      14.385     SLICE_X102Y104  inst_CLK_RST_MANAGER/inst_olo_base_vga_reset_gen/RstSyncChain_reg[2]/C
Min Period        n/a     FDRE/C             n/a            1.000         15.385      14.385     SLICE_X102Y103  inst_CLK_RST_MANAGER/inst_olo_base_vga_reset_gen/g_sync.DsSync_reg[0]/C
Min Period        n/a     FDRE/C             n/a            1.000         15.385      14.385     SLICE_X102Y103  inst_CLK_RST_MANAGER/inst_olo_base_vga_reset_gen/g_sync.DsSync_reg[1]/C
Min Period        n/a     FDRE/C             n/a            1.000         15.385      14.385     SLICE_X102Y103  inst_CLK_RST_MANAGER/inst_olo_base_vga_reset_gen/g_sync.DsSync_reg[2]/C
Min Period        n/a     FDCE/C             n/a            1.000         15.385      14.385     SLICE_X108Y99   inst_vga/O_BLUE_reg[0]/C
Min Period        n/a     FDCE/C             n/a            1.000         15.385      14.385     SLICE_X108Y99   inst_vga/O_BLUE_reg[1]/C
Max Period        n/a     PLLE2_ADV/CLKOUT1  n/a            160.000       15.385      144.615    PLLE2_ADV_X0Y0  inst_CLK_RST_MANAGER/inst_pll/inst/plle2_adv_inst/CLKOUT1
Low Pulse Width   Slow    FDPE/C             n/a            0.500         7.692       7.192      SLICE_X102Y104  inst_CLK_RST_MANAGER/inst_olo_base_vga_reset_gen/RstSyncChain_reg[0]/C
Low Pulse Width   Fast    FDPE/C             n/a            0.500         7.692       7.192      SLICE_X102Y104  inst_CLK_RST_MANAGER/inst_olo_base_vga_reset_gen/RstSyncChain_reg[0]/C
Low Pulse Width   Slow    FDPE/C             n/a            0.500         7.692       7.192      SLICE_X102Y104  inst_CLK_RST_MANAGER/inst_olo_base_vga_reset_gen/RstSyncChain_reg[1]/C
Low Pulse Width   Fast    FDPE/C             n/a            0.500         7.692       7.192      SLICE_X102Y104  inst_CLK_RST_MANAGER/inst_olo_base_vga_reset_gen/RstSyncChain_reg[1]/C
Low Pulse Width   Slow    FDPE/C             n/a            0.500         7.692       7.192      SLICE_X102Y104  inst_CLK_RST_MANAGER/inst_olo_base_vga_reset_gen/RstSyncChain_reg[2]/C
Low Pulse Width   Fast    FDPE/C             n/a            0.500         7.692       7.192      SLICE_X102Y104  inst_CLK_RST_MANAGER/inst_olo_base_vga_reset_gen/RstSyncChain_reg[2]/C
Low Pulse Width   Slow    FDRE/C             n/a            0.500         7.692       7.192      SLICE_X102Y103  inst_CLK_RST_MANAGER/inst_olo_base_vga_reset_gen/g_sync.DsSync_reg[0]/C
Low Pulse Width   Fast    FDRE/C             n/a            0.500         7.692       7.192      SLICE_X102Y103  inst_CLK_RST_MANAGER/inst_olo_base_vga_reset_gen/g_sync.DsSync_reg[0]/C
Low Pulse Width   Slow    FDRE/C             n/a            0.500         7.692       7.192      SLICE_X102Y103  inst_CLK_RST_MANAGER/inst_olo_base_vga_reset_gen/g_sync.DsSync_reg[1]/C
Low Pulse Width   Fast    FDRE/C             n/a            0.500         7.692       7.192      SLICE_X102Y103  inst_CLK_RST_MANAGER/inst_olo_base_vga_reset_gen/g_sync.DsSync_reg[1]/C
High Pulse Width  Slow    FDPE/C             n/a            0.500         7.692       7.192      SLICE_X102Y104  inst_CLK_RST_MANAGER/inst_olo_base_vga_reset_gen/RstSyncChain_reg[0]/C
High Pulse Width  Fast    FDPE/C             n/a            0.500         7.692       7.192      SLICE_X102Y104  inst_CLK_RST_MANAGER/inst_olo_base_vga_reset_gen/RstSyncChain_reg[0]/C
High Pulse Width  Slow    FDPE/C             n/a            0.500         7.692       7.192      SLICE_X102Y104  inst_CLK_RST_MANAGER/inst_olo_base_vga_reset_gen/RstSyncChain_reg[1]/C
High Pulse Width  Fast    FDPE/C             n/a            0.500         7.692       7.192      SLICE_X102Y104  inst_CLK_RST_MANAGER/inst_olo_base_vga_reset_gen/RstSyncChain_reg[1]/C
High Pulse Width  Slow    FDPE/C             n/a            0.500         7.692       7.192      SLICE_X102Y104  inst_CLK_RST_MANAGER/inst_olo_base_vga_reset_gen/RstSyncChain_reg[2]/C
High Pulse Width  Fast    FDPE/C             n/a            0.500         7.692       7.192      SLICE_X102Y104  inst_CLK_RST_MANAGER/inst_olo_base_vga_reset_gen/RstSyncChain_reg[2]/C
High Pulse Width  Slow    FDRE/C             n/a            0.500         7.692       7.192      SLICE_X102Y103  inst_CLK_RST_MANAGER/inst_olo_base_vga_reset_gen/g_sync.DsSync_reg[0]/C
High Pulse Width  Fast    FDRE/C             n/a            0.500         7.692       7.192      SLICE_X102Y103  inst_CLK_RST_MANAGER/inst_olo_base_vga_reset_gen/g_sync.DsSync_reg[0]/C
High Pulse Width  Slow    FDRE/C             n/a            0.500         7.692       7.192      SLICE_X102Y103  inst_CLK_RST_MANAGER/inst_olo_base_vga_reset_gen/g_sync.DsSync_reg[1]/C
High Pulse Width  Fast    FDRE/C             n/a            0.500         7.692       7.192      SLICE_X102Y103  inst_CLK_RST_MANAGER/inst_olo_base_vga_reset_gen/g_sync.DsSync_reg[1]/C



---------------------------------------------------------------------------------------------------
From Clock:  clkfbout_clk_wiz_0
  To Clock:  clkfbout_clk_wiz_0

Setup :           NA  Failing Endpoints,  Worst Slack           NA  ,  Total Violation           NA
Hold  :           NA  Failing Endpoints,  Worst Slack           NA  ,  Total Violation           NA
PW    :            0  Failing Endpoints,  Worst Slack        7.845ns,  Total Violation        0.000ns
---------------------------------------------------------------------------------------------------


Pulse Width Checks
--------------------------------------------------------------------------------------
Clock Name:         clkfbout_clk_wiz_0
Waveform(ns):       { 0.000 5.000 }
Period(ns):         10.000
Sources:            { inst_CLK_RST_MANAGER/inst_pll/inst/plle2_adv_inst/CLKFBOUT }

Check Type  Corner  Lib Pin             Reference Pin  Required(ns)  Actual(ns)  Slack(ns)  Location        Pin
Min Period  n/a     BUFG/I              n/a            2.155         10.000      7.845      BUFGCTRL_X0Y2   inst_CLK_RST_MANAGER/inst_pll/inst/clkf_buf/I
Min Period  n/a     PLLE2_ADV/CLKFBOUT  n/a            1.249         10.000      8.751      PLLE2_ADV_X0Y0  inst_CLK_RST_MANAGER/inst_pll/inst/plle2_adv_inst/CLKFBOUT
Min Period  n/a     PLLE2_ADV/CLKFBIN   n/a            1.249         10.000      8.751      PLLE2_ADV_X0Y0  inst_CLK_RST_MANAGER/inst_pll/inst/plle2_adv_inst/CLKFBIN
Max Period  n/a     PLLE2_ADV/CLKFBIN   n/a            52.633        10.000      42.633     PLLE2_ADV_X0Y0  inst_CLK_RST_MANAGER/inst_pll/inst/plle2_adv_inst/CLKFBIN
Max Period  n/a     PLLE2_ADV/CLKFBOUT  n/a            160.000       10.000      150.000    PLLE2_ADV_X0Y0  inst_CLK_RST_MANAGER/inst_pll/inst/plle2_adv_inst/CLKFBOUT



---------------------------------------------------------------------------------------------------
From Clock:  input port clock
  To Clock:  clk_out1_clk_wiz_0

Setup :            0  Failing Endpoints,  Worst Slack       16.908ns,  Total Violation        0.000ns
Hold  :           NA  Failing Endpoints,  Worst Slack           NA  ,  Total Violation           NA
---------------------------------------------------------------------------------------------------


Max Delay Paths
--------------------------------------------------------------------------------------
Slack (MET) :             16.908ns  (required time - arrival time)
  Source:                 PAD_I_SWITCH_6
                            (input port)
  Destination:            inst_olo_intf_sync/Reg0_reg[6]/D
                            (rising edge-triggered cell FDRE clocked by clk_out1_clk_wiz_0  {rise@0.000ns fall@10.000ns period=20.000ns})
  Path Group:             clk_out1_clk_wiz_0
  Path Type:              Setup (Max at Slow Process Corner)
  Requirement:            20.000ns  (MaxDelay Path 20.000ns)
  Data Path Delay:        3.049ns  (logic 0.939ns (30.809%)  route 2.109ns (69.191%))
  Logic Levels:           1  (IBUF=1)
  Timing Exception:       MaxDelay Path 20.000ns -datapath_only

    Location             Delay type                Incr(ns)  Path(ns)    Netlist Resource(s)
  -------------------------------------------------------------------    -------------------
    H17                                               0.000     0.000 r  PAD_I_SWITCH_6 (IN)
                         net (fo=0)                   0.000     0.000    PAD_I_SWITCH_6
    H17                  IBUF (Prop_ibuf_I_O)         0.939     0.939 r  PAD_I_SWITCH_6_IBUF_inst/O
                         net (fo=1, routed)           2.109     3.049    inst_olo_intf_sync/DataAsync[6]
    SLICE_X112Y113       FDRE                                         r  inst_olo_intf_sync/Reg0_reg[6]/D
  -------------------------------------------------------------------    -------------------

                         max delay                   20.000    20.000
    SLICE_X112Y113       FDRE (Setup_fdre_C_D)       -0.043    19.957    inst_olo_intf_sync/Reg0_reg[6]
  -------------------------------------------------------------------
                         required time                         19.957
                         arrival time                          -3.049
  -------------------------------------------------------------------
                         slack                                 16.908

Slack (MET) :             17.693ns  (required time - arrival time)
  Source:                 PAD_I_SWITCH_7
                            (input port)
  Destination:            inst_olo_intf_sync/Reg0_reg[7]/D
                            (rising edge-triggered cell FDRE clocked by clk_out1_clk_wiz_0  {rise@0.000ns fall@10.000ns period=20.000ns})
  Path Group:             clk_out1_clk_wiz_0
  Path Type:              Setup (Max at Slow Process Corner)
  Requirement:            20.000ns  (MaxDelay Path 20.000ns)
  Data Path Delay:        2.212ns  (logic 0.956ns (43.213%)  route 1.256ns (56.787%))
  Logic Levels:           1  (IBUF=1)
  Timing Exception:       MaxDelay Path 20.000ns -datapath_only

    Location             Delay type                Incr(ns)  Path(ns)    Netlist Resource(s)
  -------------------------------------------------------------------    -------------------
    M15                                               0.000     0.000 r  PAD_I_SWITCH_7 (IN)
                         net (fo=0)                   0.000     0.000    PAD_I_SWITCH_7
    M15                  IBUF (Prop_ibuf_I_O)         0.956     0.956 r  PAD_I_SWITCH_7_IBUF_inst/O
                         net (fo=1, routed)           1.256     2.212    inst_olo_intf_sync/DataAsync[7]
    SLICE_X110Y98        FDRE                                         r  inst_olo_intf_sync/Reg0_reg[7]/D
  -------------------------------------------------------------------    -------------------

                         max delay                   20.000    20.000
    SLICE_X110Y98        FDRE (Setup_fdre_C_D)       -0.095    19.905    inst_olo_intf_sync/Reg0_reg[7]
  -------------------------------------------------------------------
                         required time                         19.905
                         arrival time                          -2.212
  -------------------------------------------------------------------
                         slack                                 17.693

Slack (MET) :             17.930ns  (required time - arrival time)
  Source:                 PAD_I_SWITCH_0
                            (input port)
  Destination:            inst_olo_intf_sync/Reg0_reg[0]/D
                            (rising edge-triggered cell FDRE clocked by clk_out1_clk_wiz_0  {rise@0.000ns fall@10.000ns period=20.000ns})
  Path Group:             clk_out1_clk_wiz_0
  Path Type:              Setup (Max at Slow Process Corner)
  Requirement:            20.000ns  (MaxDelay Path 20.000ns)
  Data Path Delay:        1.975ns  (logic 0.972ns (49.209%)  route 1.003ns (50.791%))
  Logic Levels:           1  (IBUF=1)
  Timing Exception:       MaxDelay Path 20.000ns -datapath_only

    Location             Delay type                Incr(ns)  Path(ns)    Netlist Resource(s)
  -------------------------------------------------------------------    -------------------
    F22                                               0.000     0.000 r  PAD_I_SWITCH_0 (IN)
                         net (fo=0)                   0.000     0.000    PAD_I_SWITCH_0
    F22                  IBUF (Prop_ibuf_I_O)         0.972     0.972 r  PAD_I_SWITCH_0_IBUF_inst/O
                         net (fo=1, routed)           1.003     1.975    inst_olo_intf_sync/DataAsync[0]
    SLICE_X113Y104       FDRE                                         r  inst_olo_intf_sync/Reg0_reg[0]/D
  -------------------------------------------------------------------    -------------------

                         max delay                   20.000    20.000
    SLICE_X113Y104       FDRE (Setup_fdre_C_D)       -0.095    19.905    inst_olo_intf_sync/Reg0_reg[0]
  -------------------------------------------------------------------
                         required time                         19.905
                         arrival time                          -1.975
  -------------------------------------------------------------------
                         slack                                 17.930

Slack (MET) :             17.957ns  (required time - arrival time)
  Source:                 PAD_I_SWITCH_3
                            (input port)
  Destination:            inst_olo_intf_sync/Reg0_reg[3]/D
                            (rising edge-triggered cell FDRE clocked by clk_out1_clk_wiz_0  {rise@0.000ns fall@10.000ns period=20.000ns})
  Path Group:             clk_out1_clk_wiz_0
  Path Type:              Setup (Max at Slow Process Corner)
  Requirement:            20.000ns  (MaxDelay Path 20.000ns)
  Data Path Delay:        1.996ns  (logic 0.989ns (49.567%)  route 1.006ns (50.433%))
  Logic Levels:           1  (IBUF=1)
  Timing Exception:       MaxDelay Path 20.000ns -datapath_only

    Location             Delay type                Incr(ns)  Path(ns)    Netlist Resource(s)
  -------------------------------------------------------------------    -------------------
    F21                                               0.000     0.000 r  PAD_I_SWITCH_3 (IN)
                         net (fo=0)                   0.000     0.000    PAD_I_SWITCH_3
    F21                  IBUF (Prop_ibuf_I_O)         0.989     0.989 r  PAD_I_SWITCH_3_IBUF_inst/O
                         net (fo=1, routed)           1.006     1.996    inst_olo_intf_sync/DataAsync[3]
    SLICE_X112Y105       FDRE                                         r  inst_olo_intf_sync/Reg0_reg[3]/D
  -------------------------------------------------------------------    -------------------

                         max delay                   20.000    20.000
    SLICE_X112Y105       FDRE (Setup_fdre_C_D)       -0.047    19.953    inst_olo_intf_sync/Reg0_reg[3]
  -------------------------------------------------------------------
                         required time                         19.953
                         arrival time                          -1.996
  -------------------------------------------------------------------
                         slack                                 17.957

Slack (MET) :             18.006ns  (required time - arrival time)
  Source:                 PAD_I_SWITCH_2
                            (input port)
  Destination:            inst_olo_intf_sync/Reg0_reg[2]/D
                            (rising edge-triggered cell FDRE clocked by clk_out1_clk_wiz_0  {rise@0.000ns fall@10.000ns period=20.000ns})
  Path Group:             clk_out1_clk_wiz_0
  Path Type:              Setup (Max at Slow Process Corner)
  Requirement:            20.000ns  (MaxDelay Path 20.000ns)
  Data Path Delay:        1.947ns  (logic 0.941ns (48.318%)  route 1.006ns (51.682%))
  Logic Levels:           1  (IBUF=1)
  Timing Exception:       MaxDelay Path 20.000ns -datapath_only

    Location             Delay type                Incr(ns)  Path(ns)    Netlist Resource(s)
  -------------------------------------------------------------------    -------------------
    H22                                               0.000     0.000 r  PAD_I_SWITCH_2 (IN)
                         net (fo=0)                   0.000     0.000    PAD_I_SWITCH_2
    H22                  IBUF (Prop_ibuf_I_O)         0.941     0.941 r  PAD_I_SWITCH_2_IBUF_inst/O
                         net (fo=1, routed)           1.006     1.947    inst_olo_intf_sync/DataAsync[2]
    SLICE_X112Y103       FDRE                                         r  inst_olo_intf_sync/Reg0_reg[2]/D
  -------------------------------------------------------------------    -------------------

                         max delay                   20.000    20.000
    SLICE_X112Y103       FDRE (Setup_fdre_C_D)       -0.047    19.953    inst_olo_intf_sync/Reg0_reg[2]
  -------------------------------------------------------------------
                         required time                         19.953
                         arrival time                          -1.947
  -------------------------------------------------------------------
                         slack                                 18.006

Slack (MET) :             18.028ns  (required time - arrival time)
  Source:                 PAD_I_SWITCH_4
                            (input port)
  Destination:            inst_olo_intf_sync/Reg0_reg[4]/D
                            (rising edge-triggered cell FDRE clocked by clk_out1_clk_wiz_0  {rise@0.000ns fall@10.000ns period=20.000ns})
  Path Group:             clk_out1_clk_wiz_0
  Path Type:              Setup (Max at Slow Process Corner)
  Requirement:            20.000ns  (MaxDelay Path 20.000ns)
  Data Path Delay:        1.925ns  (logic 0.919ns (47.722%)  route 1.006ns (52.278%))
  Logic Levels:           1  (IBUF=1)
  Timing Exception:       MaxDelay Path 20.000ns -datapath_only

    Location             Delay type                Incr(ns)  Path(ns)    Netlist Resource(s)
  -------------------------------------------------------------------    -------------------
    H19                                               0.000     0.000 r  PAD_I_SWITCH_4 (IN)
                         net (fo=0)                   0.000     0.000    PAD_I_SWITCH_4
    H19                  IBUF (Prop_ibuf_I_O)         0.919     0.919 r  PAD_I_SWITCH_4_IBUF_inst/O
                         net (fo=1, routed)           1.006     1.925    inst_olo_intf_sync/DataAsync[4]
    SLICE_X112Y113       FDRE                                         r  inst_olo_intf_sync/Reg0_reg[4]/D
  -------------------------------------------------------------------    -------------------

                         max delay                   20.000    20.000
    SLICE_X112Y113       FDRE (Setup_fdre_C_D)       -0.047    19.953    inst_olo_intf_sync/Reg0_reg[4]
  -------------------------------------------------------------------
                         required time                         19.953
                         arrival time                          -1.925
  -------------------------------------------------------------------
                         slack                                 18.028

Slack (MET) :             18.088ns  (required time - arrival time)
  Source:                 PAD_I_SWITCH_1
                            (input port)
  Destination:            inst_olo_intf_sync/Reg0_reg[1]/D
                            (rising edge-triggered cell FDRE clocked by clk_out1_clk_wiz_0  {rise@0.000ns fall@10.000ns period=20.000ns})
  Path Group:             clk_out1_clk_wiz_0
  Path Type:              Setup (Max at Slow Process Corner)
  Requirement:            20.000ns  (MaxDelay Path 20.000ns)
  Data Path Delay:        1.817ns  (logic 0.954ns (52.528%)  route 0.863ns (47.472%))
  Logic Levels:           1  (IBUF=1)
  Timing Exception:       MaxDelay Path 20.000ns -datapath_only

    Location             Delay type                Incr(ns)  Path(ns)    Netlist Resource(s)
  -------------------------------------------------------------------    -------------------
    G22                                               0.000     0.000 r  PAD_I_SWITCH_1 (IN)
                         net (fo=0)                   0.000     0.000    PAD_I_SWITCH_1
    G22                  IBUF (Prop_ibuf_I_O)         0.954     0.954 r  PAD_I_SWITCH_1_IBUF_inst/O
                         net (fo=1, routed)           0.863     1.817    inst_olo_intf_sync/DataAsync[1]
    SLICE_X110Y101       FDRE                                         r  inst_olo_intf_sync/Reg0_reg[1]/D
  -------------------------------------------------------------------    -------------------

                         max delay                   20.000    20.000
    SLICE_X110Y101       FDRE (Setup_fdre_C_D)       -0.095    19.905    inst_olo_intf_sync/Reg0_reg[1]
  -------------------------------------------------------------------
                         required time                         19.905
                         arrival time                          -1.817
  -------------------------------------------------------------------
                         slack                                 18.088

Slack (MET) :             18.108ns  (required time - arrival time)
  Source:                 PAD_I_SWITCH_5
                            (input port)
  Destination:            inst_olo_intf_sync/Reg0_reg[5]/D
                            (rising edge-triggered cell FDRE clocked by clk_out1_clk_wiz_0  {rise@0.000ns fall@10.000ns period=20.000ns})
  Path Group:             clk_out1_clk_wiz_0
  Path Type:              Setup (Max at Slow Process Corner)
  Requirement:            20.000ns  (MaxDelay Path 20.000ns)
  Data Path Delay:        1.797ns  (logic 0.934ns (51.998%)  route 0.863ns (48.002%))
  Logic Levels:           1  (IBUF=1)
  Timing Exception:       MaxDelay Path 20.000ns -datapath_only

    Location             Delay type                Incr(ns)  Path(ns)    Netlist Resource(s)
  -------------------------------------------------------------------    -------------------
    H18                                               0.000     0.000 r  PAD_I_SWITCH_5 (IN)
                         net (fo=0)                   0.000     0.000    PAD_I_SWITCH_5
    H18                  IBUF (Prop_ibuf_I_O)         0.934     0.934 r  PAD_I_SWITCH_5_IBUF_inst/O
                         net (fo=1, routed)           0.863     1.797    inst_olo_intf_sync/DataAsync[5]
    SLICE_X110Y100       FDRE                                         r  inst_olo_intf_sync/Reg0_reg[5]/D
  -------------------------------------------------------------------    -------------------

                         max delay                   20.000    20.000
    SLICE_X110Y100       FDRE (Setup_fdre_C_D)       -0.095    19.905    inst_olo_intf_sync/Reg0_reg[5]
  -------------------------------------------------------------------
                         required time                         19.905
                         arrival time                          -1.797
  -------------------------------------------------------------------
                         slack                                 18.108





---------------------------------------------------------------------------------------------------
From Clock:  clk_out2_clk_wiz_0
  To Clock:  clk_out1_clk_wiz_0

Setup :            0  Failing Endpoints,  Worst Slack       13.795ns,  Total Violation        0.000ns
Hold  :           NA  Failing Endpoints,  Worst Slack           NA  ,  Total Violation           NA
---------------------------------------------------------------------------------------------------


Max Delay Paths
--------------------------------------------------------------------------------------
Slack (MET) :             13.795ns  (required time - arrival time)
  Source:                 inst_vga/inst_olo_base_cc_status/i_bcc/i_rst/RstALatch_reg/C
                            (rising edge-triggered cell FDRE clocked by clk_out2_clk_wiz_0  {rise@0.000ns fall@7.692ns period=15.385ns})
  Destination:            inst_vga/inst_olo_base_cc_status/i_bcc/i_rst/RstRqstA2B_reg[0]/PRE
                            (rising edge-triggered cell FDPE clocked by clk_out1_clk_wiz_0  {rise@0.000ns fall@10.000ns period=20.000ns})
  Path Group:             clk_out1_clk_wiz_0
  Path Type:              Recovery (Max at Slow Process Corner)
  Requirement:            15.385ns  (MaxDelay Path 15.385ns)
  Data Path Delay:        1.231ns  (logic 0.518ns (42.089%)  route 0.713ns (57.911%))
  Logic Levels:           0
  Timing Exception:       MaxDelay Path 15.385ns -datapath_only

    Location             Delay type                Incr(ns)  Path(ns)    Netlist Resource(s)
  -------------------------------------------------------------------    -------------------
    SLICE_X102Y99                                     0.000     0.000 r  inst_vga/inst_olo_base_cc_status/i_bcc/i_rst/RstALatch_reg/C
    SLICE_X102Y99        FDRE (Prop_fdre_C_Q)         0.518     0.518 f  inst_vga/inst_olo_base_cc_status/i_bcc/i_rst/RstALatch_reg/Q
                         net (fo=5, routed)           0.713     1.231    inst_vga/inst_olo_base_cc_status/i_bcc/i_rst/RstALatch
    SLICE_X105Y100       FDPE                                         f  inst_vga/inst_olo_base_cc_status/i_bcc/i_rst/RstRqstA2B_reg[0]/PRE
  -------------------------------------------------------------------    -------------------

                         max delay                   15.385    15.385
    SLICE_X105Y100       FDPE (Recov_fdpe_C_PRE)     -0.359    15.026    inst_vga/inst_olo_base_cc_status/i_bcc/i_rst/RstRqstA2B_reg[0]
  -------------------------------------------------------------------
                         required time                         15.026
                         arrival time                          -1.231
  -------------------------------------------------------------------
                         slack                                 13.795

Slack (MET) :             13.795ns  (required time - arrival time)
  Source:                 inst_vga/inst_olo_base_cc_status/i_bcc/i_rst/RstALatch_reg/C
                            (rising edge-triggered cell FDRE clocked by clk_out2_clk_wiz_0  {rise@0.000ns fall@7.692ns period=15.385ns})
  Destination:            inst_vga/inst_olo_base_cc_status/i_bcc/i_rst/RstRqstA2B_reg[1]/PRE
                            (rising edge-triggered cell FDPE clocked by clk_out1_clk_wiz_0  {rise@0.000ns fall@10.000ns period=20.000ns})
  Path Group:             clk_out1_clk_wiz_0
  Path Type:              Recovery (Max at Slow Process Corner)
  Requirement:            15.385ns  (MaxDelay Path 15.385ns)
  Data Path Delay:        1.231ns  (logic 0.518ns (42.089%)  route 0.713ns (57.911%))
  Logic Levels:           0
  Timing Exception:       MaxDelay Path 15.385ns -datapath_only

    Location             Delay type                Incr(ns)  Path(ns)    Netlist Resource(s)
  -------------------------------------------------------------------    -------------------
    SLICE_X102Y99                                     0.000     0.000 r  inst_vga/inst_olo_base_cc_status/i_bcc/i_rst/RstALatch_reg/C
    SLICE_X102Y99        FDRE (Prop_fdre_C_Q)         0.518     0.518 f  inst_vga/inst_olo_base_cc_status/i_bcc/i_rst/RstALatch_reg/Q
                         net (fo=5, routed)           0.713     1.231    inst_vga/inst_olo_base_cc_status/i_bcc/i_rst/RstALatch
    SLICE_X105Y100       FDPE                                         f  inst_vga/inst_olo_base_cc_status/i_bcc/i_rst/RstRqstA2B_reg[1]/PRE
  -------------------------------------------------------------------    -------------------

                         max delay                   15.385    15.385
    SLICE_X105Y100       FDPE (Recov_fdpe_C_PRE)     -0.359    15.026    inst_vga/inst_olo_base_cc_status/i_bcc/i_rst/RstRqstA2B_reg[1]
  -------------------------------------------------------------------
                         required time                         15.026
                         arrival time                          -1.231
  -------------------------------------------------------------------
                         slack                                 13.795

Slack (MET) :             13.795ns  (required time - arrival time)
  Source:                 inst_vga/inst_olo_base_cc_status/i_bcc/i_rst/RstALatch_reg/C
                            (rising edge-triggered cell FDRE clocked by clk_out2_clk_wiz_0  {rise@0.000ns fall@7.692ns period=15.385ns})
  Destination:            inst_vga/inst_olo_base_cc_status/i_bcc/i_rst/RstRqstA2B_reg[2]/PRE
                            (rising edge-triggered cell FDPE clocked by clk_out1_clk_wiz_0  {rise@0.000ns fall@10.000ns period=20.000ns})
  Path Group:             clk_out1_clk_wiz_0
  Path Type:              Recovery (Max at Slow Process Corner)
  Requirement:            15.385ns  (MaxDelay Path 15.385ns)
  Data Path Delay:        1.231ns  (logic 0.518ns (42.089%)  route 0.713ns (57.911%))
  Logic Levels:           0
  Timing Exception:       MaxDelay Path 15.385ns -datapath_only

    Location             Delay type                Incr(ns)  Path(ns)    Netlist Resource(s)
  -------------------------------------------------------------------    -------------------
    SLICE_X102Y99                                     0.000     0.000 r  inst_vga/inst_olo_base_cc_status/i_bcc/i_rst/RstALatch_reg/C
    SLICE_X102Y99        FDRE (Prop_fdre_C_Q)         0.518     0.518 f  inst_vga/inst_olo_base_cc_status/i_bcc/i_rst/RstALatch_reg/Q
                         net (fo=5, routed)           0.713     1.231    inst_vga/inst_olo_base_cc_status/i_bcc/i_rst/RstALatch
    SLICE_X105Y100       FDPE                                         f  inst_vga/inst_olo_base_cc_status/i_bcc/i_rst/RstRqstA2B_reg[2]/PRE
  -------------------------------------------------------------------    -------------------

                         max delay                   15.385    15.385
    SLICE_X105Y100       FDPE (Recov_fdpe_C_PRE)     -0.359    15.026    inst_vga/inst_olo_base_cc_status/i_bcc/i_rst/RstRqstA2B_reg[2]
  -------------------------------------------------------------------
                         required time                         15.026
                         arrival time                          -1.231
  -------------------------------------------------------------------
                         slack                                 13.795

Slack (MET) :             14.029ns  (required time - arrival time)
  Source:                 inst_vga/inst_olo_base_cc_status/i_scc/i_pulse_cc/i_rst/RstBLatch_reg/C
                            (rising edge-triggered cell FDRE clocked by clk_out2_clk_wiz_0  {rise@0.000ns fall@7.692ns period=15.385ns})
  Destination:            inst_vga/inst_olo_base_cc_status/i_scc/i_pulse_cc/i_rst/RstRqstB2A_reg[0]/PRE
                            (rising edge-triggered cell FDPE clocked by clk_out1_clk_wiz_0  {rise@0.000ns fall@10.000ns period=20.000ns})
  Path Group:             clk_out1_clk_wiz_0
  Path Type:              Recovery (Max at Slow Process Corner)
  Requirement:            15.385ns  (MaxDelay Path 15.385ns)
  Data Path Delay:        0.997ns  (logic 0.456ns (45.757%)  route 0.541ns (54.243%))
  Logic Levels:           0
  Timing Exception:       MaxDelay Path 15.385ns -datapath_only

    Location             Delay type                Incr(ns)  Path(ns)    Netlist Resource(s)
  -------------------------------------------------------------------    -------------------
    SLICE_X99Y102                                     0.000     0.000 r  inst_vga/inst_olo_base_cc_status/i_scc/i_pulse_cc/i_rst/RstBLatch_reg/C
    SLICE_X99Y102        FDRE (Prop_fdre_C_Q)         0.456     0.456 f  inst_vga/inst_olo_base_cc_status/i_scc/i_pulse_cc/i_rst/RstBLatch_reg/Q
                         net (fo=5, routed)           0.541     0.997    inst_vga/inst_olo_base_cc_status/i_scc/i_pulse_cc/i_rst/RstBLatch
    SLICE_X101Y101       FDPE                                         f  inst_vga/inst_olo_base_cc_status/i_scc/i_pulse_cc/i_rst/RstRqstB2A_reg[0]/PRE
  -------------------------------------------------------------------    -------------------

                         max delay                   15.385    15.385
    SLICE_X101Y101       FDPE (Recov_fdpe_C_PRE)     -0.359    15.026    inst_vga/inst_olo_base_cc_status/i_scc/i_pulse_cc/i_rst/RstRqstB2A_reg[0]
  -------------------------------------------------------------------
                         required time                         15.026
                         arrival time                          -0.997
  -------------------------------------------------------------------
                         slack                                 14.029

Slack (MET) :             14.029ns  (required time - arrival time)
  Source:                 inst_vga/inst_olo_base_cc_status/i_scc/i_pulse_cc/i_rst/RstBLatch_reg/C
                            (rising edge-triggered cell FDRE clocked by clk_out2_clk_wiz_0  {rise@0.000ns fall@7.692ns period=15.385ns})
  Destination:            inst_vga/inst_olo_base_cc_status/i_scc/i_pulse_cc/i_rst/RstRqstB2A_reg[1]/PRE
                            (rising edge-triggered cell FDPE clocked by clk_out1_clk_wiz_0  {rise@0.000ns fall@10.000ns period=20.000ns})
  Path Group:             clk_out1_clk_wiz_0
  Path Type:              Recovery (Max at Slow Process Corner)
  Requirement:            15.385ns  (MaxDelay Path 15.385ns)
  Data Path Delay:        0.997ns  (logic 0.456ns (45.757%)  route 0.541ns (54.243%))
  Logic Levels:           0
  Timing Exception:       MaxDelay Path 15.385ns -datapath_only

    Location             Delay type                Incr(ns)  Path(ns)    Netlist Resource(s)
  -------------------------------------------------------------------    -------------------
    SLICE_X99Y102                                     0.000     0.000 r  inst_vga/inst_olo_base_cc_status/i_scc/i_pulse_cc/i_rst/RstBLatch_reg/C
    SLICE_X99Y102        FDRE (Prop_fdre_C_Q)         0.456     0.456 f  inst_vga/inst_olo_base_cc_status/i_scc/i_pulse_cc/i_rst/RstBLatch_reg/Q
                         net (fo=5, routed)           0.541     0.997    inst_vga/inst_olo_base_cc_status/i_scc/i_pulse_cc/i_rst/RstBLatch
    SLICE_X101Y101       FDPE                                         f  inst_vga/inst_olo_base_cc_status/i_scc/i_pulse_cc/i_rst/RstRqstB2A_reg[1]/PRE
  -------------------------------------------------------------------    -------------------

                         max delay                   15.385    15.385
    SLICE_X101Y101       FDPE (Recov_fdpe_C_PRE)     -0.359    15.026    inst_vga/inst_olo_base_cc_status/i_scc/i_pulse_cc/i_rst/RstRqstB2A_reg[1]
  -------------------------------------------------------------------
                         required time                         15.026
                         arrival time                          -0.997
  -------------------------------------------------------------------
                         slack                                 14.029

Slack (MET) :             14.029ns  (required time - arrival time)
  Source:                 inst_vga/inst_olo_base_cc_status/i_scc/i_pulse_cc/i_rst/RstBLatch_reg/C
                            (rising edge-triggered cell FDRE clocked by clk_out2_clk_wiz_0  {rise@0.000ns fall@7.692ns period=15.385ns})
  Destination:            inst_vga/inst_olo_base_cc_status/i_scc/i_pulse_cc/i_rst/RstRqstB2A_reg[2]/PRE
                            (rising edge-triggered cell FDPE clocked by clk_out1_clk_wiz_0  {rise@0.000ns fall@10.000ns period=20.000ns})
  Path Group:             clk_out1_clk_wiz_0
  Path Type:              Recovery (Max at Slow Process Corner)
  Requirement:            15.385ns  (MaxDelay Path 15.385ns)
  Data Path Delay:        0.997ns  (logic 0.456ns (45.757%)  route 0.541ns (54.243%))
  Logic Levels:           0
  Timing Exception:       MaxDelay Path 15.385ns -datapath_only

    Location             Delay type                Incr(ns)  Path(ns)    Netlist Resource(s)
  -------------------------------------------------------------------    -------------------
    SLICE_X99Y102                                     0.000     0.000 r  inst_vga/inst_olo_base_cc_status/i_scc/i_pulse_cc/i_rst/RstBLatch_reg/C
    SLICE_X99Y102        FDRE (Prop_fdre_C_Q)         0.456     0.456 f  inst_vga/inst_olo_base_cc_status/i_scc/i_pulse_cc/i_rst/RstBLatch_reg/Q
                         net (fo=5, routed)           0.541     0.997    inst_vga/inst_olo_base_cc_status/i_scc/i_pulse_cc/i_rst/RstBLatch
    SLICE_X101Y101       FDPE                                         f  inst_vga/inst_olo_base_cc_status/i_scc/i_pulse_cc/i_rst/RstRqstB2A_reg[2]/PRE
  -------------------------------------------------------------------    -------------------

                         max delay                   15.385    15.385
    SLICE_X101Y101       FDPE (Recov_fdpe_C_PRE)     -0.359    15.026    inst_vga/inst_olo_base_cc_status/i_scc/i_pulse_cc/i_rst/RstRqstB2A_reg[2]
  -------------------------------------------------------------------
                         required time                         15.026
                         arrival time                          -0.997
  -------------------------------------------------------------------
                         slack                                 14.029

Slack (MET) :             14.221ns  (required time - arrival time)
  Source:                 inst_vga/inst_olo_base_cc_status/i_bcc/i_rst/i_acka2b/RegIn_reg[0]/C
                            (rising edge-triggered cell FDRE clocked by clk_out2_clk_wiz_0  {rise@0.000ns fall@7.692ns period=15.385ns})
  Destination:            inst_vga/inst_olo_base_cc_status/i_bcc/i_rst/i_acka2b/Reg0_reg[0]/D
                            (rising edge-triggered cell FDRE clocked by clk_out1_clk_wiz_0  {rise@0.000ns fall@10.000ns period=20.000ns})
  Path Group:             clk_out1_clk_wiz_0
  Path Type:              Setup (Max at Slow Process Corner)
  Requirement:            15.385ns  (MaxDelay Path 15.385ns)
  Data Path Delay:        0.942ns  (logic 0.419ns (44.485%)  route 0.523ns (55.515%))
  Logic Levels:           0
  Timing Exception:       MaxDelay Path 15.385ns -datapath_only

    Location             Delay type                Incr(ns)  Path(ns)    Netlist Resource(s)
  -------------------------------------------------------------------    -------------------
    SLICE_X103Y101                                    0.000     0.000 r  inst_vga/inst_olo_base_cc_status/i_bcc/i_rst/i_acka2b/RegIn_reg[0]/C
    SLICE_X103Y101       FDRE (Prop_fdre_C_Q)         0.419     0.419 r  inst_vga/inst_olo_base_cc_status/i_bcc/i_rst/i_acka2b/RegIn_reg[0]/Q
                         net (fo=1, routed)           0.523     0.942    inst_vga/inst_olo_base_cc_status/i_bcc/i_rst/i_acka2b/RegIn[0]
    SLICE_X103Y102       FDRE                                         r  inst_vga/inst_olo_base_cc_status/i_bcc/i_rst/i_acka2b/Reg0_reg[0]/D
  -------------------------------------------------------------------    -------------------

                         max delay                   15.385    15.385
    SLICE_X103Y102       FDRE (Setup_fdre_C_D)       -0.222    15.163    inst_vga/inst_olo_base_cc_status/i_bcc/i_rst/i_acka2b/Reg0_reg[0]
  -------------------------------------------------------------------
                         required time                         15.163
                         arrival time                          -0.942
  -------------------------------------------------------------------
                         slack                                 14.221

Slack (MET) :             14.387ns  (required time - arrival time)
  Source:                 inst_vga/inst_olo_base_cc_status/i_bcc/i_sync/RegIn_reg[0]/C
                            (rising edge-triggered cell FDRE clocked by clk_out2_clk_wiz_0  {rise@0.000ns fall@7.692ns period=15.385ns})
  Destination:            inst_vga/inst_olo_base_cc_status/i_bcc/i_sync/Reg0_reg[0]/D
                            (rising edge-triggered cell FDRE clocked by clk_out1_clk_wiz_0  {rise@0.000ns fall@10.000ns period=20.000ns})
  Path Group:             clk_out1_clk_wiz_0
  Path Type:              Setup (Max at Slow Process Corner)
  Requirement:            15.385ns  (MaxDelay Path 15.385ns)
  Data Path Delay:        0.811ns  (logic 0.478ns (58.907%)  route 0.333ns (41.093%))
  Logic Levels:           0
  Timing Exception:       MaxDelay Path 15.385ns -datapath_only

    Location             Delay type                Incr(ns)  Path(ns)    Netlist Resource(s)
  -------------------------------------------------------------------    -------------------
    SLICE_X102Y100                                    0.000     0.000 r  inst_vga/inst_olo_base_cc_status/i_bcc/i_sync/RegIn_reg[0]/C
    SLICE_X102Y100       FDRE (Prop_fdre_C_Q)         0.478     0.478 r  inst_vga/inst_olo_base_cc_status/i_bcc/i_sync/RegIn_reg[0]/Q
                         net (fo=1, routed)           0.333     0.811    inst_vga/inst_olo_base_cc_status/i_bcc/i_sync/RegIn[0]
    SLICE_X102Y101       FDRE                                         r  inst_vga/inst_olo_base_cc_status/i_bcc/i_sync/Reg0_reg[0]/D
  -------------------------------------------------------------------    -------------------

                         max delay                   15.385    15.385
    SLICE_X102Y101       FDRE (Setup_fdre_C_D)       -0.187    15.198    inst_vga/inst_olo_base_cc_status/i_bcc/i_sync/Reg0_reg[0]
  -------------------------------------------------------------------
                         required time                         15.198
                         arrival time                          -0.811
  -------------------------------------------------------------------
                         slack                                 14.387

Slack (MET) :             14.387ns  (required time - arrival time)
  Source:                 inst_vga/inst_olo_base_cc_status/i_scc/i_pulse_cc/i_rst/i_ackb2a/RegIn_reg[0]/C
                            (rising edge-triggered cell FDRE clocked by clk_out2_clk_wiz_0  {rise@0.000ns fall@7.692ns period=15.385ns})
  Destination:            inst_vga/inst_olo_base_cc_status/i_scc/i_pulse_cc/i_rst/i_ackb2a/Reg0_reg[0]/D
                            (rising edge-triggered cell FDRE clocked by clk_out1_clk_wiz_0  {rise@0.000ns fall@10.000ns period=20.000ns})
  Path Group:             clk_out1_clk_wiz_0
  Path Type:              Setup (Max at Slow Process Corner)
  Requirement:            15.385ns  (MaxDelay Path 15.385ns)
  Data Path Delay:        0.811ns  (logic 0.478ns (58.907%)  route 0.333ns (41.093%))
  Logic Levels:           0
  Timing Exception:       MaxDelay Path 15.385ns -datapath_only

    Location             Delay type                Incr(ns)  Path(ns)    Netlist Resource(s)
  -------------------------------------------------------------------    -------------------
    SLICE_X100Y102                                    0.000     0.000 r  inst_vga/inst_olo_base_cc_status/i_scc/i_pulse_cc/i_rst/i_ackb2a/RegIn_reg[0]/C
    SLICE_X100Y102       FDRE (Prop_fdre_C_Q)         0.478     0.478 r  inst_vga/inst_olo_base_cc_status/i_scc/i_pulse_cc/i_rst/i_ackb2a/RegIn_reg[0]/Q
                         net (fo=1, routed)           0.333     0.811    inst_vga/inst_olo_base_cc_status/i_scc/i_pulse_cc/i_rst/i_ackb2a/RegIn[0]
    SLICE_X100Y103       FDRE                                         r  inst_vga/inst_olo_base_cc_status/i_scc/i_pulse_cc/i_rst/i_ackb2a/Reg0_reg[0]/D
  -------------------------------------------------------------------    -------------------

                         max delay                   15.385    15.385
    SLICE_X100Y103       FDRE (Setup_fdre_C_D)       -0.187    15.198    inst_vga/inst_olo_base_cc_status/i_scc/i_pulse_cc/i_rst/i_ackb2a/Reg0_reg[0]
  -------------------------------------------------------------------
                         required time                         15.198
                         arrival time                          -0.811
  -------------------------------------------------------------------
                         slack                                 14.387





---------------------------------------------------------------------------------------------------
From Clock:  clk_out1_clk_wiz_0
  To Clock:  clk_out2_clk_wiz_0

Setup :            0  Failing Endpoints,  Worst Slack       13.630ns,  Total Violation        0.000ns
Hold  :           NA  Failing Endpoints,  Worst Slack           NA  ,  Total Violation           NA
---------------------------------------------------------------------------------------------------


Max Delay Paths
--------------------------------------------------------------------------------------
Slack (MET) :             13.630ns  (required time - arrival time)
  Source:                 inst_vga/inst_olo_base_cc_status/i_bcc/i_rst/RstBLatch_reg/C
                            (rising edge-triggered cell FDRE clocked by clk_out1_clk_wiz_0  {rise@0.000ns fall@10.000ns period=20.000ns})
  Destination:            inst_vga/inst_olo_base_cc_status/i_bcc/i_rst/RstRqstB2A_reg[0]/PRE
                            (rising edge-triggered cell FDPE clocked by clk_out2_clk_wiz_0  {rise@0.000ns fall@7.692ns period=15.385ns})
  Path Group:             clk_out2_clk_wiz_0
  Path Type:              Recovery (Max at Slow Process Corner)
  Requirement:            15.385ns  (MaxDelay Path 15.385ns)
  Data Path Delay:        1.396ns  (logic 0.456ns (32.664%)  route 0.940ns (67.336%))
  Logic Levels:           0
  Timing Exception:       MaxDelay Path 15.385ns -datapath_only

    Location             Delay type                Incr(ns)  Path(ns)    Netlist Resource(s)
  -------------------------------------------------------------------    -------------------
    SLICE_X106Y102                                    0.000     0.000 r  inst_vga/inst_olo_base_cc_status/i_bcc/i_rst/RstBLatch_reg/C
    SLICE_X106Y102       FDRE (Prop_fdre_C_Q)         0.456     0.456 f  inst_vga/inst_olo_base_cc_status/i_bcc/i_rst/RstBLatch_reg/Q
                         net (fo=5, routed)           0.940     1.396    inst_vga/inst_olo_base_cc_status/i_bcc/i_rst/RstBLatch
    SLICE_X103Y100       FDPE                                         f  inst_vga/inst_olo_base_cc_status/i_bcc/i_rst/RstRqstB2A_reg[0]/PRE
  -------------------------------------------------------------------    -------------------

                         max delay                   15.385    15.385
    SLICE_X103Y100       FDPE (Recov_fdpe_C_PRE)     -0.359    15.026    inst_vga/inst_olo_base_cc_status/i_bcc/i_rst/RstRqstB2A_reg[0]
  -------------------------------------------------------------------
                         required time                         15.026
                         arrival time                          -1.396
  -------------------------------------------------------------------
                         slack                                 13.630

Slack (MET) :             13.630ns  (required time - arrival time)
  Source:                 inst_vga/inst_olo_base_cc_status/i_bcc/i_rst/RstBLatch_reg/C
                            (rising edge-triggered cell FDRE clocked by clk_out1_clk_wiz_0  {rise@0.000ns fall@10.000ns period=20.000ns})
  Destination:            inst_vga/inst_olo_base_cc_status/i_bcc/i_rst/RstRqstB2A_reg[1]/PRE
                            (rising edge-triggered cell FDPE clocked by clk_out2_clk_wiz_0  {rise@0.000ns fall@7.692ns period=15.385ns})
  Path Group:             clk_out2_clk_wiz_0
  Path Type:              Recovery (Max at Slow Process Corner)
  Requirement:            15.385ns  (MaxDelay Path 15.385ns)
  Data Path Delay:        1.396ns  (logic 0.456ns (32.664%)  route 0.940ns (67.336%))
  Logic Levels:           0
  Timing Exception:       MaxDelay Path 15.385ns -datapath_only

    Location             Delay type                Incr(ns)  Path(ns)    Netlist Resource(s)
  -------------------------------------------------------------------    -------------------
    SLICE_X106Y102                                    0.000     0.000 r  inst_vga/inst_olo_base_cc_status/i_bcc/i_rst/RstBLatch_reg/C
    SLICE_X106Y102       FDRE (Prop_fdre_C_Q)         0.456     0.456 f  inst_vga/inst_olo_base_cc_status/i_bcc/i_rst/RstBLatch_reg/Q
                         net (fo=5, routed)           0.940     1.396    inst_vga/inst_olo_base_cc_status/i_bcc/i_rst/RstBLatch
    SLICE_X103Y100       FDPE                                         f  inst_vga/inst_olo_base_cc_status/i_bcc/i_rst/RstRqstB2A_reg[1]/PRE
  -------------------------------------------------------------------    -------------------

                         max delay                   15.385    15.385
    SLICE_X103Y100       FDPE (Recov_fdpe_C_PRE)     -0.359    15.026    inst_vga/inst_olo_base_cc_status/i_bcc/i_rst/RstRqstB2A_reg[1]
  -------------------------------------------------------------------
                         required time                         15.026
                         arrival time                          -1.396
  -------------------------------------------------------------------
                         slack                                 13.630

Slack (MET) :             13.630ns  (required time - arrival time)
  Source:                 inst_vga/inst_olo_base_cc_status/i_bcc/i_rst/RstBLatch_reg/C
                            (rising edge-triggered cell FDRE clocked by clk_out1_clk_wiz_0  {rise@0.000ns fall@10.000ns period=20.000ns})
  Destination:            inst_vga/inst_olo_base_cc_status/i_bcc/i_rst/RstRqstB2A_reg[2]/PRE
                            (rising edge-triggered cell FDPE clocked by clk_out2_clk_wiz_0  {rise@0.000ns fall@7.692ns period=15.385ns})
  Path Group:             clk_out2_clk_wiz_0
  Path Type:              Recovery (Max at Slow Process Corner)
  Requirement:            15.385ns  (MaxDelay Path 15.385ns)
  Data Path Delay:        1.396ns  (logic 0.456ns (32.664%)  route 0.940ns (67.336%))
  Logic Levels:           0
  Timing Exception:       MaxDelay Path 15.385ns -datapath_only

    Location             Delay type                Incr(ns)  Path(ns)    Netlist Resource(s)
  -------------------------------------------------------------------    -------------------
    SLICE_X106Y102                                    0.000     0.000 r  inst_vga/inst_olo_base_cc_status/i_bcc/i_rst/RstBLatch_reg/C
    SLICE_X106Y102       FDRE (Prop_fdre_C_Q)         0.456     0.456 f  inst_vga/inst_olo_base_cc_status/i_bcc/i_rst/RstBLatch_reg/Q
                         net (fo=5, routed)           0.940     1.396    inst_vga/inst_olo_base_cc_status/i_bcc/i_rst/RstBLatch
    SLICE_X103Y100       FDPE                                         f  inst_vga/inst_olo_base_cc_status/i_bcc/i_rst/RstRqstB2A_reg[2]/PRE
  -------------------------------------------------------------------    -------------------

                         max delay                   15.385    15.385
    SLICE_X103Y100       FDPE (Recov_fdpe_C_PRE)     -0.359    15.026    inst_vga/inst_olo_base_cc_status/i_bcc/i_rst/RstRqstB2A_reg[2]
  -------------------------------------------------------------------
                         required time                         15.026
                         arrival time                          -1.396
  -------------------------------------------------------------------
                         slack                                 13.630

Slack (MET) :             13.931ns  (required time - arrival time)
  Source:                 inst_vga/inst_olo_base_cc_status/i_scc/i_pulse_cc/i_rst/RstALatch_reg/C
                            (rising edge-triggered cell FDRE clocked by clk_out1_clk_wiz_0  {rise@0.000ns fall@10.000ns period=20.000ns})
  Destination:            inst_vga/inst_olo_base_cc_status/i_scc/i_pulse_cc/i_rst/RstRqstA2B_reg[1]/PRE
                            (rising edge-triggered cell FDPE clocked by clk_out2_clk_wiz_0  {rise@0.000ns fall@7.692ns period=15.385ns})
  Path Group:             clk_out2_clk_wiz_0
  Path Type:              Recovery (Max at Slow Process Corner)
  Requirement:            15.385ns  (MaxDelay Path 15.385ns)
  Data Path Delay:        1.093ns  (logic 0.456ns (41.738%)  route 0.637ns (58.262%))
  Logic Levels:           0
  Timing Exception:       MaxDelay Path 15.385ns -datapath_only

    Location             Delay type                Incr(ns)  Path(ns)    Netlist Resource(s)
  -------------------------------------------------------------------    -------------------
    SLICE_X99Y101                                     0.000     0.000 r  inst_vga/inst_olo_base_cc_status/i_scc/i_pulse_cc/i_rst/RstALatch_reg/C
    SLICE_X99Y101        FDRE (Prop_fdre_C_Q)         0.456     0.456 f  inst_vga/inst_olo_base_cc_status/i_scc/i_pulse_cc/i_rst/RstALatch_reg/Q
                         net (fo=5, routed)           0.637     1.093    inst_vga/inst_olo_base_cc_status/i_scc/i_pulse_cc/i_rst/RstALatch
    SLICE_X100Y101       FDPE                                         f  inst_vga/inst_olo_base_cc_status/i_scc/i_pulse_cc/i_rst/RstRqstA2B_reg[1]/PRE
  -------------------------------------------------------------------    -------------------

                         max delay                   15.385    15.385
    SLICE_X100Y101       FDPE (Recov_fdpe_C_PRE)     -0.361    15.024    inst_vga/inst_olo_base_cc_status/i_scc/i_pulse_cc/i_rst/RstRqstA2B_reg[1]
  -------------------------------------------------------------------
                         required time                         15.024
                         arrival time                          -1.093
  -------------------------------------------------------------------
                         slack                                 13.931

Slack (MET) :             13.955ns  (required time - arrival time)
  Source:                 inst_vga/inst_olo_base_cc_status/i_scc/DataLatchIn_reg[7]/C
                            (rising edge-triggered cell FDRE clocked by clk_out1_clk_wiz_0  {rise@0.000ns fall@10.000ns period=20.000ns})
  Destination:            inst_vga/inst_olo_base_cc_status/i_scc/Out_Data_Sig_reg[7]/D
                            (rising edge-triggered cell FDRE clocked by clk_out2_clk_wiz_0  {rise@0.000ns fall@7.692ns period=15.385ns})
  Path Group:             clk_out2_clk_wiz_0
  Path Type:              Setup (Max at Slow Process Corner)
  Requirement:            15.385ns  (MaxDelay Path 15.385ns)
  Data Path Delay:        1.417ns  (logic 0.518ns (36.546%)  route 0.899ns (63.454%))
  Logic Levels:           0
  Timing Exception:       MaxDelay Path 15.385ns -datapath_only

    Location             Delay type                Incr(ns)  Path(ns)    Netlist Resource(s)
  -------------------------------------------------------------------    -------------------
    SLICE_X108Y102                                    0.000     0.000 r  inst_vga/inst_olo_base_cc_status/i_scc/DataLatchIn_reg[7]/C
    SLICE_X108Y102       FDRE (Prop_fdre_C_Q)         0.518     0.518 r  inst_vga/inst_olo_base_cc_status/i_scc/DataLatchIn_reg[7]/Q
                         net (fo=1, routed)           0.899     1.417    inst_vga/inst_olo_base_cc_status/i_scc/DataLatchIn[7]
    SLICE_X108Y101       FDRE                                         r  inst_vga/inst_olo_base_cc_status/i_scc/Out_Data_Sig_reg[7]/D
  -------------------------------------------------------------------    -------------------

                         max delay                   15.385    15.385
    SLICE_X108Y101       FDRE (Setup_fdre_C_D)       -0.013    15.372    inst_vga/inst_olo_base_cc_status/i_scc/Out_Data_Sig_reg[7]
  -------------------------------------------------------------------
                         required time                         15.372
                         arrival time                          -1.417
  -------------------------------------------------------------------
                         slack                                 13.955

Slack (MET) :             13.973ns  (required time - arrival time)
  Source:                 inst_vga/inst_olo_base_cc_status/i_scc/i_pulse_cc/i_rst/RstALatch_reg/C
                            (rising edge-triggered cell FDRE clocked by clk_out1_clk_wiz_0  {rise@0.000ns fall@10.000ns period=20.000ns})
  Destination:            inst_vga/inst_olo_base_cc_status/i_scc/i_pulse_cc/i_rst/RstRqstA2B_reg[0]/PRE
                            (rising edge-triggered cell FDPE clocked by clk_out2_clk_wiz_0  {rise@0.000ns fall@7.692ns period=15.385ns})
  Path Group:             clk_out2_clk_wiz_0
  Path Type:              Recovery (Max at Slow Process Corner)
  Requirement:            15.385ns  (MaxDelay Path 15.385ns)
  Data Path Delay:        1.093ns  (logic 0.456ns (41.738%)  route 0.637ns (58.262%))
  Logic Levels:           0
  Timing Exception:       MaxDelay Path 15.385ns -datapath_only

    Location             Delay type                Incr(ns)  Path(ns)    Netlist Resource(s)
  -------------------------------------------------------------------    -------------------
    SLICE_X99Y101                                     0.000     0.000 r  inst_vga/inst_olo_base_cc_status/i_scc/i_pulse_cc/i_rst/RstALatch_reg/C
    SLICE_X99Y101        FDRE (Prop_fdre_C_Q)         0.456     0.456 f  inst_vga/inst_olo_base_cc_status/i_scc/i_pulse_cc/i_rst/RstALatch_reg/Q
                         net (fo=5, routed)           0.637     1.093    inst_vga/inst_olo_base_cc_status/i_scc/i_pulse_cc/i_rst/RstALatch
    SLICE_X100Y101       FDPE                                         f  inst_vga/inst_olo_base_cc_status/i_scc/i_pulse_cc/i_rst/RstRqstA2B_reg[0]/PRE
  -------------------------------------------------------------------    -------------------

                         max delay                   15.385    15.385
    SLICE_X100Y101       FDPE (Recov_fdpe_C_PRE)     -0.319    15.066    inst_vga/inst_olo_base_cc_status/i_scc/i_pulse_cc/i_rst/RstRqstA2B_reg[0]
  -------------------------------------------------------------------
                         required time                         15.066
                         arrival time                          -1.093
  -------------------------------------------------------------------
                         slack                                 13.973

Slack (MET) :             13.973ns  (required time - arrival time)
  Source:                 inst_vga/inst_olo_base_cc_status/i_scc/i_pulse_cc/i_rst/RstALatch_reg/C
                            (rising edge-triggered cell FDRE clocked by clk_out1_clk_wiz_0  {rise@0.000ns fall@10.000ns period=20.000ns})
  Destination:            inst_vga/inst_olo_base_cc_status/i_scc/i_pulse_cc/i_rst/RstRqstA2B_reg[2]/PRE
                            (rising edge-triggered cell FDPE clocked by clk_out2_clk_wiz_0  {rise@0.000ns fall@7.692ns period=15.385ns})
  Path Group:             clk_out2_clk_wiz_0
  Path Type:              Recovery (Max at Slow Process Corner)
  Requirement:            15.385ns  (MaxDelay Path 15.385ns)
  Data Path Delay:        1.093ns  (logic 0.456ns (41.738%)  route 0.637ns (58.262%))
  Logic Levels:           0
  Timing Exception:       MaxDelay Path 15.385ns -datapath_only

    Location             Delay type                Incr(ns)  Path(ns)    Netlist Resource(s)
  -------------------------------------------------------------------    -------------------
    SLICE_X99Y101                                     0.000     0.000 r  inst_vga/inst_olo_base_cc_status/i_scc/i_pulse_cc/i_rst/RstALatch_reg/C
    SLICE_X99Y101        FDRE (Prop_fdre_C_Q)         0.456     0.456 f  inst_vga/inst_olo_base_cc_status/i_scc/i_pulse_cc/i_rst/RstALatch_reg/Q
                         net (fo=5, routed)           0.637     1.093    inst_vga/inst_olo_base_cc_status/i_scc/i_pulse_cc/i_rst/RstALatch
    SLICE_X100Y101       FDPE                                         f  inst_vga/inst_olo_base_cc_status/i_scc/i_pulse_cc/i_rst/RstRqstA2B_reg[2]/PRE
  -------------------------------------------------------------------    -------------------

                         max delay                   15.385    15.385
    SLICE_X100Y101       FDPE (Recov_fdpe_C_PRE)     -0.319    15.066    inst_vga/inst_olo_base_cc_status/i_scc/i_pulse_cc/i_rst/RstRqstA2B_reg[2]
  -------------------------------------------------------------------
                         required time                         15.066
                         arrival time                          -1.093
  -------------------------------------------------------------------
                         slack                                 13.973

Slack (MET) :             14.073ns  (required time - arrival time)
  Source:                 inst_vga/inst_olo_base_cc_status/i_scc/DataLatchIn_reg[6]/C
                            (rising edge-triggered cell FDRE clocked by clk_out1_clk_wiz_0  {rise@0.000ns fall@10.000ns period=20.000ns})
  Destination:            inst_vga/inst_olo_base_cc_status/i_scc/Out_Data_Sig_reg[6]/D
                            (rising edge-triggered cell FDRE clocked by clk_out2_clk_wiz_0  {rise@0.000ns fall@7.692ns period=15.385ns})
  Path Group:             clk_out2_clk_wiz_0
  Path Type:              Setup (Max at Slow Process Corner)
  Requirement:            15.385ns  (MaxDelay Path 15.385ns)
  Data Path Delay:        1.282ns  (logic 0.518ns (40.411%)  route 0.764ns (59.589%))
  Logic Levels:           0
  Timing Exception:       MaxDelay Path 15.385ns -datapath_only

    Location             Delay type                Incr(ns)  Path(ns)    Netlist Resource(s)
  -------------------------------------------------------------------    -------------------
    SLICE_X108Y102                                    0.000     0.000 r  inst_vga/inst_olo_base_cc_status/i_scc/DataLatchIn_reg[6]/C
    SLICE_X108Y102       FDRE (Prop_fdre_C_Q)         0.518     0.518 r  inst_vga/inst_olo_base_cc_status/i_scc/DataLatchIn_reg[6]/Q
                         net (fo=1, routed)           0.764     1.282    inst_vga/inst_olo_base_cc_status/i_scc/DataLatchIn[6]
    SLICE_X108Y101       FDRE                                         r  inst_vga/inst_olo_base_cc_status/i_scc/Out_Data_Sig_reg[6]/D
  -------------------------------------------------------------------    -------------------

                         max delay                   15.385    15.385
    SLICE_X108Y101       FDRE (Setup_fdre_C_D)       -0.030    15.355    inst_vga/inst_olo_base_cc_status/i_scc/Out_Data_Sig_reg[6]
  -------------------------------------------------------------------
                         required time                         15.355
                         arrival time                          -1.282
  -------------------------------------------------------------------
                         slack                                 14.073

Slack (MET) :             14.077ns  (required time - arrival time)
  Source:                 inst_vga/inst_olo_base_cc_status/i_scc/DataLatchIn_reg[3]/C
                            (rising edge-triggered cell FDRE clocked by clk_out1_clk_wiz_0  {rise@0.000ns fall@10.000ns period=20.000ns})
  Destination:            inst_vga/inst_olo_base_cc_status/i_scc/Out_Data_Sig_reg[3]/D
                            (rising edge-triggered cell FDRE clocked by clk_out2_clk_wiz_0  {rise@0.000ns fall@7.692ns period=15.385ns})
  Path Group:             clk_out2_clk_wiz_0
  Path Type:              Setup (Max at Slow Process Corner)
  Requirement:            15.385ns  (MaxDelay Path 15.385ns)
  Data Path Delay:        1.263ns  (logic 0.456ns (36.098%)  route 0.807ns (63.902%))
  Logic Levels:           0
  Timing Exception:       MaxDelay Path 15.385ns -datapath_only

    Location             Delay type                Incr(ns)  Path(ns)    Netlist Resource(s)
  -------------------------------------------------------------------    -------------------
    SLICE_X109Y102                                    0.000     0.000 r  inst_vga/inst_olo_base_cc_status/i_scc/DataLatchIn_reg[3]/C
    SLICE_X109Y102       FDRE (Prop_fdre_C_Q)         0.456     0.456 r  inst_vga/inst_olo_base_cc_status/i_scc/DataLatchIn_reg[3]/Q
                         net (fo=1, routed)           0.807     1.263    inst_vga/inst_olo_base_cc_status/i_scc/DataLatchIn[3]
    SLICE_X108Y101       FDRE                                         r  inst_vga/inst_olo_base_cc_status/i_scc/Out_Data_Sig_reg[3]/D
  -------------------------------------------------------------------    -------------------

                         max delay                   15.385    15.385
    SLICE_X108Y101       FDRE (Setup_fdre_C_D)       -0.045    15.340    inst_vga/inst_olo_base_cc_status/i_scc/Out_Data_Sig_reg[3]
  -------------------------------------------------------------------
                         required time                         15.340
                         arrival time                          -1.263
  -------------------------------------------------------------------
                         slack                                 14.077

Slack (MET) :             14.143ns  (required time - arrival time)
  Source:                 inst_vga/inst_olo_base_cc_status/i_scc/DataLatchIn_reg[9]/C
                            (rising edge-triggered cell FDRE clocked by clk_out1_clk_wiz_0  {rise@0.000ns fall@10.000ns period=20.000ns})
  Destination:            inst_vga/inst_olo_base_cc_status/i_scc/Out_Data_Sig_reg[9]/D
                            (rising edge-triggered cell FDRE clocked by clk_out2_clk_wiz_0  {rise@0.000ns fall@7.692ns period=15.385ns})
  Path Group:             clk_out2_clk_wiz_0
  Path Type:              Setup (Max at Slow Process Corner)
  Requirement:            15.385ns  (MaxDelay Path 15.385ns)
  Data Path Delay:        1.020ns  (logic 0.419ns (41.064%)  route 0.601ns (58.936%))
  Logic Levels:           0
  Timing Exception:       MaxDelay Path 15.385ns -datapath_only

    Location             Delay type                Incr(ns)  Path(ns)    Netlist Resource(s)
  -------------------------------------------------------------------    -------------------
    SLICE_X107Y102                                    0.000     0.000 r  inst_vga/inst_olo_base_cc_status/i_scc/DataLatchIn_reg[9]/C
    SLICE_X107Y102       FDRE (Prop_fdre_C_Q)         0.419     0.419 r  inst_vga/inst_olo_base_cc_status/i_scc/DataLatchIn_reg[9]/Q
                         net (fo=1, routed)           0.601     1.020    inst_vga/inst_olo_base_cc_status/i_scc/DataLatchIn[9]
    SLICE_X107Y101       FDRE                                         r  inst_vga/inst_olo_base_cc_status/i_scc/Out_Data_Sig_reg[9]/D
  -------------------------------------------------------------------    -------------------

                         max delay                   15.385    15.385
    SLICE_X107Y101       FDRE (Setup_fdre_C_D)       -0.222    15.163    inst_vga/inst_olo_base_cc_status/i_scc/Out_Data_Sig_reg[9]
  -------------------------------------------------------------------
                         required time                         15.163
                         arrival time                          -1.020
  -------------------------------------------------------------------
                         slack                                 14.143





---------------------------------------------------------------------------------------------------
Path Group:  **async_default**
From Clock:  clk_out1_clk_wiz_0
  To Clock:  clk_out1_clk_wiz_0

Setup :            0  Failing Endpoints,  Worst Slack       12.412ns,  Total Violation        0.000ns
Hold  :            0  Failing Endpoints,  Worst Slack        0.511ns,  Total Violation        0.000ns
---------------------------------------------------------------------------------------------------


Max Delay Paths
--------------------------------------------------------------------------------------
Slack (MET) :             12.412ns  (required time - arrival time)
  Source:                 inst_CLK_RST_MANAGER/inst_olo_base_sys_reset_gen/g_sync.DsSync_reg[2]/C
                            (rising edge-triggered cell FDRE clocked by clk_out1_clk_wiz_0  {rise@0.000ns fall@10.000ns period=20.000ns})
  Destination:            inst_reglock/field_storage_reg[ios_status][reset_status][value]_lopt_replica/CLR
                            (recovery check against rising-edge clock clk_out1_clk_wiz_0  {rise@0.000ns fall@10.000ns period=20.000ns})
  Path Group:             **async_default**
  Path Type:              Recovery (Max at Slow Process Corner)
  Requirement:            20.000ns  (clk_out1_clk_wiz_0 rise@20.000ns - clk_out1_clk_wiz_0 rise@0.000ns)
  Data Path Delay:        6.581ns  (logic 0.419ns (6.367%)  route 6.162ns (93.633%))
  Logic Levels:           0
  Clock Path Skew:        -0.358ns (DCD - SCD + CPR)
    Destination Clock Delay (DCD):    -1.904ns = ( 18.096 - 20.000 )
    Source Clock Delay      (SCD):    -2.060ns
    Clock Pessimism Removal (CPR):    -0.514ns
  Clock Uncertainty:      0.072ns  ((TSJ^2 + DJ^2)^1/2) / 2 + PE
    Total System Jitter     (TSJ):    0.071ns
    Discrete Jitter          (DJ):    0.125ns
    Phase Error              (PE):    0.000ns

    Location             Delay type                Incr(ns)  Path(ns)    Netlist Resource(s)
  -------------------------------------------------------------------    -------------------
                         (clock clk_out1_clk_wiz_0 rise edge)
                                                      0.000     0.000 r
    Y9                                                0.000     0.000 r  PAD_I_CLK (IN)
                         net (fo=0)                   0.000     0.000    inst_CLK_RST_MANAGER/inst_pll/inst/clk_in1
    Y9                   IBUF (Prop_ibuf_I_O)         1.490     1.490 r  inst_CLK_RST_MANAGER/inst_pll/inst/clkin1_ibufg/O
                         net (fo=1, routed)           1.306     2.796    inst_CLK_RST_MANAGER/inst_pll/inst/clk_in1_clk_wiz_0
    PLLE2_ADV_X0Y0       PLLE2_ADV (Prop_plle2_adv_CLKIN1_CLKOUT0)
                                                     -8.866    -6.070 r  inst_CLK_RST_MANAGER/inst_pll/inst/plle2_adv_inst/CLKOUT0
                         net (fo=1, routed)           1.849    -4.221    inst_CLK_RST_MANAGER/inst_pll/inst/clk_out1_clk_wiz_0
    BUFGCTRL_X0Y0        BUFG (Prop_bufg_I_O)         0.101    -4.120 r  inst_CLK_RST_MANAGER/inst_pll/inst/clkout1_buf/O
                         net (fo=597, routed)         2.060    -2.060    inst_CLK_RST_MANAGER/inst_olo_base_sys_reset_gen/Clk
    SLICE_X110Y106       FDRE                                         r  inst_CLK_RST_MANAGER/inst_olo_base_sys_reset_gen/g_sync.DsSync_reg[2]/C
  -------------------------------------------------------------------    -------------------
    SLICE_X110Y106       FDRE (Prop_fdre_C_Q)         0.419    -1.641 f  inst_CLK_RST_MANAGER/inst_olo_base_sys_reset_gen/g_sync.DsSync_reg[2]/Q
                         net (fo=559, routed)         6.162     4.522    inst_reglock/AR[0]
    SLICE_X113Y92        FDCE                                         f  inst_reglock/field_storage_reg[ios_status][reset_status][value]_lopt_replica/CLR
  -------------------------------------------------------------------    -------------------

                         (clock clk_out1_clk_wiz_0 rise edge)
                                                     20.000    20.000 r
    Y9                                                0.000    20.000 r  PAD_I_CLK (IN)
                         net (fo=0)                   0.000    20.000    inst_CLK_RST_MANAGER/inst_pll/inst/clk_in1
    Y9                   IBUF (Prop_ibuf_I_O)         1.420    21.420 r  inst_CLK_RST_MANAGER/inst_pll/inst/clkin1_ibufg/O
                         net (fo=1, routed)           1.181    22.601    inst_CLK_RST_MANAGER/inst_pll/inst/clk_in1_clk_wiz_0
    PLLE2_ADV_X0Y0       PLLE2_ADV (Prop_plle2_adv_CLKIN1_CLKOUT0)
                                                     -7.970    14.631 r  inst_CLK_RST_MANAGER/inst_pll/inst/plle2_adv_inst/CLKOUT0
                         net (fo=1, routed)           1.686    16.317    inst_CLK_RST_MANAGER/inst_pll/inst/clk_out1_clk_wiz_0
    BUFGCTRL_X0Y0        BUFG (Prop_bufg_I_O)         0.091    16.408 r  inst_CLK_RST_MANAGER/inst_pll/inst/clkout1_buf/O
                         net (fo=597, routed)         1.688    18.096    inst_reglock/CLK
    SLICE_X113Y92        FDCE                                         r  inst_reglock/field_storage_reg[ios_status][reset_status][value]_lopt_replica/C
                         clock pessimism             -0.514    17.582
                         clock uncertainty           -0.072    17.510
    SLICE_X113Y92        FDCE (Recov_fdce_C_CLR)     -0.577    16.933    inst_reglock/field_storage_reg[ios_status][reset_status][value]_lopt_replica
  -------------------------------------------------------------------
                         required time                         16.933
                         arrival time                          -4.522
  -------------------------------------------------------------------
                         slack                                 12.412

Slack (MET) :             12.752ns  (required time - arrival time)
  Source:                 inst_CLK_RST_MANAGER/inst_olo_base_sys_reset_gen/g_sync.DsSync_reg[2]/C
                            (rising edge-triggered cell FDRE clocked by clk_out1_clk_wiz_0  {rise@0.000ns fall@10.000ns period=20.000ns})
  Destination:            inst_spi_master/reg_resync_i_miso_reg[1]/CLR
                            (recovery check against rising-edge clock clk_out1_clk_wiz_0  {rise@0.000ns fall@10.000ns period=20.000ns})
  Path Group:             **async_default**
  Path Type:              Recovery (Max at Slow Process Corner)
  Requirement:            20.000ns  (clk_out1_clk_wiz_0 rise@20.000ns - clk_out1_clk_wiz_0 rise@0.000ns)
  Data Path Delay:        6.242ns  (logic 0.419ns (6.712%)  route 5.823ns (93.288%))
  Logic Levels:           0
  Clock Path Skew:        -0.356ns (DCD - SCD + CPR)
    Destination Clock Delay (DCD):    -1.902ns = ( 18.098 - 20.000 )
    Source Clock Delay      (SCD):    -2.060ns
    Clock Pessimism Removal (CPR):    -0.514ns
  Clock Uncertainty:      0.072ns  ((TSJ^2 + DJ^2)^1/2) / 2 + PE
    Total System Jitter     (TSJ):    0.071ns
    Discrete Jitter          (DJ):    0.125ns
    Phase Error              (PE):    0.000ns

    Location             Delay type                Incr(ns)  Path(ns)    Netlist Resource(s)
  -------------------------------------------------------------------    -------------------
                         (clock clk_out1_clk_wiz_0 rise edge)
                                                      0.000     0.000 r
    Y9                                                0.000     0.000 r  PAD_I_CLK (IN)
                         net (fo=0)                   0.000     0.000    inst_CLK_RST_MANAGER/inst_pll/inst/clk_in1
    Y9                   IBUF (Prop_ibuf_I_O)         1.490     1.490 r  inst_CLK_RST_MANAGER/inst_pll/inst/clkin1_ibufg/O
                         net (fo=1, routed)           1.306     2.796    inst_CLK_RST_MANAGER/inst_pll/inst/clk_in1_clk_wiz_0
    PLLE2_ADV_X0Y0       PLLE2_ADV (Prop_plle2_adv_CLKIN1_CLKOUT0)
                                                     -8.866    -6.070 r  inst_CLK_RST_MANAGER/inst_pll/inst/plle2_adv_inst/CLKOUT0
                         net (fo=1, routed)           1.849    -4.221    inst_CLK_RST_MANAGER/inst_pll/inst/clk_out1_clk_wiz_0
    BUFGCTRL_X0Y0        BUFG (Prop_bufg_I_O)         0.101    -4.120 r  inst_CLK_RST_MANAGER/inst_pll/inst/clkout1_buf/O
                         net (fo=597, routed)         2.060    -2.060    inst_CLK_RST_MANAGER/inst_olo_base_sys_reset_gen/Clk
    SLICE_X110Y106       FDRE                                         r  inst_CLK_RST_MANAGER/inst_olo_base_sys_reset_gen/g_sync.DsSync_reg[2]/C
  -------------------------------------------------------------------    -------------------
    SLICE_X110Y106       FDRE (Prop_fdre_C_Q)         0.419    -1.641 f  inst_CLK_RST_MANAGER/inst_olo_base_sys_reset_gen/g_sync.DsSync_reg[2]/Q
                         net (fo=559, routed)         5.823     4.183    inst_spi_master/AR[0]
    SLICE_X110Y99        FDCE                                         f  inst_spi_master/reg_resync_i_miso_reg[1]/CLR
  -------------------------------------------------------------------    -------------------

                         (clock clk_out1_clk_wiz_0 rise edge)
                                                     20.000    20.000 r
    Y9                                                0.000    20.000 r  PAD_I_CLK (IN)
                         net (fo=0)                   0.000    20.000    inst_CLK_RST_MANAGER/inst_pll/inst/clk_in1
    Y9                   IBUF (Prop_ibuf_I_O)         1.420    21.420 r  inst_CLK_RST_MANAGER/inst_pll/inst/clkin1_ibufg/O
                         net (fo=1, routed)           1.181    22.601    inst_CLK_RST_MANAGER/inst_pll/inst/clk_in1_clk_wiz_0
    PLLE2_ADV_X0Y0       PLLE2_ADV (Prop_plle2_adv_CLKIN1_CLKOUT0)
                                                     -7.970    14.631 r  inst_CLK_RST_MANAGER/inst_pll/inst/plle2_adv_inst/CLKOUT0
                         net (fo=1, routed)           1.686    16.317    inst_CLK_RST_MANAGER/inst_pll/inst/clk_out1_clk_wiz_0
    BUFGCTRL_X0Y0        BUFG (Prop_bufg_I_O)         0.091    16.408 r  inst_CLK_RST_MANAGER/inst_pll/inst/clkout1_buf/O
                         net (fo=597, routed)         1.690    18.098    inst_spi_master/CLK
    SLICE_X110Y99        FDCE                                         r  inst_spi_master/reg_resync_i_miso_reg[1]/C
                         clock pessimism             -0.514    17.584
                         clock uncertainty           -0.072    17.512
    SLICE_X110Y99        FDCE (Recov_fdce_C_CLR)     -0.577    16.935    inst_spi_master/reg_resync_i_miso_reg[1]
  -------------------------------------------------------------------
                         required time                         16.935
                         arrival time                          -4.183
  -------------------------------------------------------------------
                         slack                                 12.752

Slack (MET) :             12.752ns  (required time - arrival time)
  Source:                 inst_CLK_RST_MANAGER/inst_olo_base_sys_reset_gen/g_sync.DsSync_reg[2]/C
                            (rising edge-triggered cell FDRE clocked by clk_out1_clk_wiz_0  {rise@0.000ns fall@10.000ns period=20.000ns})
  Destination:            inst_uart_axi_lite_bridge/inst_uart_rx/rx_baud_counter_reg[1]/CLR
                            (recovery check against rising-edge clock clk_out1_clk_wiz_0  {rise@0.000ns fall@10.000ns period=20.000ns})
  Path Group:             **async_default**
  Path Type:              Recovery (Max at Slow Process Corner)
  Requirement:            20.000ns  (clk_out1_clk_wiz_0 rise@20.000ns - clk_out1_clk_wiz_0 rise@0.000ns)
  Data Path Delay:        6.242ns  (logic 0.419ns (6.712%)  route 5.823ns (93.288%))
  Logic Levels:           0
  Clock Path Skew:        -0.356ns (DCD - SCD + CPR)
    Destination Clock Delay (DCD):    -1.902ns = ( 18.098 - 20.000 )
    Source Clock Delay      (SCD):    -2.060ns
    Clock Pessimism Removal (CPR):    -0.514ns
  Clock Uncertainty:      0.072ns  ((TSJ^2 + DJ^2)^1/2) / 2 + PE
    Total System Jitter     (TSJ):    0.071ns
    Discrete Jitter          (DJ):    0.125ns
    Phase Error              (PE):    0.000ns

    Location             Delay type                Incr(ns)  Path(ns)    Netlist Resource(s)
  -------------------------------------------------------------------    -------------------
                         (clock clk_out1_clk_wiz_0 rise edge)
                                                      0.000     0.000 r
    Y9                                                0.000     0.000 r  PAD_I_CLK (IN)
                         net (fo=0)                   0.000     0.000    inst_CLK_RST_MANAGER/inst_pll/inst/clk_in1
    Y9                   IBUF (Prop_ibuf_I_O)         1.490     1.490 r  inst_CLK_RST_MANAGER/inst_pll/inst/clkin1_ibufg/O
                         net (fo=1, routed)           1.306     2.796    inst_CLK_RST_MANAGER/inst_pll/inst/clk_in1_clk_wiz_0
    PLLE2_ADV_X0Y0       PLLE2_ADV (Prop_plle2_adv_CLKIN1_CLKOUT0)
                                                     -8.866    -6.070 r  inst_CLK_RST_MANAGER/inst_pll/inst/plle2_adv_inst/CLKOUT0
                         net (fo=1, routed)           1.849    -4.221    inst_CLK_RST_MANAGER/inst_pll/inst/clk_out1_clk_wiz_0
    BUFGCTRL_X0Y0        BUFG (Prop_bufg_I_O)         0.101    -4.120 r  inst_CLK_RST_MANAGER/inst_pll/inst/clkout1_buf/O
                         net (fo=597, routed)         2.060    -2.060    inst_CLK_RST_MANAGER/inst_olo_base_sys_reset_gen/Clk
    SLICE_X110Y106       FDRE                                         r  inst_CLK_RST_MANAGER/inst_olo_base_sys_reset_gen/g_sync.DsSync_reg[2]/C
  -------------------------------------------------------------------    -------------------
    SLICE_X110Y106       FDRE (Prop_fdre_C_Q)         0.419    -1.641 f  inst_CLK_RST_MANAGER/inst_olo_base_sys_reset_gen/g_sync.DsSync_reg[2]/Q
                         net (fo=559, routed)         5.823     4.183    inst_uart_axi_lite_bridge/inst_uart_rx/AR[0]
    SLICE_X110Y99        FDCE                                         f  inst_uart_axi_lite_bridge/inst_uart_rx/rx_baud_counter_reg[1]/CLR
  -------------------------------------------------------------------    -------------------

                         (clock clk_out1_clk_wiz_0 rise edge)
                                                     20.000    20.000 r
    Y9                                                0.000    20.000 r  PAD_I_CLK (IN)
                         net (fo=0)                   0.000    20.000    inst_CLK_RST_MANAGER/inst_pll/inst/clk_in1
    Y9                   IBUF (Prop_ibuf_I_O)         1.420    21.420 r  inst_CLK_RST_MANAGER/inst_pll/inst/clkin1_ibufg/O
                         net (fo=1, routed)           1.181    22.601    inst_CLK_RST_MANAGER/inst_pll/inst/clk_in1_clk_wiz_0
    PLLE2_ADV_X0Y0       PLLE2_ADV (Prop_plle2_adv_CLKIN1_CLKOUT0)
                                                     -7.970    14.631 r  inst_CLK_RST_MANAGER/inst_pll/inst/plle2_adv_inst/CLKOUT0
                         net (fo=1, routed)           1.686    16.317    inst_CLK_RST_MANAGER/inst_pll/inst/clk_out1_clk_wiz_0
    BUFGCTRL_X0Y0        BUFG (Prop_bufg_I_O)         0.091    16.408 r  inst_CLK_RST_MANAGER/inst_pll/inst/clkout1_buf/O
                         net (fo=597, routed)         1.690    18.098    inst_uart_axi_lite_bridge/inst_uart_rx/CLK
    SLICE_X110Y99        FDCE                                         r  inst_uart_axi_lite_bridge/inst_uart_rx/rx_baud_counter_reg[1]/C
                         clock pessimism             -0.514    17.584
                         clock uncertainty           -0.072    17.512
    SLICE_X110Y99        FDCE (Recov_fdce_C_CLR)     -0.577    16.935    inst_uart_axi_lite_bridge/inst_uart_rx/rx_baud_counter_reg[1]
  -------------------------------------------------------------------
                         required time                         16.935
                         arrival time                          -4.183
  -------------------------------------------------------------------
                         slack                                 12.752

Slack (MET) :             12.752ns  (required time - arrival time)
  Source:                 inst_CLK_RST_MANAGER/inst_olo_base_sys_reset_gen/g_sync.DsSync_reg[2]/C
                            (rising edge-triggered cell FDRE clocked by clk_out1_clk_wiz_0  {rise@0.000ns fall@10.000ns period=20.000ns})
  Destination:            inst_uart_axi_lite_bridge/inst_uart_rx/rx_baud_counter_reg[3]/CLR
                            (recovery check against rising-edge clock clk_out1_clk_wiz_0  {rise@0.000ns fall@10.000ns period=20.000ns})
  Path Group:             **async_default**
  Path Type:              Recovery (Max at Slow Process Corner)
  Requirement:            20.000ns  (clk_out1_clk_wiz_0 rise@20.000ns - clk_out1_clk_wiz_0 rise@0.000ns)
  Data Path Delay:        6.242ns  (logic 0.419ns (6.712%)  route 5.823ns (93.288%))
  Logic Levels:           0
  Clock Path Skew:        -0.356ns (DCD - SCD + CPR)
    Destination Clock Delay (DCD):    -1.902ns = ( 18.098 - 20.000 )
    Source Clock Delay      (SCD):    -2.060ns
    Clock Pessimism Removal (CPR):    -0.514ns
  Clock Uncertainty:      0.072ns  ((TSJ^2 + DJ^2)^1/2) / 2 + PE
    Total System Jitter     (TSJ):    0.071ns
    Discrete Jitter          (DJ):    0.125ns
    Phase Error              (PE):    0.000ns

    Location             Delay type                Incr(ns)  Path(ns)    Netlist Resource(s)
  -------------------------------------------------------------------    -------------------
                         (clock clk_out1_clk_wiz_0 rise edge)
                                                      0.000     0.000 r
    Y9                                                0.000     0.000 r  PAD_I_CLK (IN)
                         net (fo=0)                   0.000     0.000    inst_CLK_RST_MANAGER/inst_pll/inst/clk_in1
    Y9                   IBUF (Prop_ibuf_I_O)         1.490     1.490 r  inst_CLK_RST_MANAGER/inst_pll/inst/clkin1_ibufg/O
                         net (fo=1, routed)           1.306     2.796    inst_CLK_RST_MANAGER/inst_pll/inst/clk_in1_clk_wiz_0
    PLLE2_ADV_X0Y0       PLLE2_ADV (Prop_plle2_adv_CLKIN1_CLKOUT0)
                                                     -8.866    -6.070 r  inst_CLK_RST_MANAGER/inst_pll/inst/plle2_adv_inst/CLKOUT0
                         net (fo=1, routed)           1.849    -4.221    inst_CLK_RST_MANAGER/inst_pll/inst/clk_out1_clk_wiz_0
    BUFGCTRL_X0Y0        BUFG (Prop_bufg_I_O)         0.101    -4.120 r  inst_CLK_RST_MANAGER/inst_pll/inst/clkout1_buf/O
                         net (fo=597, routed)         2.060    -2.060    inst_CLK_RST_MANAGER/inst_olo_base_sys_reset_gen/Clk
    SLICE_X110Y106       FDRE                                         r  inst_CLK_RST_MANAGER/inst_olo_base_sys_reset_gen/g_sync.DsSync_reg[2]/C
  -------------------------------------------------------------------    -------------------
    SLICE_X110Y106       FDRE (Prop_fdre_C_Q)         0.419    -1.641 f  inst_CLK_RST_MANAGER/inst_olo_base_sys_reset_gen/g_sync.DsSync_reg[2]/Q
                         net (fo=559, routed)         5.823     4.183    inst_uart_axi_lite_bridge/inst_uart_rx/AR[0]
    SLICE_X110Y99        FDCE                                         f  inst_uart_axi_lite_bridge/inst_uart_rx/rx_baud_counter_reg[3]/CLR
  -------------------------------------------------------------------    -------------------

                         (clock clk_out1_clk_wiz_0 rise edge)
                                                     20.000    20.000 r
    Y9                                                0.000    20.000 r  PAD_I_CLK (IN)
                         net (fo=0)                   0.000    20.000    inst_CLK_RST_MANAGER/inst_pll/inst/clk_in1
    Y9                   IBUF (Prop_ibuf_I_O)         1.420    21.420 r  inst_CLK_RST_MANAGER/inst_pll/inst/clkin1_ibufg/O
                         net (fo=1, routed)           1.181    22.601    inst_CLK_RST_MANAGER/inst_pll/inst/clk_in1_clk_wiz_0
    PLLE2_ADV_X0Y0       PLLE2_ADV (Prop_plle2_adv_CLKIN1_CLKOUT0)
                                                     -7.970    14.631 r  inst_CLK_RST_MANAGER/inst_pll/inst/plle2_adv_inst/CLKOUT0
                         net (fo=1, routed)           1.686    16.317    inst_CLK_RST_MANAGER/inst_pll/inst/clk_out1_clk_wiz_0
    BUFGCTRL_X0Y0        BUFG (Prop_bufg_I_O)         0.091    16.408 r  inst_CLK_RST_MANAGER/inst_pll/inst/clkout1_buf/O
                         net (fo=597, routed)         1.690    18.098    inst_uart_axi_lite_bridge/inst_uart_rx/CLK
    SLICE_X110Y99        FDCE                                         r  inst_uart_axi_lite_bridge/inst_uart_rx/rx_baud_counter_reg[3]/C
                         clock pessimism             -0.514    17.584
                         clock uncertainty           -0.072    17.512
    SLICE_X110Y99        FDCE (Recov_fdce_C_CLR)     -0.577    16.935    inst_uart_axi_lite_bridge/inst_uart_rx/rx_baud_counter_reg[3]
  -------------------------------------------------------------------
                         required time                         16.935
                         arrival time                          -4.183
  -------------------------------------------------------------------
                         slack                                 12.752

Slack (MET) :             12.752ns  (required time - arrival time)
  Source:                 inst_CLK_RST_MANAGER/inst_olo_base_sys_reset_gen/g_sync.DsSync_reg[2]/C
                            (rising edge-triggered cell FDRE clocked by clk_out1_clk_wiz_0  {rise@0.000ns fall@10.000ns period=20.000ns})
  Destination:            inst_uart_axi_lite_bridge/inst_uart_rx/rx_baud_counter_reg[4]/CLR
                            (recovery check against rising-edge clock clk_out1_clk_wiz_0  {rise@0.000ns fall@10.000ns period=20.000ns})
  Path Group:             **async_default**
  Path Type:              Recovery (Max at Slow Process Corner)
  Requirement:            20.000ns  (clk_out1_clk_wiz_0 rise@20.000ns - clk_out1_clk_wiz_0 rise@0.000ns)
  Data Path Delay:        6.242ns  (logic 0.419ns (6.712%)  route 5.823ns (93.288%))
  Logic Levels:           0
  Clock Path Skew:        -0.356ns (DCD - SCD + CPR)
    Destination Clock Delay (DCD):    -1.902ns = ( 18.098 - 20.000 )
    Source Clock Delay      (SCD):    -2.060ns
    Clock Pessimism Removal (CPR):    -0.514ns
  Clock Uncertainty:      0.072ns  ((TSJ^2 + DJ^2)^1/2) / 2 + PE
    Total System Jitter     (TSJ):    0.071ns
    Discrete Jitter          (DJ):    0.125ns
    Phase Error              (PE):    0.000ns

    Location             Delay type                Incr(ns)  Path(ns)    Netlist Resource(s)
  -------------------------------------------------------------------    -------------------
                         (clock clk_out1_clk_wiz_0 rise edge)
                                                      0.000     0.000 r
    Y9                                                0.000     0.000 r  PAD_I_CLK (IN)
                         net (fo=0)                   0.000     0.000    inst_CLK_RST_MANAGER/inst_pll/inst/clk_in1
    Y9                   IBUF (Prop_ibuf_I_O)         1.490     1.490 r  inst_CLK_RST_MANAGER/inst_pll/inst/clkin1_ibufg/O
                         net (fo=1, routed)           1.306     2.796    inst_CLK_RST_MANAGER/inst_pll/inst/clk_in1_clk_wiz_0
    PLLE2_ADV_X0Y0       PLLE2_ADV (Prop_plle2_adv_CLKIN1_CLKOUT0)
                                                     -8.866    -6.070 r  inst_CLK_RST_MANAGER/inst_pll/inst/plle2_adv_inst/CLKOUT0
                         net (fo=1, routed)           1.849    -4.221    inst_CLK_RST_MANAGER/inst_pll/inst/clk_out1_clk_wiz_0
    BUFGCTRL_X0Y0        BUFG (Prop_bufg_I_O)         0.101    -4.120 r  inst_CLK_RST_MANAGER/inst_pll/inst/clkout1_buf/O
                         net (fo=597, routed)         2.060    -2.060    inst_CLK_RST_MANAGER/inst_olo_base_sys_reset_gen/Clk
    SLICE_X110Y106       FDRE                                         r  inst_CLK_RST_MANAGER/inst_olo_base_sys_reset_gen/g_sync.DsSync_reg[2]/C
  -------------------------------------------------------------------    -------------------
    SLICE_X110Y106       FDRE (Prop_fdre_C_Q)         0.419    -1.641 f  inst_CLK_RST_MANAGER/inst_olo_base_sys_reset_gen/g_sync.DsSync_reg[2]/Q
                         net (fo=559, routed)         5.823     4.183    inst_uart_axi_lite_bridge/inst_uart_rx/AR[0]
    SLICE_X110Y99        FDCE                                         f  inst_uart_axi_lite_bridge/inst_uart_rx/rx_baud_counter_reg[4]/CLR
  -------------------------------------------------------------------    -------------------

                         (clock clk_out1_clk_wiz_0 rise edge)
                                                     20.000    20.000 r
    Y9                                                0.000    20.000 r  PAD_I_CLK (IN)
                         net (fo=0)                   0.000    20.000    inst_CLK_RST_MANAGER/inst_pll/inst/clk_in1
    Y9                   IBUF (Prop_ibuf_I_O)         1.420    21.420 r  inst_CLK_RST_MANAGER/inst_pll/inst/clkin1_ibufg/O
                         net (fo=1, routed)           1.181    22.601    inst_CLK_RST_MANAGER/inst_pll/inst/clk_in1_clk_wiz_0
    PLLE2_ADV_X0Y0       PLLE2_ADV (Prop_plle2_adv_CLKIN1_CLKOUT0)
                                                     -7.970    14.631 r  inst_CLK_RST_MANAGER/inst_pll/inst/plle2_adv_inst/CLKOUT0
                         net (fo=1, routed)           1.686    16.317    inst_CLK_RST_MANAGER/inst_pll/inst/clk_out1_clk_wiz_0
    BUFGCTRL_X0Y0        BUFG (Prop_bufg_I_O)         0.091    16.408 r  inst_CLK_RST_MANAGER/inst_pll/inst/clkout1_buf/O
                         net (fo=597, routed)         1.690    18.098    inst_uart_axi_lite_bridge/inst_uart_rx/CLK
    SLICE_X110Y99        FDCE                                         r  inst_uart_axi_lite_bridge/inst_uart_rx/rx_baud_counter_reg[4]/C
                         clock pessimism             -0.514    17.584
                         clock uncertainty           -0.072    17.512
    SLICE_X110Y99        FDCE (Recov_fdce_C_CLR)     -0.577    16.935    inst_uart_axi_lite_bridge/inst_uart_rx/rx_baud_counter_reg[4]
  -------------------------------------------------------------------
                         required time                         16.935
                         arrival time                          -4.183
  -------------------------------------------------------------------
                         slack                                 12.752

Slack (MET) :             12.757ns  (required time - arrival time)
  Source:                 inst_CLK_RST_MANAGER/inst_olo_base_sys_reset_gen/g_sync.DsSync_reg[2]/C
                            (rising edge-triggered cell FDRE clocked by clk_out1_clk_wiz_0  {rise@0.000ns fall@10.000ns period=20.000ns})
  Destination:            inst_spi_master/O_SCLK_reg/CLR
                            (recovery check against rising-edge clock clk_out1_clk_wiz_0  {rise@0.000ns fall@10.000ns period=20.000ns})
  Path Group:             **async_default**
  Path Type:              Recovery (Max at Slow Process Corner)
  Requirement:            20.000ns  (clk_out1_clk_wiz_0 rise@20.000ns - clk_out1_clk_wiz_0 rise@0.000ns)
  Data Path Delay:        6.238ns  (logic 0.419ns (6.717%)  route 5.819ns (93.283%))
  Logic Levels:           0
  Clock Path Skew:        -0.356ns (DCD - SCD + CPR)
    Destination Clock Delay (DCD):    -1.902ns = ( 18.098 - 20.000 )
    Source Clock Delay      (SCD):    -2.060ns
    Clock Pessimism Removal (CPR):    -0.514ns
  Clock Uncertainty:      0.072ns  ((TSJ^2 + DJ^2)^1/2) / 2 + PE
    Total System Jitter     (TSJ):    0.071ns
    Discrete Jitter          (DJ):    0.125ns
    Phase Error              (PE):    0.000ns

    Location             Delay type                Incr(ns)  Path(ns)    Netlist Resource(s)
  -------------------------------------------------------------------    -------------------
                         (clock clk_out1_clk_wiz_0 rise edge)
                                                      0.000     0.000 r
    Y9                                                0.000     0.000 r  PAD_I_CLK (IN)
                         net (fo=0)                   0.000     0.000    inst_CLK_RST_MANAGER/inst_pll/inst/clk_in1
    Y9                   IBUF (Prop_ibuf_I_O)         1.490     1.490 r  inst_CLK_RST_MANAGER/inst_pll/inst/clkin1_ibufg/O
                         net (fo=1, routed)           1.306     2.796    inst_CLK_RST_MANAGER/inst_pll/inst/clk_in1_clk_wiz_0
    PLLE2_ADV_X0Y0       PLLE2_ADV (Prop_plle2_adv_CLKIN1_CLKOUT0)
                                                     -8.866    -6.070 r  inst_CLK_RST_MANAGER/inst_pll/inst/plle2_adv_inst/CLKOUT0
                         net (fo=1, routed)           1.849    -4.221    inst_CLK_RST_MANAGER/inst_pll/inst/clk_out1_clk_wiz_0
    BUFGCTRL_X0Y0        BUFG (Prop_bufg_I_O)         0.101    -4.120 r  inst_CLK_RST_MANAGER/inst_pll/inst/clkout1_buf/O
                         net (fo=597, routed)         2.060    -2.060    inst_CLK_RST_MANAGER/inst_olo_base_sys_reset_gen/Clk
    SLICE_X110Y106       FDRE                                         r  inst_CLK_RST_MANAGER/inst_olo_base_sys_reset_gen/g_sync.DsSync_reg[2]/C
  -------------------------------------------------------------------    -------------------
    SLICE_X110Y106       FDRE (Prop_fdre_C_Q)         0.419    -1.641 f  inst_CLK_RST_MANAGER/inst_olo_base_sys_reset_gen/g_sync.DsSync_reg[2]/Q
                         net (fo=559, routed)         5.819     4.179    inst_spi_master/AR[0]
    SLICE_X111Y99        FDCE                                         f  inst_spi_master/O_SCLK_reg/CLR
  -------------------------------------------------------------------    -------------------

                         (clock clk_out1_clk_wiz_0 rise edge)
                                                     20.000    20.000 r
    Y9                                                0.000    20.000 r  PAD_I_CLK (IN)
                         net (fo=0)                   0.000    20.000    inst_CLK_RST_MANAGER/inst_pll/inst/clk_in1
    Y9                   IBUF (Prop_ibuf_I_O)         1.420    21.420 r  inst_CLK_RST_MANAGER/inst_pll/inst/clkin1_ibufg/O
                         net (fo=1, routed)           1.181    22.601    inst_CLK_RST_MANAGER/inst_pll/inst/clk_in1_clk_wiz_0
    PLLE2_ADV_X0Y0       PLLE2_ADV (Prop_plle2_adv_CLKIN1_CLKOUT0)
                                                     -7.970    14.631 r  inst_CLK_RST_MANAGER/inst_pll/inst/plle2_adv_inst/CLKOUT0
                         net (fo=1, routed)           1.686    16.317    inst_CLK_RST_MANAGER/inst_pll/inst/clk_out1_clk_wiz_0
    BUFGCTRL_X0Y0        BUFG (Prop_bufg_I_O)         0.091    16.408 r  inst_CLK_RST_MANAGER/inst_pll/inst/clkout1_buf/O
                         net (fo=597, routed)         1.690    18.098    inst_spi_master/CLK
    SLICE_X111Y99        FDCE                                         r  inst_spi_master/O_SCLK_reg/C
                         clock pessimism             -0.514    17.584
                         clock uncertainty           -0.072    17.512
    SLICE_X111Y99        FDCE (Recov_fdce_C_CLR)     -0.577    16.935    inst_spi_master/O_SCLK_reg
  -------------------------------------------------------------------
                         required time                         16.935
                         arrival time                          -4.179
  -------------------------------------------------------------------
                         slack                                 12.757

Slack (MET) :             12.757ns  (required time - arrival time)
  Source:                 inst_CLK_RST_MANAGER/inst_olo_base_sys_reset_gen/g_sync.DsSync_reg[2]/C
                            (rising edge-triggered cell FDRE clocked by clk_out1_clk_wiz_0  {rise@0.000ns fall@10.000ns period=20.000ns})
  Destination:            inst_spi_master/reg_resync_i_miso_reg[0]/CLR
                            (recovery check against rising-edge clock clk_out1_clk_wiz_0  {rise@0.000ns fall@10.000ns period=20.000ns})
  Path Group:             **async_default**
  Path Type:              Recovery (Max at Slow Process Corner)
  Requirement:            20.000ns  (clk_out1_clk_wiz_0 rise@20.000ns - clk_out1_clk_wiz_0 rise@0.000ns)
  Data Path Delay:        6.238ns  (logic 0.419ns (6.717%)  route 5.819ns (93.283%))
  Logic Levels:           0
  Clock Path Skew:        -0.356ns (DCD - SCD + CPR)
    Destination Clock Delay (DCD):    -1.902ns = ( 18.098 - 20.000 )
    Source Clock Delay      (SCD):    -2.060ns
    Clock Pessimism Removal (CPR):    -0.514ns
  Clock Uncertainty:      0.072ns  ((TSJ^2 + DJ^2)^1/2) / 2 + PE
    Total System Jitter     (TSJ):    0.071ns
    Discrete Jitter          (DJ):    0.125ns
    Phase Error              (PE):    0.000ns

    Location             Delay type                Incr(ns)  Path(ns)    Netlist Resource(s)
  -------------------------------------------------------------------    -------------------
                         (clock clk_out1_clk_wiz_0 rise edge)
                                                      0.000     0.000 r
    Y9                                                0.000     0.000 r  PAD_I_CLK (IN)
                         net (fo=0)                   0.000     0.000    inst_CLK_RST_MANAGER/inst_pll/inst/clk_in1
    Y9                   IBUF (Prop_ibuf_I_O)         1.490     1.490 r  inst_CLK_RST_MANAGER/inst_pll/inst/clkin1_ibufg/O
                         net (fo=1, routed)           1.306     2.796    inst_CLK_RST_MANAGER/inst_pll/inst/clk_in1_clk_wiz_0
    PLLE2_ADV_X0Y0       PLLE2_ADV (Prop_plle2_adv_CLKIN1_CLKOUT0)
                                                     -8.866    -6.070 r  inst_CLK_RST_MANAGER/inst_pll/inst/plle2_adv_inst/CLKOUT0
                         net (fo=1, routed)           1.849    -4.221    inst_CLK_RST_MANAGER/inst_pll/inst/clk_out1_clk_wiz_0
    BUFGCTRL_X0Y0        BUFG (Prop_bufg_I_O)         0.101    -4.120 r  inst_CLK_RST_MANAGER/inst_pll/inst/clkout1_buf/O
                         net (fo=597, routed)         2.060    -2.060    inst_CLK_RST_MANAGER/inst_olo_base_sys_reset_gen/Clk
    SLICE_X110Y106       FDRE                                         r  inst_CLK_RST_MANAGER/inst_olo_base_sys_reset_gen/g_sync.DsSync_reg[2]/C
  -------------------------------------------------------------------    -------------------
    SLICE_X110Y106       FDRE (Prop_fdre_C_Q)         0.419    -1.641 f  inst_CLK_RST_MANAGER/inst_olo_base_sys_reset_gen/g_sync.DsSync_reg[2]/Q
                         net (fo=559, routed)         5.819     4.179    inst_spi_master/AR[0]
    SLICE_X111Y99        FDCE                                         f  inst_spi_master/reg_resync_i_miso_reg[0]/CLR
  -------------------------------------------------------------------    -------------------

                         (clock clk_out1_clk_wiz_0 rise edge)
                                                     20.000    20.000 r
    Y9                                                0.000    20.000 r  PAD_I_CLK (IN)
                         net (fo=0)                   0.000    20.000    inst_CLK_RST_MANAGER/inst_pll/inst/clk_in1
    Y9                   IBUF (Prop_ibuf_I_O)         1.420    21.420 r  inst_CLK_RST_MANAGER/inst_pll/inst/clkin1_ibufg/O
                         net (fo=1, routed)           1.181    22.601    inst_CLK_RST_MANAGER/inst_pll/inst/clk_in1_clk_wiz_0
    PLLE2_ADV_X0Y0       PLLE2_ADV (Prop_plle2_adv_CLKIN1_CLKOUT0)
                                                     -7.970    14.631 r  inst_CLK_RST_MANAGER/inst_pll/inst/plle2_adv_inst/CLKOUT0
                         net (fo=1, routed)           1.686    16.317    inst_CLK_RST_MANAGER/inst_pll/inst/clk_out1_clk_wiz_0
    BUFGCTRL_X0Y0        BUFG (Prop_bufg_I_O)         0.091    16.408 r  inst_CLK_RST_MANAGER/inst_pll/inst/clkout1_buf/O
                         net (fo=597, routed)         1.690    18.098    inst_spi_master/CLK
    SLICE_X111Y99        FDCE                                         r  inst_spi_master/reg_resync_i_miso_reg[0]/C
                         clock pessimism             -0.514    17.584
                         clock uncertainty           -0.072    17.512
    SLICE_X111Y99        FDCE (Recov_fdce_C_CLR)     -0.577    16.935    inst_spi_master/reg_resync_i_miso_reg[0]
  -------------------------------------------------------------------
                         required time                         16.935
                         arrival time                          -4.179
  -------------------------------------------------------------------
                         slack                                 12.757

Slack (MET) :             13.309ns  (required time - arrival time)
  Source:                 inst_CLK_RST_MANAGER/inst_olo_base_sys_reset_gen/g_sync.DsSync_reg[2]/C
                            (rising edge-triggered cell FDRE clocked by clk_out1_clk_wiz_0  {rise@0.000ns fall@10.000ns period=20.000ns})
  Destination:            inst_uart_axi_lite_bridge/inst_uart_rx/recovery_counter_reg[1]/CLR
                            (recovery check against rising-edge clock clk_out1_clk_wiz_0  {rise@0.000ns fall@10.000ns period=20.000ns})
  Path Group:             **async_default**
  Path Type:              Recovery (Max at Slow Process Corner)
  Requirement:            20.000ns  (clk_out1_clk_wiz_0 rise@20.000ns - clk_out1_clk_wiz_0 rise@0.000ns)
  Data Path Delay:        5.683ns  (logic 0.419ns (7.373%)  route 5.264ns (92.627%))
  Logic Levels:           0
  Clock Path Skew:        -0.359ns (DCD - SCD + CPR)
    Destination Clock Delay (DCD):    -1.905ns = ( 18.095 - 20.000 )
    Source Clock Delay      (SCD):    -2.060ns
    Clock Pessimism Removal (CPR):    -0.514ns
  Clock Uncertainty:      0.072ns  ((TSJ^2 + DJ^2)^1/2) / 2 + PE
    Total System Jitter     (TSJ):    0.071ns
    Discrete Jitter          (DJ):    0.125ns
    Phase Error              (PE):    0.000ns

    Location             Delay type                Incr(ns)  Path(ns)    Netlist Resource(s)
  -------------------------------------------------------------------    -------------------
                         (clock clk_out1_clk_wiz_0 rise edge)
                                                      0.000     0.000 r
    Y9                                                0.000     0.000 r  PAD_I_CLK (IN)
                         net (fo=0)                   0.000     0.000    inst_CLK_RST_MANAGER/inst_pll/inst/clk_in1
    Y9                   IBUF (Prop_ibuf_I_O)         1.490     1.490 r  inst_CLK_RST_MANAGER/inst_pll/inst/clkin1_ibufg/O
                         net (fo=1, routed)           1.306     2.796    inst_CLK_RST_MANAGER/inst_pll/inst/clk_in1_clk_wiz_0
    PLLE2_ADV_X0Y0       PLLE2_ADV (Prop_plle2_adv_CLKIN1_CLKOUT0)
                                                     -8.866    -6.070 r  inst_CLK_RST_MANAGER/inst_pll/inst/plle2_adv_inst/CLKOUT0
                         net (fo=1, routed)           1.849    -4.221    inst_CLK_RST_MANAGER/inst_pll/inst/clk_out1_clk_wiz_0
    BUFGCTRL_X0Y0        BUFG (Prop_bufg_I_O)         0.101    -4.120 r  inst_CLK_RST_MANAGER/inst_pll/inst/clkout1_buf/O
                         net (fo=597, routed)         2.060    -2.060    inst_CLK_RST_MANAGER/inst_olo_base_sys_reset_gen/Clk
    SLICE_X110Y106       FDRE                                         r  inst_CLK_RST_MANAGER/inst_olo_base_sys_reset_gen/g_sync.DsSync_reg[2]/C
  -------------------------------------------------------------------    -------------------
    SLICE_X110Y106       FDRE (Prop_fdre_C_Q)         0.419    -1.641 f  inst_CLK_RST_MANAGER/inst_olo_base_sys_reset_gen/g_sync.DsSync_reg[2]/Q
                         net (fo=559, routed)         5.264     3.623    inst_uart_axi_lite_bridge/inst_uart_rx/AR[0]
    SLICE_X106Y98        FDCE                                         f  inst_uart_axi_lite_bridge/inst_uart_rx/recovery_counter_reg[1]/CLR
  -------------------------------------------------------------------    -------------------

                         (clock clk_out1_clk_wiz_0 rise edge)
                                                     20.000    20.000 r
    Y9                                                0.000    20.000 r  PAD_I_CLK (IN)
                         net (fo=0)                   0.000    20.000    inst_CLK_RST_MANAGER/inst_pll/inst/clk_in1
    Y9                   IBUF (Prop_ibuf_I_O)         1.420    21.420 r  inst_CLK_RST_MANAGER/inst_pll/inst/clkin1_ibufg/O
                         net (fo=1, routed)           1.181    22.601    inst_CLK_RST_MANAGER/inst_pll/inst/clk_in1_clk_wiz_0
    PLLE2_ADV_X0Y0       PLLE2_ADV (Prop_plle2_adv_CLKIN1_CLKOUT0)
                                                     -7.970    14.631 r  inst_CLK_RST_MANAGER/inst_pll/inst/plle2_adv_inst/CLKOUT0
                         net (fo=1, routed)           1.686    16.317    inst_CLK_RST_MANAGER/inst_pll/inst/clk_out1_clk_wiz_0
    BUFGCTRL_X0Y0        BUFG (Prop_bufg_I_O)         0.091    16.408 r  inst_CLK_RST_MANAGER/inst_pll/inst/clkout1_buf/O
                         net (fo=597, routed)         1.687    18.095    inst_uart_axi_lite_bridge/inst_uart_rx/CLK
    SLICE_X106Y98        FDCE                                         r  inst_uart_axi_lite_bridge/inst_uart_rx/recovery_counter_reg[1]/C
                         clock pessimism             -0.514    17.581
                         clock uncertainty           -0.072    17.509
    SLICE_X106Y98        FDCE (Recov_fdce_C_CLR)     -0.577    16.932    inst_uart_axi_lite_bridge/inst_uart_rx/recovery_counter_reg[1]
  -------------------------------------------------------------------
                         required time                         16.932
                         arrival time                          -3.623
  -------------------------------------------------------------------
                         slack                                 13.309

Slack (MET) :             13.309ns  (required time - arrival time)
  Source:                 inst_CLK_RST_MANAGER/inst_olo_base_sys_reset_gen/g_sync.DsSync_reg[2]/C
                            (rising edge-triggered cell FDRE clocked by clk_out1_clk_wiz_0  {rise@0.000ns fall@10.000ns period=20.000ns})
  Destination:            inst_uart_axi_lite_bridge/inst_uart_rx/recovery_counter_reg[5]/CLR
                            (recovery check against rising-edge clock clk_out1_clk_wiz_0  {rise@0.000ns fall@10.000ns period=20.000ns})
  Path Group:             **async_default**
  Path Type:              Recovery (Max at Slow Process Corner)
  Requirement:            20.000ns  (clk_out1_clk_wiz_0 rise@20.000ns - clk_out1_clk_wiz_0 rise@0.000ns)
  Data Path Delay:        5.683ns  (logic 0.419ns (7.373%)  route 5.264ns (92.627%))
  Logic Levels:           0
  Clock Path Skew:        -0.359ns (DCD - SCD + CPR)
    Destination Clock Delay (DCD):    -1.905ns = ( 18.095 - 20.000 )
    Source Clock Delay      (SCD):    -2.060ns
    Clock Pessimism Removal (CPR):    -0.514ns
  Clock Uncertainty:      0.072ns  ((TSJ^2 + DJ^2)^1/2) / 2 + PE
    Total System Jitter     (TSJ):    0.071ns
    Discrete Jitter          (DJ):    0.125ns
    Phase Error              (PE):    0.000ns

    Location             Delay type                Incr(ns)  Path(ns)    Netlist Resource(s)
  -------------------------------------------------------------------    -------------------
                         (clock clk_out1_clk_wiz_0 rise edge)
                                                      0.000     0.000 r
    Y9                                                0.000     0.000 r  PAD_I_CLK (IN)
                         net (fo=0)                   0.000     0.000    inst_CLK_RST_MANAGER/inst_pll/inst/clk_in1
    Y9                   IBUF (Prop_ibuf_I_O)         1.490     1.490 r  inst_CLK_RST_MANAGER/inst_pll/inst/clkin1_ibufg/O
                         net (fo=1, routed)           1.306     2.796    inst_CLK_RST_MANAGER/inst_pll/inst/clk_in1_clk_wiz_0
    PLLE2_ADV_X0Y0       PLLE2_ADV (Prop_plle2_adv_CLKIN1_CLKOUT0)
                                                     -8.866    -6.070 r  inst_CLK_RST_MANAGER/inst_pll/inst/plle2_adv_inst/CLKOUT0
                         net (fo=1, routed)           1.849    -4.221    inst_CLK_RST_MANAGER/inst_pll/inst/clk_out1_clk_wiz_0
    BUFGCTRL_X0Y0        BUFG (Prop_bufg_I_O)         0.101    -4.120 r  inst_CLK_RST_MANAGER/inst_pll/inst/clkout1_buf/O
                         net (fo=597, routed)         2.060    -2.060    inst_CLK_RST_MANAGER/inst_olo_base_sys_reset_gen/Clk
    SLICE_X110Y106       FDRE                                         r  inst_CLK_RST_MANAGER/inst_olo_base_sys_reset_gen/g_sync.DsSync_reg[2]/C
  -------------------------------------------------------------------    -------------------
    SLICE_X110Y106       FDRE (Prop_fdre_C_Q)         0.419    -1.641 f  inst_CLK_RST_MANAGER/inst_olo_base_sys_reset_gen/g_sync.DsSync_reg[2]/Q
                         net (fo=559, routed)         5.264     3.623    inst_uart_axi_lite_bridge/inst_uart_rx/AR[0]
    SLICE_X106Y98        FDCE                                         f  inst_uart_axi_lite_bridge/inst_uart_rx/recovery_counter_reg[5]/CLR
  -------------------------------------------------------------------    -------------------

                         (clock clk_out1_clk_wiz_0 rise edge)
                                                     20.000    20.000 r
    Y9                                                0.000    20.000 r  PAD_I_CLK (IN)
                         net (fo=0)                   0.000    20.000    inst_CLK_RST_MANAGER/inst_pll/inst/clk_in1
    Y9                   IBUF (Prop_ibuf_I_O)         1.420    21.420 r  inst_CLK_RST_MANAGER/inst_pll/inst/clkin1_ibufg/O
                         net (fo=1, routed)           1.181    22.601    inst_CLK_RST_MANAGER/inst_pll/inst/clk_in1_clk_wiz_0
    PLLE2_ADV_X0Y0       PLLE2_ADV (Prop_plle2_adv_CLKIN1_CLKOUT0)
                                                     -7.970    14.631 r  inst_CLK_RST_MANAGER/inst_pll/inst/plle2_adv_inst/CLKOUT0
                         net (fo=1, routed)           1.686    16.317    inst_CLK_RST_MANAGER/inst_pll/inst/clk_out1_clk_wiz_0
    BUFGCTRL_X0Y0        BUFG (Prop_bufg_I_O)         0.091    16.408 r  inst_CLK_RST_MANAGER/inst_pll/inst/clkout1_buf/O
                         net (fo=597, routed)         1.687    18.095    inst_uart_axi_lite_bridge/inst_uart_rx/CLK
    SLICE_X106Y98        FDCE                                         r  inst_uart_axi_lite_bridge/inst_uart_rx/recovery_counter_reg[5]/C
                         clock pessimism             -0.514    17.581
                         clock uncertainty           -0.072    17.509
    SLICE_X106Y98        FDCE (Recov_fdce_C_CLR)     -0.577    16.932    inst_uart_axi_lite_bridge/inst_uart_rx/recovery_counter_reg[5]
  -------------------------------------------------------------------
                         required time                         16.932
                         arrival time                          -3.623
  -------------------------------------------------------------------
                         slack                                 13.309

Slack (MET) :             13.309ns  (required time - arrival time)
  Source:                 inst_CLK_RST_MANAGER/inst_olo_base_sys_reset_gen/g_sync.DsSync_reg[2]/C
                            (rising edge-triggered cell FDRE clocked by clk_out1_clk_wiz_0  {rise@0.000ns fall@10.000ns period=20.000ns})
  Destination:            inst_uart_axi_lite_bridge/inst_uart_rx/recovery_counter_reg[6]/CLR
                            (recovery check against rising-edge clock clk_out1_clk_wiz_0  {rise@0.000ns fall@10.000ns period=20.000ns})
  Path Group:             **async_default**
  Path Type:              Recovery (Max at Slow Process Corner)
  Requirement:            20.000ns  (clk_out1_clk_wiz_0 rise@20.000ns - clk_out1_clk_wiz_0 rise@0.000ns)
  Data Path Delay:        5.683ns  (logic 0.419ns (7.373%)  route 5.264ns (92.627%))
  Logic Levels:           0
  Clock Path Skew:        -0.359ns (DCD - SCD + CPR)
    Destination Clock Delay (DCD):    -1.905ns = ( 18.095 - 20.000 )
    Source Clock Delay      (SCD):    -2.060ns
    Clock Pessimism Removal (CPR):    -0.514ns
  Clock Uncertainty:      0.072ns  ((TSJ^2 + DJ^2)^1/2) / 2 + PE
    Total System Jitter     (TSJ):    0.071ns
    Discrete Jitter          (DJ):    0.125ns
    Phase Error              (PE):    0.000ns

    Location             Delay type                Incr(ns)  Path(ns)    Netlist Resource(s)
  -------------------------------------------------------------------    -------------------
                         (clock clk_out1_clk_wiz_0 rise edge)
                                                      0.000     0.000 r
    Y9                                                0.000     0.000 r  PAD_I_CLK (IN)
                         net (fo=0)                   0.000     0.000    inst_CLK_RST_MANAGER/inst_pll/inst/clk_in1
    Y9                   IBUF (Prop_ibuf_I_O)         1.490     1.490 r  inst_CLK_RST_MANAGER/inst_pll/inst/clkin1_ibufg/O
                         net (fo=1, routed)           1.306     2.796    inst_CLK_RST_MANAGER/inst_pll/inst/clk_in1_clk_wiz_0
    PLLE2_ADV_X0Y0       PLLE2_ADV (Prop_plle2_adv_CLKIN1_CLKOUT0)
                                                     -8.866    -6.070 r  inst_CLK_RST_MANAGER/inst_pll/inst/plle2_adv_inst/CLKOUT0
                         net (fo=1, routed)           1.849    -4.221    inst_CLK_RST_MANAGER/inst_pll/inst/clk_out1_clk_wiz_0
    BUFGCTRL_X0Y0        BUFG (Prop_bufg_I_O)         0.101    -4.120 r  inst_CLK_RST_MANAGER/inst_pll/inst/clkout1_buf/O
                         net (fo=597, routed)         2.060    -2.060    inst_CLK_RST_MANAGER/inst_olo_base_sys_reset_gen/Clk
    SLICE_X110Y106       FDRE                                         r  inst_CLK_RST_MANAGER/inst_olo_base_sys_reset_gen/g_sync.DsSync_reg[2]/C
  -------------------------------------------------------------------    -------------------
    SLICE_X110Y106       FDRE (Prop_fdre_C_Q)         0.419    -1.641 f  inst_CLK_RST_MANAGER/inst_olo_base_sys_reset_gen/g_sync.DsSync_reg[2]/Q
                         net (fo=559, routed)         5.264     3.623    inst_uart_axi_lite_bridge/inst_uart_rx/AR[0]
    SLICE_X106Y98        FDCE                                         f  inst_uart_axi_lite_bridge/inst_uart_rx/recovery_counter_reg[6]/CLR
  -------------------------------------------------------------------    -------------------

                         (clock clk_out1_clk_wiz_0 rise edge)
                                                     20.000    20.000 r
    Y9                                                0.000    20.000 r  PAD_I_CLK (IN)
                         net (fo=0)                   0.000    20.000    inst_CLK_RST_MANAGER/inst_pll/inst/clk_in1
    Y9                   IBUF (Prop_ibuf_I_O)         1.420    21.420 r  inst_CLK_RST_MANAGER/inst_pll/inst/clkin1_ibufg/O
                         net (fo=1, routed)           1.181    22.601    inst_CLK_RST_MANAGER/inst_pll/inst/clk_in1_clk_wiz_0
    PLLE2_ADV_X0Y0       PLLE2_ADV (Prop_plle2_adv_CLKIN1_CLKOUT0)
                                                     -7.970    14.631 r  inst_CLK_RST_MANAGER/inst_pll/inst/plle2_adv_inst/CLKOUT0
                         net (fo=1, routed)           1.686    16.317    inst_CLK_RST_MANAGER/inst_pll/inst/clk_out1_clk_wiz_0
    BUFGCTRL_X0Y0        BUFG (Prop_bufg_I_O)         0.091    16.408 r  inst_CLK_RST_MANAGER/inst_pll/inst/clkout1_buf/O
                         net (fo=597, routed)         1.687    18.095    inst_uart_axi_lite_bridge/inst_uart_rx/CLK
    SLICE_X106Y98        FDCE                                         r  inst_uart_axi_lite_bridge/inst_uart_rx/recovery_counter_reg[6]/C
                         clock pessimism             -0.514    17.581
                         clock uncertainty           -0.072    17.509
    SLICE_X106Y98        FDCE (Recov_fdce_C_CLR)     -0.577    16.932    inst_uart_axi_lite_bridge/inst_uart_rx/recovery_counter_reg[6]
  -------------------------------------------------------------------
                         required time                         16.932
                         arrival time                          -3.623
  -------------------------------------------------------------------
                         slack                                 13.309





Min Delay Paths
--------------------------------------------------------------------------------------
Slack (MET) :             0.511ns  (arrival time - required time)
  Source:                 inst_CLK_RST_MANAGER/inst_olo_base_sys_reset_gen/g_sync.DsSync_reg[2]/C
                            (rising edge-triggered cell FDRE clocked by clk_out1_clk_wiz_0  {rise@0.000ns fall@10.000ns period=20.000ns})
  Destination:            inst_reglock/field_storage_reg[test_register_2][test_bits][value][2]/CLR
                            (removal check against rising-edge clock clk_out1_clk_wiz_0  {rise@0.000ns fall@10.000ns period=20.000ns})
  Path Group:             **async_default**
  Path Type:              Removal (Min at Fast Process Corner)
  Requirement:            0.000ns  (clk_out1_clk_wiz_0 rise@0.000ns - clk_out1_clk_wiz_0 rise@0.000ns)
  Data Path Delay:        0.379ns  (logic 0.128ns (33.761%)  route 0.251ns (66.239%))
  Logic Levels:           0
  Clock Path Skew:        0.013ns (DCD - SCD - CPR)
    Destination Clock Delay (DCD):    -0.168ns
    Source Clock Delay      (SCD):    -0.406ns
    Clock Pessimism Removal (CPR):    0.225ns

    Location             Delay type                Incr(ns)  Path(ns)    Netlist Resource(s)
  -------------------------------------------------------------------    -------------------
                         (clock clk_out1_clk_wiz_0 rise edge)
                                                      0.000     0.000 r
    Y9                                                0.000     0.000 r  PAD_I_CLK (IN)
                         net (fo=0)                   0.000     0.000    inst_CLK_RST_MANAGER/inst_pll/inst/clk_in1
    Y9                   IBUF (Prop_ibuf_I_O)         0.258     0.258 r  inst_CLK_RST_MANAGER/inst_pll/inst/clkin1_ibufg/O
                         net (fo=1, routed)           0.440     0.698    inst_CLK_RST_MANAGER/inst_pll/inst/clk_in1_clk_wiz_0
    PLLE2_ADV_X0Y0       PLLE2_ADV (Prop_plle2_adv_CLKIN1_CLKOUT0)
                                                     -2.384    -1.685 r  inst_CLK_RST_MANAGER/inst_pll/inst/plle2_adv_inst/CLKOUT0
                         net (fo=1, routed)           0.533    -1.152    inst_CLK_RST_MANAGER/inst_pll/inst/clk_out1_clk_wiz_0
    BUFGCTRL_X0Y0        BUFG (Prop_bufg_I_O)         0.026    -1.126 r  inst_CLK_RST_MANAGER/inst_pll/inst/clkout1_buf/O
                         net (fo=597, routed)         0.720    -0.406    inst_CLK_RST_MANAGER/inst_olo_base_sys_reset_gen/Clk
    SLICE_X110Y106       FDRE                                         r  inst_CLK_RST_MANAGER/inst_olo_base_sys_reset_gen/g_sync.DsSync_reg[2]/C
  -------------------------------------------------------------------    -------------------
    SLICE_X110Y106       FDRE (Prop_fdre_C_Q)         0.128    -0.278 f  inst_CLK_RST_MANAGER/inst_olo_base_sys_reset_gen/g_sync.DsSync_reg[2]/Q
                         net (fo=559, routed)         0.251    -0.027    inst_reglock/AR[0]
    SLICE_X111Y106       FDCE                                         f  inst_reglock/field_storage_reg[test_register_2][test_bits][value][2]/CLR
  -------------------------------------------------------------------    -------------------

                         (clock clk_out1_clk_wiz_0 rise edge)
                                                      0.000     0.000 r
    Y9                                                0.000     0.000 r  PAD_I_CLK (IN)
                         net (fo=0)                   0.000     0.000    inst_CLK_RST_MANAGER/inst_pll/inst/clk_in1
    Y9                   IBUF (Prop_ibuf_I_O)         0.446     0.446 r  inst_CLK_RST_MANAGER/inst_pll/inst/clkin1_ibufg/O
                         net (fo=1, routed)           0.481     0.927    inst_CLK_RST_MANAGER/inst_pll/inst/clk_in1_clk_wiz_0
    PLLE2_ADV_X0Y0       PLLE2_ADV (Prop_plle2_adv_CLKIN1_CLKOUT0)
                                                     -2.700    -1.773 r  inst_CLK_RST_MANAGER/inst_pll/inst/plle2_adv_inst/CLKOUT0
                         net (fo=1, routed)           0.580    -1.193    inst_CLK_RST_MANAGER/inst_pll/inst/clk_out1_clk_wiz_0
    BUFGCTRL_X0Y0        BUFG (Prop_bufg_I_O)         0.029    -1.164 r  inst_CLK_RST_MANAGER/inst_pll/inst/clkout1_buf/O
                         net (fo=597, routed)         0.996    -0.168    inst_reglock/CLK
    SLICE_X111Y106       FDCE                                         r  inst_reglock/field_storage_reg[test_register_2][test_bits][value][2]/C
                         clock pessimism             -0.225    -0.393
    SLICE_X111Y106       FDCE (Remov_fdce_C_CLR)     -0.145    -0.538    inst_reglock/field_storage_reg[test_register_2][test_bits][value][2]
  -------------------------------------------------------------------
                         required time                          0.538
                         arrival time                          -0.027
  -------------------------------------------------------------------
                         slack                                  0.511

Slack (MET) :             0.511ns  (arrival time - required time)
  Source:                 inst_CLK_RST_MANAGER/inst_olo_base_sys_reset_gen/g_sync.DsSync_reg[2]/C
                            (rising edge-triggered cell FDRE clocked by clk_out1_clk_wiz_0  {rise@0.000ns fall@10.000ns period=20.000ns})
  Destination:            inst_reglock/field_storage_reg[test_register_2][test_bits][value][3]/CLR
                            (removal check against rising-edge clock clk_out1_clk_wiz_0  {rise@0.000ns fall@10.000ns period=20.000ns})
  Path Group:             **async_default**
  Path Type:              Removal (Min at Fast Process Corner)
  Requirement:            0.000ns  (clk_out1_clk_wiz_0 rise@0.000ns - clk_out1_clk_wiz_0 rise@0.000ns)
  Data Path Delay:        0.379ns  (logic 0.128ns (33.761%)  route 0.251ns (66.239%))
  Logic Levels:           0
  Clock Path Skew:        0.013ns (DCD - SCD - CPR)
    Destination Clock Delay (DCD):    -0.168ns
    Source Clock Delay      (SCD):    -0.406ns
    Clock Pessimism Removal (CPR):    0.225ns

    Location             Delay type                Incr(ns)  Path(ns)    Netlist Resource(s)
  -------------------------------------------------------------------    -------------------
                         (clock clk_out1_clk_wiz_0 rise edge)
                                                      0.000     0.000 r
    Y9                                                0.000     0.000 r  PAD_I_CLK (IN)
                         net (fo=0)                   0.000     0.000    inst_CLK_RST_MANAGER/inst_pll/inst/clk_in1
    Y9                   IBUF (Prop_ibuf_I_O)         0.258     0.258 r  inst_CLK_RST_MANAGER/inst_pll/inst/clkin1_ibufg/O
                         net (fo=1, routed)           0.440     0.698    inst_CLK_RST_MANAGER/inst_pll/inst/clk_in1_clk_wiz_0
    PLLE2_ADV_X0Y0       PLLE2_ADV (Prop_plle2_adv_CLKIN1_CLKOUT0)
                                                     -2.384    -1.685 r  inst_CLK_RST_MANAGER/inst_pll/inst/plle2_adv_inst/CLKOUT0
                         net (fo=1, routed)           0.533    -1.152    inst_CLK_RST_MANAGER/inst_pll/inst/clk_out1_clk_wiz_0
    BUFGCTRL_X0Y0        BUFG (Prop_bufg_I_O)         0.026    -1.126 r  inst_CLK_RST_MANAGER/inst_pll/inst/clkout1_buf/O
                         net (fo=597, routed)         0.720    -0.406    inst_CLK_RST_MANAGER/inst_olo_base_sys_reset_gen/Clk
    SLICE_X110Y106       FDRE                                         r  inst_CLK_RST_MANAGER/inst_olo_base_sys_reset_gen/g_sync.DsSync_reg[2]/C
  -------------------------------------------------------------------    -------------------
    SLICE_X110Y106       FDRE (Prop_fdre_C_Q)         0.128    -0.278 f  inst_CLK_RST_MANAGER/inst_olo_base_sys_reset_gen/g_sync.DsSync_reg[2]/Q
                         net (fo=559, routed)         0.251    -0.027    inst_reglock/AR[0]
    SLICE_X111Y106       FDCE                                         f  inst_reglock/field_storage_reg[test_register_2][test_bits][value][3]/CLR
  -------------------------------------------------------------------    -------------------

                         (clock clk_out1_clk_wiz_0 rise edge)
                                                      0.000     0.000 r
    Y9                                                0.000     0.000 r  PAD_I_CLK (IN)
                         net (fo=0)                   0.000     0.000    inst_CLK_RST_MANAGER/inst_pll/inst/clk_in1
    Y9                   IBUF (Prop_ibuf_I_O)         0.446     0.446 r  inst_CLK_RST_MANAGER/inst_pll/inst/clkin1_ibufg/O
                         net (fo=1, routed)           0.481     0.927    inst_CLK_RST_MANAGER/inst_pll/inst/clk_in1_clk_wiz_0
    PLLE2_ADV_X0Y0       PLLE2_ADV (Prop_plle2_adv_CLKIN1_CLKOUT0)
                                                     -2.700    -1.773 r  inst_CLK_RST_MANAGER/inst_pll/inst/plle2_adv_inst/CLKOUT0
                         net (fo=1, routed)           0.580    -1.193    inst_CLK_RST_MANAGER/inst_pll/inst/clk_out1_clk_wiz_0
    BUFGCTRL_X0Y0        BUFG (Prop_bufg_I_O)         0.029    -1.164 r  inst_CLK_RST_MANAGER/inst_pll/inst/clkout1_buf/O
                         net (fo=597, routed)         0.996    -0.168    inst_reglock/CLK
    SLICE_X111Y106       FDCE                                         r  inst_reglock/field_storage_reg[test_register_2][test_bits][value][3]/C
                         clock pessimism             -0.225    -0.393
    SLICE_X111Y106       FDCE (Remov_fdce_C_CLR)     -0.145    -0.538    inst_reglock/field_storage_reg[test_register_2][test_bits][value][3]
  -------------------------------------------------------------------
                         required time                          0.538
                         arrival time                          -0.027
  -------------------------------------------------------------------
                         slack                                  0.511

Slack (MET) :             0.515ns  (arrival time - required time)
  Source:                 inst_CLK_RST_MANAGER/inst_olo_base_sys_reset_gen/g_sync.DsSync_reg[2]/C
                            (rising edge-triggered cell FDRE clocked by clk_out1_clk_wiz_0  {rise@0.000ns fall@10.000ns period=20.000ns})
  Destination:            inst_reglock/axil_wdata_reg[1]/CLR
                            (removal check against rising-edge clock clk_out1_clk_wiz_0  {rise@0.000ns fall@10.000ns period=20.000ns})
  Path Group:             **async_default**
  Path Type:              Removal (Min at Fast Process Corner)
  Requirement:            0.000ns  (clk_out1_clk_wiz_0 rise@0.000ns - clk_out1_clk_wiz_0 rise@0.000ns)
  Data Path Delay:        0.385ns  (logic 0.128ns (33.240%)  route 0.257ns (66.760%))
  Logic Levels:           0
  Clock Path Skew:        0.015ns (DCD - SCD - CPR)
    Destination Clock Delay (DCD):    -0.169ns
    Source Clock Delay      (SCD):    -0.406ns
    Clock Pessimism Removal (CPR):    0.222ns

    Location             Delay type                Incr(ns)  Path(ns)    Netlist Resource(s)
  -------------------------------------------------------------------    -------------------
                         (clock clk_out1_clk_wiz_0 rise edge)
                                                      0.000     0.000 r
    Y9                                                0.000     0.000 r  PAD_I_CLK (IN)
                         net (fo=0)                   0.000     0.000    inst_CLK_RST_MANAGER/inst_pll/inst/clk_in1
    Y9                   IBUF (Prop_ibuf_I_O)         0.258     0.258 r  inst_CLK_RST_MANAGER/inst_pll/inst/clkin1_ibufg/O
                         net (fo=1, routed)           0.440     0.698    inst_CLK_RST_MANAGER/inst_pll/inst/clk_in1_clk_wiz_0
    PLLE2_ADV_X0Y0       PLLE2_ADV (Prop_plle2_adv_CLKIN1_CLKOUT0)
                                                     -2.384    -1.685 r  inst_CLK_RST_MANAGER/inst_pll/inst/plle2_adv_inst/CLKOUT0
                         net (fo=1, routed)           0.533    -1.152    inst_CLK_RST_MANAGER/inst_pll/inst/clk_out1_clk_wiz_0
    BUFGCTRL_X0Y0        BUFG (Prop_bufg_I_O)         0.026    -1.126 r  inst_CLK_RST_MANAGER/inst_pll/inst/clkout1_buf/O
                         net (fo=597, routed)         0.720    -0.406    inst_CLK_RST_MANAGER/inst_olo_base_sys_reset_gen/Clk
    SLICE_X110Y106       FDRE                                         r  inst_CLK_RST_MANAGER/inst_olo_base_sys_reset_gen/g_sync.DsSync_reg[2]/C
  -------------------------------------------------------------------    -------------------
    SLICE_X110Y106       FDRE (Prop_fdre_C_Q)         0.128    -0.278 f  inst_CLK_RST_MANAGER/inst_olo_base_sys_reset_gen/g_sync.DsSync_reg[2]/Q
                         net (fo=559, routed)         0.257    -0.021    inst_reglock/AR[0]
    SLICE_X111Y108       FDCE                                         f  inst_reglock/axil_wdata_reg[1]/CLR
  -------------------------------------------------------------------    -------------------

                         (clock clk_out1_clk_wiz_0 rise edge)
                                                      0.000     0.000 r
    Y9                                                0.000     0.000 r  PAD_I_CLK (IN)
                         net (fo=0)                   0.000     0.000    inst_CLK_RST_MANAGER/inst_pll/inst/clk_in1
    Y9                   IBUF (Prop_ibuf_I_O)         0.446     0.446 r  inst_CLK_RST_MANAGER/inst_pll/inst/clkin1_ibufg/O
                         net (fo=1, routed)           0.481     0.927    inst_CLK_RST_MANAGER/inst_pll/inst/clk_in1_clk_wiz_0
    PLLE2_ADV_X0Y0       PLLE2_ADV (Prop_plle2_adv_CLKIN1_CLKOUT0)
                                                     -2.700    -1.773 r  inst_CLK_RST_MANAGER/inst_pll/inst/plle2_adv_inst/CLKOUT0
                         net (fo=1, routed)           0.580    -1.193    inst_CLK_RST_MANAGER/inst_pll/inst/clk_out1_clk_wiz_0
    BUFGCTRL_X0Y0        BUFG (Prop_bufg_I_O)         0.029    -1.164 r  inst_CLK_RST_MANAGER/inst_pll/inst/clkout1_buf/O
                         net (fo=597, routed)         0.995    -0.169    inst_reglock/CLK
    SLICE_X111Y108       FDCE                                         r  inst_reglock/axil_wdata_reg[1]/C
                         clock pessimism             -0.222    -0.391
    SLICE_X111Y108       FDCE (Remov_fdce_C_CLR)     -0.145    -0.536    inst_reglock/axil_wdata_reg[1]
  -------------------------------------------------------------------
                         required time                          0.536
                         arrival time                          -0.021
  -------------------------------------------------------------------
                         slack                                  0.515

Slack (MET) :             0.515ns  (arrival time - required time)
  Source:                 inst_CLK_RST_MANAGER/inst_olo_base_sys_reset_gen/g_sync.DsSync_reg[2]/C
                            (rising edge-triggered cell FDRE clocked by clk_out1_clk_wiz_0  {rise@0.000ns fall@10.000ns period=20.000ns})
  Destination:            inst_reglock/axil_wdata_reg[2]/CLR
                            (removal check against rising-edge clock clk_out1_clk_wiz_0  {rise@0.000ns fall@10.000ns period=20.000ns})
  Path Group:             **async_default**
  Path Type:              Removal (Min at Fast Process Corner)
  Requirement:            0.000ns  (clk_out1_clk_wiz_0 rise@0.000ns - clk_out1_clk_wiz_0 rise@0.000ns)
  Data Path Delay:        0.385ns  (logic 0.128ns (33.240%)  route 0.257ns (66.760%))
  Logic Levels:           0
  Clock Path Skew:        0.015ns (DCD - SCD - CPR)
    Destination Clock Delay (DCD):    -0.169ns
    Source Clock Delay      (SCD):    -0.406ns
    Clock Pessimism Removal (CPR):    0.222ns

    Location             Delay type                Incr(ns)  Path(ns)    Netlist Resource(s)
  -------------------------------------------------------------------    -------------------
                         (clock clk_out1_clk_wiz_0 rise edge)
                                                      0.000     0.000 r
    Y9                                                0.000     0.000 r  PAD_I_CLK (IN)
                         net (fo=0)                   0.000     0.000    inst_CLK_RST_MANAGER/inst_pll/inst/clk_in1
    Y9                   IBUF (Prop_ibuf_I_O)         0.258     0.258 r  inst_CLK_RST_MANAGER/inst_pll/inst/clkin1_ibufg/O
                         net (fo=1, routed)           0.440     0.698    inst_CLK_RST_MANAGER/inst_pll/inst/clk_in1_clk_wiz_0
    PLLE2_ADV_X0Y0       PLLE2_ADV (Prop_plle2_adv_CLKIN1_CLKOUT0)
                                                     -2.384    -1.685 r  inst_CLK_RST_MANAGER/inst_pll/inst/plle2_adv_inst/CLKOUT0
                         net (fo=1, routed)           0.533    -1.152    inst_CLK_RST_MANAGER/inst_pll/inst/clk_out1_clk_wiz_0
    BUFGCTRL_X0Y0        BUFG (Prop_bufg_I_O)         0.026    -1.126 r  inst_CLK_RST_MANAGER/inst_pll/inst/clkout1_buf/O
                         net (fo=597, routed)         0.720    -0.406    inst_CLK_RST_MANAGER/inst_olo_base_sys_reset_gen/Clk
    SLICE_X110Y106       FDRE                                         r  inst_CLK_RST_MANAGER/inst_olo_base_sys_reset_gen/g_sync.DsSync_reg[2]/C
  -------------------------------------------------------------------    -------------------
    SLICE_X110Y106       FDRE (Prop_fdre_C_Q)         0.128    -0.278 f  inst_CLK_RST_MANAGER/inst_olo_base_sys_reset_gen/g_sync.DsSync_reg[2]/Q
                         net (fo=559, routed)         0.257    -0.021    inst_reglock/AR[0]
    SLICE_X111Y108       FDCE                                         f  inst_reglock/axil_wdata_reg[2]/CLR
  -------------------------------------------------------------------    -------------------

                         (clock clk_out1_clk_wiz_0 rise edge)
                                                      0.000     0.000 r
    Y9                                                0.000     0.000 r  PAD_I_CLK (IN)
                         net (fo=0)                   0.000     0.000    inst_CLK_RST_MANAGER/inst_pll/inst/clk_in1
    Y9                   IBUF (Prop_ibuf_I_O)         0.446     0.446 r  inst_CLK_RST_MANAGER/inst_pll/inst/clkin1_ibufg/O
                         net (fo=1, routed)           0.481     0.927    inst_CLK_RST_MANAGER/inst_pll/inst/clk_in1_clk_wiz_0
    PLLE2_ADV_X0Y0       PLLE2_ADV (Prop_plle2_adv_CLKIN1_CLKOUT0)
                                                     -2.700    -1.773 r  inst_CLK_RST_MANAGER/inst_pll/inst/plle2_adv_inst/CLKOUT0
                         net (fo=1, routed)           0.580    -1.193    inst_CLK_RST_MANAGER/inst_pll/inst/clk_out1_clk_wiz_0
    BUFGCTRL_X0Y0        BUFG (Prop_bufg_I_O)         0.029    -1.164 r  inst_CLK_RST_MANAGER/inst_pll/inst/clkout1_buf/O
                         net (fo=597, routed)         0.995    -0.169    inst_reglock/CLK
    SLICE_X111Y108       FDCE                                         r  inst_reglock/axil_wdata_reg[2]/C
                         clock pessimism             -0.222    -0.391
    SLICE_X111Y108       FDCE (Remov_fdce_C_CLR)     -0.145    -0.536    inst_reglock/axil_wdata_reg[2]
  -------------------------------------------------------------------
                         required time                          0.536
                         arrival time                          -0.021
  -------------------------------------------------------------------
                         slack                                  0.515

Slack (MET) :             0.515ns  (arrival time - required time)
  Source:                 inst_CLK_RST_MANAGER/inst_olo_base_sys_reset_gen/g_sync.DsSync_reg[2]/C
                            (rising edge-triggered cell FDRE clocked by clk_out1_clk_wiz_0  {rise@0.000ns fall@10.000ns period=20.000ns})
  Destination:            inst_reglock/axil_wdata_reg[3]/CLR
                            (removal check against rising-edge clock clk_out1_clk_wiz_0  {rise@0.000ns fall@10.000ns period=20.000ns})
  Path Group:             **async_default**
  Path Type:              Removal (Min at Fast Process Corner)
  Requirement:            0.000ns  (clk_out1_clk_wiz_0 rise@0.000ns - clk_out1_clk_wiz_0 rise@0.000ns)
  Data Path Delay:        0.385ns  (logic 0.128ns (33.240%)  route 0.257ns (66.760%))
  Logic Levels:           0
  Clock Path Skew:        0.015ns (DCD - SCD - CPR)
    Destination Clock Delay (DCD):    -0.169ns
    Source Clock Delay      (SCD):    -0.406ns
    Clock Pessimism Removal (CPR):    0.222ns

    Location             Delay type                Incr(ns)  Path(ns)    Netlist Resource(s)
  -------------------------------------------------------------------    -------------------
                         (clock clk_out1_clk_wiz_0 rise edge)
                                                      0.000     0.000 r
    Y9                                                0.000     0.000 r  PAD_I_CLK (IN)
                         net (fo=0)                   0.000     0.000    inst_CLK_RST_MANAGER/inst_pll/inst/clk_in1
    Y9                   IBUF (Prop_ibuf_I_O)         0.258     0.258 r  inst_CLK_RST_MANAGER/inst_pll/inst/clkin1_ibufg/O
                         net (fo=1, routed)           0.440     0.698    inst_CLK_RST_MANAGER/inst_pll/inst/clk_in1_clk_wiz_0
    PLLE2_ADV_X0Y0       PLLE2_ADV (Prop_plle2_adv_CLKIN1_CLKOUT0)
                                                     -2.384    -1.685 r  inst_CLK_RST_MANAGER/inst_pll/inst/plle2_adv_inst/CLKOUT0
                         net (fo=1, routed)           0.533    -1.152    inst_CLK_RST_MANAGER/inst_pll/inst/clk_out1_clk_wiz_0
    BUFGCTRL_X0Y0        BUFG (Prop_bufg_I_O)         0.026    -1.126 r  inst_CLK_RST_MANAGER/inst_pll/inst/clkout1_buf/O
                         net (fo=597, routed)         0.720    -0.406    inst_CLK_RST_MANAGER/inst_olo_base_sys_reset_gen/Clk
    SLICE_X110Y106       FDRE                                         r  inst_CLK_RST_MANAGER/inst_olo_base_sys_reset_gen/g_sync.DsSync_reg[2]/C
  -------------------------------------------------------------------    -------------------
    SLICE_X110Y106       FDRE (Prop_fdre_C_Q)         0.128    -0.278 f  inst_CLK_RST_MANAGER/inst_olo_base_sys_reset_gen/g_sync.DsSync_reg[2]/Q
                         net (fo=559, routed)         0.257    -0.021    inst_reglock/AR[0]
    SLICE_X111Y108       FDCE                                         f  inst_reglock/axil_wdata_reg[3]/CLR
  -------------------------------------------------------------------    -------------------

                         (clock clk_out1_clk_wiz_0 rise edge)
                                                      0.000     0.000 r
    Y9                                                0.000     0.000 r  PAD_I_CLK (IN)
                         net (fo=0)                   0.000     0.000    inst_CLK_RST_MANAGER/inst_pll/inst/clk_in1
    Y9                   IBUF (Prop_ibuf_I_O)         0.446     0.446 r  inst_CLK_RST_MANAGER/inst_pll/inst/clkin1_ibufg/O
                         net (fo=1, routed)           0.481     0.927    inst_CLK_RST_MANAGER/inst_pll/inst/clk_in1_clk_wiz_0
    PLLE2_ADV_X0Y0       PLLE2_ADV (Prop_plle2_adv_CLKIN1_CLKOUT0)
                                                     -2.700    -1.773 r  inst_CLK_RST_MANAGER/inst_pll/inst/plle2_adv_inst/CLKOUT0
                         net (fo=1, routed)           0.580    -1.193    inst_CLK_RST_MANAGER/inst_pll/inst/clk_out1_clk_wiz_0
    BUFGCTRL_X0Y0        BUFG (Prop_bufg_I_O)         0.029    -1.164 r  inst_CLK_RST_MANAGER/inst_pll/inst/clkout1_buf/O
                         net (fo=597, routed)         0.995    -0.169    inst_reglock/CLK
    SLICE_X111Y108       FDCE                                         r  inst_reglock/axil_wdata_reg[3]/C
                         clock pessimism             -0.222    -0.391
    SLICE_X111Y108       FDCE (Remov_fdce_C_CLR)     -0.145    -0.536    inst_reglock/axil_wdata_reg[3]
  -------------------------------------------------------------------
                         required time                          0.536
                         arrival time                          -0.021
  -------------------------------------------------------------------
                         slack                                  0.515

Slack (MET) :             0.515ns  (arrival time - required time)
  Source:                 inst_CLK_RST_MANAGER/inst_olo_base_sys_reset_gen/g_sync.DsSync_reg[2]/C
                            (rising edge-triggered cell FDRE clocked by clk_out1_clk_wiz_0  {rise@0.000ns fall@10.000ns period=20.000ns})
  Destination:            inst_reglock/axil_wdata_reg[4]/CLR
                            (removal check against rising-edge clock clk_out1_clk_wiz_0  {rise@0.000ns fall@10.000ns period=20.000ns})
  Path Group:             **async_default**
  Path Type:              Removal (Min at Fast Process Corner)
  Requirement:            0.000ns  (clk_out1_clk_wiz_0 rise@0.000ns - clk_out1_clk_wiz_0 rise@0.000ns)
  Data Path Delay:        0.385ns  (logic 0.128ns (33.240%)  route 0.257ns (66.760%))
  Logic Levels:           0
  Clock Path Skew:        0.015ns (DCD - SCD - CPR)
    Destination Clock Delay (DCD):    -0.169ns
    Source Clock Delay      (SCD):    -0.406ns
    Clock Pessimism Removal (CPR):    0.222ns

    Location             Delay type                Incr(ns)  Path(ns)    Netlist Resource(s)
  -------------------------------------------------------------------    -------------------
                         (clock clk_out1_clk_wiz_0 rise edge)
                                                      0.000     0.000 r
    Y9                                                0.000     0.000 r  PAD_I_CLK (IN)
                         net (fo=0)                   0.000     0.000    inst_CLK_RST_MANAGER/inst_pll/inst/clk_in1
    Y9                   IBUF (Prop_ibuf_I_O)         0.258     0.258 r  inst_CLK_RST_MANAGER/inst_pll/inst/clkin1_ibufg/O
                         net (fo=1, routed)           0.440     0.698    inst_CLK_RST_MANAGER/inst_pll/inst/clk_in1_clk_wiz_0
    PLLE2_ADV_X0Y0       PLLE2_ADV (Prop_plle2_adv_CLKIN1_CLKOUT0)
                                                     -2.384    -1.685 r  inst_CLK_RST_MANAGER/inst_pll/inst/plle2_adv_inst/CLKOUT0
                         net (fo=1, routed)           0.533    -1.152    inst_CLK_RST_MANAGER/inst_pll/inst/clk_out1_clk_wiz_0
    BUFGCTRL_X0Y0        BUFG (Prop_bufg_I_O)         0.026    -1.126 r  inst_CLK_RST_MANAGER/inst_pll/inst/clkout1_buf/O
                         net (fo=597, routed)         0.720    -0.406    inst_CLK_RST_MANAGER/inst_olo_base_sys_reset_gen/Clk
    SLICE_X110Y106       FDRE                                         r  inst_CLK_RST_MANAGER/inst_olo_base_sys_reset_gen/g_sync.DsSync_reg[2]/C
  -------------------------------------------------------------------    -------------------
    SLICE_X110Y106       FDRE (Prop_fdre_C_Q)         0.128    -0.278 f  inst_CLK_RST_MANAGER/inst_olo_base_sys_reset_gen/g_sync.DsSync_reg[2]/Q
                         net (fo=559, routed)         0.257    -0.021    inst_reglock/AR[0]
    SLICE_X111Y108       FDCE                                         f  inst_reglock/axil_wdata_reg[4]/CLR
  -------------------------------------------------------------------    -------------------

                         (clock clk_out1_clk_wiz_0 rise edge)
                                                      0.000     0.000 r
    Y9                                                0.000     0.000 r  PAD_I_CLK (IN)
                         net (fo=0)                   0.000     0.000    inst_CLK_RST_MANAGER/inst_pll/inst/clk_in1
    Y9                   IBUF (Prop_ibuf_I_O)         0.446     0.446 r  inst_CLK_RST_MANAGER/inst_pll/inst/clkin1_ibufg/O
                         net (fo=1, routed)           0.481     0.927    inst_CLK_RST_MANAGER/inst_pll/inst/clk_in1_clk_wiz_0
    PLLE2_ADV_X0Y0       PLLE2_ADV (Prop_plle2_adv_CLKIN1_CLKOUT0)
                                                     -2.700    -1.773 r  inst_CLK_RST_MANAGER/inst_pll/inst/plle2_adv_inst/CLKOUT0
                         net (fo=1, routed)           0.580    -1.193    inst_CLK_RST_MANAGER/inst_pll/inst/clk_out1_clk_wiz_0
    BUFGCTRL_X0Y0        BUFG (Prop_bufg_I_O)         0.029    -1.164 r  inst_CLK_RST_MANAGER/inst_pll/inst/clkout1_buf/O
                         net (fo=597, routed)         0.995    -0.169    inst_reglock/CLK
    SLICE_X111Y108       FDCE                                         r  inst_reglock/axil_wdata_reg[4]/C
                         clock pessimism             -0.222    -0.391
    SLICE_X111Y108       FDCE (Remov_fdce_C_CLR)     -0.145    -0.536    inst_reglock/axil_wdata_reg[4]
  -------------------------------------------------------------------
                         required time                          0.536
                         arrival time                          -0.021
  -------------------------------------------------------------------
                         slack                                  0.515

Slack (MET) :             0.515ns  (arrival time - required time)
  Source:                 inst_CLK_RST_MANAGER/inst_olo_base_sys_reset_gen/g_sync.DsSync_reg[2]/C
                            (rising edge-triggered cell FDRE clocked by clk_out1_clk_wiz_0  {rise@0.000ns fall@10.000ns period=20.000ns})
  Destination:            inst_reglock/axil_wdata_reg[5]/CLR
                            (removal check against rising-edge clock clk_out1_clk_wiz_0  {rise@0.000ns fall@10.000ns period=20.000ns})
  Path Group:             **async_default**
  Path Type:              Removal (Min at Fast Process Corner)
  Requirement:            0.000ns  (clk_out1_clk_wiz_0 rise@0.000ns - clk_out1_clk_wiz_0 rise@0.000ns)
  Data Path Delay:        0.385ns  (logic 0.128ns (33.240%)  route 0.257ns (66.760%))
  Logic Levels:           0
  Clock Path Skew:        0.015ns (DCD - SCD - CPR)
    Destination Clock Delay (DCD):    -0.169ns
    Source Clock Delay      (SCD):    -0.406ns
    Clock Pessimism Removal (CPR):    0.222ns

    Location             Delay type                Incr(ns)  Path(ns)    Netlist Resource(s)
  -------------------------------------------------------------------    -------------------
                         (clock clk_out1_clk_wiz_0 rise edge)
                                                      0.000     0.000 r
    Y9                                                0.000     0.000 r  PAD_I_CLK (IN)
                         net (fo=0)                   0.000     0.000    inst_CLK_RST_MANAGER/inst_pll/inst/clk_in1
    Y9                   IBUF (Prop_ibuf_I_O)         0.258     0.258 r  inst_CLK_RST_MANAGER/inst_pll/inst/clkin1_ibufg/O
                         net (fo=1, routed)           0.440     0.698    inst_CLK_RST_MANAGER/inst_pll/inst/clk_in1_clk_wiz_0
    PLLE2_ADV_X0Y0       PLLE2_ADV (Prop_plle2_adv_CLKIN1_CLKOUT0)
                                                     -2.384    -1.685 r  inst_CLK_RST_MANAGER/inst_pll/inst/plle2_adv_inst/CLKOUT0
                         net (fo=1, routed)           0.533    -1.152    inst_CLK_RST_MANAGER/inst_pll/inst/clk_out1_clk_wiz_0
    BUFGCTRL_X0Y0        BUFG (Prop_bufg_I_O)         0.026    -1.126 r  inst_CLK_RST_MANAGER/inst_pll/inst/clkout1_buf/O
                         net (fo=597, routed)         0.720    -0.406    inst_CLK_RST_MANAGER/inst_olo_base_sys_reset_gen/Clk
    SLICE_X110Y106       FDRE                                         r  inst_CLK_RST_MANAGER/inst_olo_base_sys_reset_gen/g_sync.DsSync_reg[2]/C
  -------------------------------------------------------------------    -------------------
    SLICE_X110Y106       FDRE (Prop_fdre_C_Q)         0.128    -0.278 f  inst_CLK_RST_MANAGER/inst_olo_base_sys_reset_gen/g_sync.DsSync_reg[2]/Q
                         net (fo=559, routed)         0.257    -0.021    inst_reglock/AR[0]
    SLICE_X111Y108       FDCE                                         f  inst_reglock/axil_wdata_reg[5]/CLR
  -------------------------------------------------------------------    -------------------

                         (clock clk_out1_clk_wiz_0 rise edge)
                                                      0.000     0.000 r
    Y9                                                0.000     0.000 r  PAD_I_CLK (IN)
                         net (fo=0)                   0.000     0.000    inst_CLK_RST_MANAGER/inst_pll/inst/clk_in1
    Y9                   IBUF (Prop_ibuf_I_O)         0.446     0.446 r  inst_CLK_RST_MANAGER/inst_pll/inst/clkin1_ibufg/O
                         net (fo=1, routed)           0.481     0.927    inst_CLK_RST_MANAGER/inst_pll/inst/clk_in1_clk_wiz_0
    PLLE2_ADV_X0Y0       PLLE2_ADV (Prop_plle2_adv_CLKIN1_CLKOUT0)
                                                     -2.700    -1.773 r  inst_CLK_RST_MANAGER/inst_pll/inst/plle2_adv_inst/CLKOUT0
                         net (fo=1, routed)           0.580    -1.193    inst_CLK_RST_MANAGER/inst_pll/inst/clk_out1_clk_wiz_0
    BUFGCTRL_X0Y0        BUFG (Prop_bufg_I_O)         0.029    -1.164 r  inst_CLK_RST_MANAGER/inst_pll/inst/clkout1_buf/O
                         net (fo=597, routed)         0.995    -0.169    inst_reglock/CLK
    SLICE_X111Y108       FDCE                                         r  inst_reglock/axil_wdata_reg[5]/C
                         clock pessimism             -0.222    -0.391
    SLICE_X111Y108       FDCE (Remov_fdce_C_CLR)     -0.145    -0.536    inst_reglock/axil_wdata_reg[5]
  -------------------------------------------------------------------
                         required time                          0.536
                         arrival time                          -0.021
  -------------------------------------------------------------------
                         slack                                  0.515

Slack (MET) :             0.519ns  (arrival time - required time)
  Source:                 inst_CLK_RST_MANAGER/inst_olo_base_sys_reset_gen/g_sync.DsSync_reg[2]/C
                            (rising edge-triggered cell FDRE clocked by clk_out1_clk_wiz_0  {rise@0.000ns fall@10.000ns period=20.000ns})
  Destination:            inst_reglock/field_storage_reg[uart_stop_bit_error_counter][count][value][4]/CLR
                            (removal check against rising-edge clock clk_out1_clk_wiz_0  {rise@0.000ns fall@10.000ns period=20.000ns})
  Path Group:             **async_default**
  Path Type:              Removal (Min at Fast Process Corner)
  Requirement:            0.000ns  (clk_out1_clk_wiz_0 rise@0.000ns - clk_out1_clk_wiz_0 rise@0.000ns)
  Data Path Delay:        0.389ns  (logic 0.128ns (32.869%)  route 0.261ns (67.131%))
  Logic Levels:           0
  Clock Path Skew:        0.015ns (DCD - SCD - CPR)
    Destination Clock Delay (DCD):    -0.169ns
    Source Clock Delay      (SCD):    -0.406ns
    Clock Pessimism Removal (CPR):    0.222ns

    Location             Delay type                Incr(ns)  Path(ns)    Netlist Resource(s)
  -------------------------------------------------------------------    -------------------
                         (clock clk_out1_clk_wiz_0 rise edge)
                                                      0.000     0.000 r
    Y9                                                0.000     0.000 r  PAD_I_CLK (IN)
                         net (fo=0)                   0.000     0.000    inst_CLK_RST_MANAGER/inst_pll/inst/clk_in1
    Y9                   IBUF (Prop_ibuf_I_O)         0.258     0.258 r  inst_CLK_RST_MANAGER/inst_pll/inst/clkin1_ibufg/O
                         net (fo=1, routed)           0.440     0.698    inst_CLK_RST_MANAGER/inst_pll/inst/clk_in1_clk_wiz_0
    PLLE2_ADV_X0Y0       PLLE2_ADV (Prop_plle2_adv_CLKIN1_CLKOUT0)
                                                     -2.384    -1.685 r  inst_CLK_RST_MANAGER/inst_pll/inst/plle2_adv_inst/CLKOUT0
                         net (fo=1, routed)           0.533    -1.152    inst_CLK_RST_MANAGER/inst_pll/inst/clk_out1_clk_wiz_0
    BUFGCTRL_X0Y0        BUFG (Prop_bufg_I_O)         0.026    -1.126 r  inst_CLK_RST_MANAGER/inst_pll/inst/clkout1_buf/O
                         net (fo=597, routed)         0.720    -0.406    inst_CLK_RST_MANAGER/inst_olo_base_sys_reset_gen/Clk
    SLICE_X110Y106       FDRE                                         r  inst_CLK_RST_MANAGER/inst_olo_base_sys_reset_gen/g_sync.DsSync_reg[2]/C
  -------------------------------------------------------------------    -------------------
    SLICE_X110Y106       FDRE (Prop_fdre_C_Q)         0.128    -0.278 f  inst_CLK_RST_MANAGER/inst_olo_base_sys_reset_gen/g_sync.DsSync_reg[2]/Q
                         net (fo=559, routed)         0.261    -0.017    inst_reglock/AR[0]
    SLICE_X110Y108       FDCE                                         f  inst_reglock/field_storage_reg[uart_stop_bit_error_counter][count][value][4]/CLR
  -------------------------------------------------------------------    -------------------

                         (clock clk_out1_clk_wiz_0 rise edge)
                                                      0.000     0.000 r
    Y9                                                0.000     0.000 r  PAD_I_CLK (IN)
                         net (fo=0)                   0.000     0.000    inst_CLK_RST_MANAGER/inst_pll/inst/clk_in1
    Y9                   IBUF (Prop_ibuf_I_O)         0.446     0.446 r  inst_CLK_RST_MANAGER/inst_pll/inst/clkin1_ibufg/O
                         net (fo=1, routed)           0.481     0.927    inst_CLK_RST_MANAGER/inst_pll/inst/clk_in1_clk_wiz_0
    PLLE2_ADV_X0Y0       PLLE2_ADV (Prop_plle2_adv_CLKIN1_CLKOUT0)
                                                     -2.700    -1.773 r  inst_CLK_RST_MANAGER/inst_pll/inst/plle2_adv_inst/CLKOUT0
                         net (fo=1, routed)           0.580    -1.193    inst_CLK_RST_MANAGER/inst_pll/inst/clk_out1_clk_wiz_0
    BUFGCTRL_X0Y0        BUFG (Prop_bufg_I_O)         0.029    -1.164 r  inst_CLK_RST_MANAGER/inst_pll/inst/clkout1_buf/O
                         net (fo=597, routed)         0.995    -0.169    inst_reglock/CLK
    SLICE_X110Y108       FDCE                                         r  inst_reglock/field_storage_reg[uart_stop_bit_error_counter][count][value][4]/C
                         clock pessimism             -0.222    -0.391
    SLICE_X110Y108       FDCE (Remov_fdce_C_CLR)     -0.145    -0.536    inst_reglock/field_storage_reg[uart_stop_bit_error_counter][count][value][4]
  -------------------------------------------------------------------
                         required time                          0.536
                         arrival time                          -0.017
  -------------------------------------------------------------------
                         slack                                  0.519

Slack (MET) :             0.519ns  (arrival time - required time)
  Source:                 inst_CLK_RST_MANAGER/inst_olo_base_sys_reset_gen/g_sync.DsSync_reg[2]/C
                            (rising edge-triggered cell FDRE clocked by clk_out1_clk_wiz_0  {rise@0.000ns fall@10.000ns period=20.000ns})
  Destination:            inst_reglock/field_storage_reg[uart_stop_bit_error_counter][count][value][5]/CLR
                            (removal check against rising-edge clock clk_out1_clk_wiz_0  {rise@0.000ns fall@10.000ns period=20.000ns})
  Path Group:             **async_default**
  Path Type:              Removal (Min at Fast Process Corner)
  Requirement:            0.000ns  (clk_out1_clk_wiz_0 rise@0.000ns - clk_out1_clk_wiz_0 rise@0.000ns)
  Data Path Delay:        0.389ns  (logic 0.128ns (32.869%)  route 0.261ns (67.131%))
  Logic Levels:           0
  Clock Path Skew:        0.015ns (DCD - SCD - CPR)
    Destination Clock Delay (DCD):    -0.169ns
    Source Clock Delay      (SCD):    -0.406ns
    Clock Pessimism Removal (CPR):    0.222ns

    Location             Delay type                Incr(ns)  Path(ns)    Netlist Resource(s)
  -------------------------------------------------------------------    -------------------
                         (clock clk_out1_clk_wiz_0 rise edge)
                                                      0.000     0.000 r
    Y9                                                0.000     0.000 r  PAD_I_CLK (IN)
                         net (fo=0)                   0.000     0.000    inst_CLK_RST_MANAGER/inst_pll/inst/clk_in1
    Y9                   IBUF (Prop_ibuf_I_O)         0.258     0.258 r  inst_CLK_RST_MANAGER/inst_pll/inst/clkin1_ibufg/O
                         net (fo=1, routed)           0.440     0.698    inst_CLK_RST_MANAGER/inst_pll/inst/clk_in1_clk_wiz_0
    PLLE2_ADV_X0Y0       PLLE2_ADV (Prop_plle2_adv_CLKIN1_CLKOUT0)
                                                     -2.384    -1.685 r  inst_CLK_RST_MANAGER/inst_pll/inst/plle2_adv_inst/CLKOUT0
                         net (fo=1, routed)           0.533    -1.152    inst_CLK_RST_MANAGER/inst_pll/inst/clk_out1_clk_wiz_0
    BUFGCTRL_X0Y0        BUFG (Prop_bufg_I_O)         0.026    -1.126 r  inst_CLK_RST_MANAGER/inst_pll/inst/clkout1_buf/O
                         net (fo=597, routed)         0.720    -0.406    inst_CLK_RST_MANAGER/inst_olo_base_sys_reset_gen/Clk
    SLICE_X110Y106       FDRE                                         r  inst_CLK_RST_MANAGER/inst_olo_base_sys_reset_gen/g_sync.DsSync_reg[2]/C
  -------------------------------------------------------------------    -------------------
    SLICE_X110Y106       FDRE (Prop_fdre_C_Q)         0.128    -0.278 f  inst_CLK_RST_MANAGER/inst_olo_base_sys_reset_gen/g_sync.DsSync_reg[2]/Q
                         net (fo=559, routed)         0.261    -0.017    inst_reglock/AR[0]
    SLICE_X110Y108       FDCE                                         f  inst_reglock/field_storage_reg[uart_stop_bit_error_counter][count][value][5]/CLR
  -------------------------------------------------------------------    -------------------

                         (clock clk_out1_clk_wiz_0 rise edge)
                                                      0.000     0.000 r
    Y9                                                0.000     0.000 r  PAD_I_CLK (IN)
                         net (fo=0)                   0.000     0.000    inst_CLK_RST_MANAGER/inst_pll/inst/clk_in1
    Y9                   IBUF (Prop_ibuf_I_O)         0.446     0.446 r  inst_CLK_RST_MANAGER/inst_pll/inst/clkin1_ibufg/O
                         net (fo=1, routed)           0.481     0.927    inst_CLK_RST_MANAGER/inst_pll/inst/clk_in1_clk_wiz_0
    PLLE2_ADV_X0Y0       PLLE2_ADV (Prop_plle2_adv_CLKIN1_CLKOUT0)
                                                     -2.700    -1.773 r  inst_CLK_RST_MANAGER/inst_pll/inst/plle2_adv_inst/CLKOUT0
                         net (fo=1, routed)           0.580    -1.193    inst_CLK_RST_MANAGER/inst_pll/inst/clk_out1_clk_wiz_0
    BUFGCTRL_X0Y0        BUFG (Prop_bufg_I_O)         0.029    -1.164 r  inst_CLK_RST_MANAGER/inst_pll/inst/clkout1_buf/O
                         net (fo=597, routed)         0.995    -0.169    inst_reglock/CLK
    SLICE_X110Y108       FDCE                                         r  inst_reglock/field_storage_reg[uart_stop_bit_error_counter][count][value][5]/C
                         clock pessimism             -0.222    -0.391
    SLICE_X110Y108       FDCE (Remov_fdce_C_CLR)     -0.145    -0.536    inst_reglock/field_storage_reg[uart_stop_bit_error_counter][count][value][5]
  -------------------------------------------------------------------
                         required time                          0.536
                         arrival time                          -0.017
  -------------------------------------------------------------------
                         slack                                  0.519

Slack (MET) :             0.519ns  (arrival time - required time)
  Source:                 inst_CLK_RST_MANAGER/inst_olo_base_sys_reset_gen/g_sync.DsSync_reg[2]/C
                            (rising edge-triggered cell FDRE clocked by clk_out1_clk_wiz_0  {rise@0.000ns fall@10.000ns period=20.000ns})
  Destination:            inst_reglock/field_storage_reg[uart_stop_bit_error_counter][count][value][6]/CLR
                            (removal check against rising-edge clock clk_out1_clk_wiz_0  {rise@0.000ns fall@10.000ns period=20.000ns})
  Path Group:             **async_default**
  Path Type:              Removal (Min at Fast Process Corner)
  Requirement:            0.000ns  (clk_out1_clk_wiz_0 rise@0.000ns - clk_out1_clk_wiz_0 rise@0.000ns)
  Data Path Delay:        0.389ns  (logic 0.128ns (32.869%)  route 0.261ns (67.131%))
  Logic Levels:           0
  Clock Path Skew:        0.015ns (DCD - SCD - CPR)
    Destination Clock Delay (DCD):    -0.169ns
    Source Clock Delay      (SCD):    -0.406ns
    Clock Pessimism Removal (CPR):    0.222ns

    Location             Delay type                Incr(ns)  Path(ns)    Netlist Resource(s)
  -------------------------------------------------------------------    -------------------
                         (clock clk_out1_clk_wiz_0 rise edge)
                                                      0.000     0.000 r
    Y9                                                0.000     0.000 r  PAD_I_CLK (IN)
                         net (fo=0)                   0.000     0.000    inst_CLK_RST_MANAGER/inst_pll/inst/clk_in1
    Y9                   IBUF (Prop_ibuf_I_O)         0.258     0.258 r  inst_CLK_RST_MANAGER/inst_pll/inst/clkin1_ibufg/O
                         net (fo=1, routed)           0.440     0.698    inst_CLK_RST_MANAGER/inst_pll/inst/clk_in1_clk_wiz_0
    PLLE2_ADV_X0Y0       PLLE2_ADV (Prop_plle2_adv_CLKIN1_CLKOUT0)
                                                     -2.384    -1.685 r  inst_CLK_RST_MANAGER/inst_pll/inst/plle2_adv_inst/CLKOUT0
                         net (fo=1, routed)           0.533    -1.152    inst_CLK_RST_MANAGER/inst_pll/inst/clk_out1_clk_wiz_0
    BUFGCTRL_X0Y0        BUFG (Prop_bufg_I_O)         0.026    -1.126 r  inst_CLK_RST_MANAGER/inst_pll/inst/clkout1_buf/O
                         net (fo=597, routed)         0.720    -0.406    inst_CLK_RST_MANAGER/inst_olo_base_sys_reset_gen/Clk
    SLICE_X110Y106       FDRE                                         r  inst_CLK_RST_MANAGER/inst_olo_base_sys_reset_gen/g_sync.DsSync_reg[2]/C
  -------------------------------------------------------------------    -------------------
    SLICE_X110Y106       FDRE (Prop_fdre_C_Q)         0.128    -0.278 f  inst_CLK_RST_MANAGER/inst_olo_base_sys_reset_gen/g_sync.DsSync_reg[2]/Q
                         net (fo=559, routed)         0.261    -0.017    inst_reglock/AR[0]
    SLICE_X110Y108       FDCE                                         f  inst_reglock/field_storage_reg[uart_stop_bit_error_counter][count][value][6]/CLR
  -------------------------------------------------------------------    -------------------

                         (clock clk_out1_clk_wiz_0 rise edge)
                                                      0.000     0.000 r
    Y9                                                0.000     0.000 r  PAD_I_CLK (IN)
                         net (fo=0)                   0.000     0.000    inst_CLK_RST_MANAGER/inst_pll/inst/clk_in1
    Y9                   IBUF (Prop_ibuf_I_O)         0.446     0.446 r  inst_CLK_RST_MANAGER/inst_pll/inst/clkin1_ibufg/O
                         net (fo=1, routed)           0.481     0.927    inst_CLK_RST_MANAGER/inst_pll/inst/clk_in1_clk_wiz_0
    PLLE2_ADV_X0Y0       PLLE2_ADV (Prop_plle2_adv_CLKIN1_CLKOUT0)
                                                     -2.700    -1.773 r  inst_CLK_RST_MANAGER/inst_pll/inst/plle2_adv_inst/CLKOUT0
                         net (fo=1, routed)           0.580    -1.193    inst_CLK_RST_MANAGER/inst_pll/inst/clk_out1_clk_wiz_0
    BUFGCTRL_X0Y0        BUFG (Prop_bufg_I_O)         0.029    -1.164 r  inst_CLK_RST_MANAGER/inst_pll/inst/clkout1_buf/O
                         net (fo=597, routed)         0.995    -0.169    inst_reglock/CLK
    SLICE_X110Y108       FDCE                                         r  inst_reglock/field_storage_reg[uart_stop_bit_error_counter][count][value][6]/C
                         clock pessimism             -0.222    -0.391
    SLICE_X110Y108       FDCE (Remov_fdce_C_CLR)     -0.145    -0.536    inst_reglock/field_storage_reg[uart_stop_bit_error_counter][count][value][6]
  -------------------------------------------------------------------
                         required time                          0.536
                         arrival time                          -0.017
  -------------------------------------------------------------------
                         slack                                  0.519





---------------------------------------------------------------------------------------------------
Path Group:  **async_default**
From Clock:  clk_out2_clk_wiz_0
  To Clock:  clk_out2_clk_wiz_0

Setup :            0  Failing Endpoints,  Worst Slack       11.930ns,  Total Violation        0.000ns
Hold  :            0  Failing Endpoints,  Worst Slack        0.480ns,  Total Violation        0.000ns
---------------------------------------------------------------------------------------------------


Max Delay Paths
--------------------------------------------------------------------------------------
Slack (MET) :             11.930ns  (required time - arrival time)
  Source:                 inst_CLK_RST_MANAGER/inst_olo_base_vga_reset_gen/g_sync.DsSync_reg[2]/C
                            (rising edge-triggered cell FDRE clocked by clk_out2_clk_wiz_0  {rise@0.000ns fall@7.692ns period=15.385ns})
  Destination:            inst_vga/O_BLUE_reg[1]/CLR
                            (recovery check against rising-edge clock clk_out2_clk_wiz_0  {rise@0.000ns fall@7.692ns period=15.385ns})
  Path Group:             **async_default**
  Path Type:              Recovery (Max at Slow Process Corner)
  Requirement:            15.385ns  (clk_out2_clk_wiz_0 rise@15.385ns - clk_out2_clk_wiz_0 rise@0.000ns)
  Data Path Delay:        2.568ns  (logic 0.478ns (18.614%)  route 2.090ns (81.386%))
  Logic Levels:           0
  Clock Path Skew:        -0.279ns (DCD - SCD + CPR)
    Destination Clock Delay (DCD):    -1.905ns = ( 13.480 - 15.385 )
    Source Clock Delay      (SCD):    -2.140ns
    Clock Pessimism Removal (CPR):    -0.514ns
  Clock Uncertainty:      0.069ns  ((TSJ^2 + DJ^2)^1/2) / 2 + PE
    Total System Jitter     (TSJ):    0.071ns
    Discrete Jitter          (DJ):    0.119ns
    Phase Error              (PE):    0.000ns

    Location             Delay type                Incr(ns)  Path(ns)    Netlist Resource(s)
  -------------------------------------------------------------------    -------------------
                         (clock clk_out2_clk_wiz_0 rise edge)
                                                      0.000     0.000 r
    Y9                                                0.000     0.000 r  PAD_I_CLK (IN)
                         net (fo=0)                   0.000     0.000    inst_CLK_RST_MANAGER/inst_pll/inst/clk_in1
    Y9                   IBUF (Prop_ibuf_I_O)         1.490     1.490 r  inst_CLK_RST_MANAGER/inst_pll/inst/clkin1_ibufg/O
                         net (fo=1, routed)           1.306     2.796    inst_CLK_RST_MANAGER/inst_pll/inst/clk_in1_clk_wiz_0
    PLLE2_ADV_X0Y0       PLLE2_ADV (Prop_plle2_adv_CLKIN1_CLKOUT1)
                                                     -8.866    -6.070 r  inst_CLK_RST_MANAGER/inst_pll/inst/plle2_adv_inst/CLKOUT1
                         net (fo=1, routed)           1.849    -4.221    inst_CLK_RST_MANAGER/inst_pll/inst/clk_out2_clk_wiz_0
    BUFGCTRL_X0Y1        BUFG (Prop_bufg_I_O)         0.101    -4.120 r  inst_CLK_RST_MANAGER/inst_pll/inst/clkout2_buf/O
                         net (fo=73, routed)          1.980    -2.140    inst_CLK_RST_MANAGER/inst_olo_base_vga_reset_gen/Clk
    SLICE_X102Y103       FDRE                                         r  inst_CLK_RST_MANAGER/inst_olo_base_vga_reset_gen/g_sync.DsSync_reg[2]/C
  -------------------------------------------------------------------    -------------------
    SLICE_X102Y103       FDRE (Prop_fdre_C_Q)         0.478    -1.662 f  inst_CLK_RST_MANAGER/inst_olo_base_vga_reset_gen/g_sync.DsSync_reg[2]/Q
                         net (fo=36, routed)          2.090     0.428    inst_vga/O_HSYNC_reg_0[0]
    SLICE_X108Y99        FDCE                                         f  inst_vga/O_BLUE_reg[1]/CLR
  -------------------------------------------------------------------    -------------------

                         (clock clk_out2_clk_wiz_0 rise edge)
                                                     15.385    15.385 r
    Y9                                                0.000    15.385 r  PAD_I_CLK (IN)
                         net (fo=0)                   0.000    15.385    inst_CLK_RST_MANAGER/inst_pll/inst/clk_in1
    Y9                   IBUF (Prop_ibuf_I_O)         1.420    16.804 r  inst_CLK_RST_MANAGER/inst_pll/inst/clkin1_ibufg/O
                         net (fo=1, routed)           1.181    17.985    inst_CLK_RST_MANAGER/inst_pll/inst/clk_in1_clk_wiz_0
    PLLE2_ADV_X0Y0       PLLE2_ADV (Prop_plle2_adv_CLKIN1_CLKOUT1)
                                                     -7.970    10.016 r  inst_CLK_RST_MANAGER/inst_pll/inst/plle2_adv_inst/CLKOUT1
                         net (fo=1, routed)           1.686    11.702    inst_CLK_RST_MANAGER/inst_pll/inst/clk_out2_clk_wiz_0
    BUFGCTRL_X0Y1        BUFG (Prop_bufg_I_O)         0.091    11.793 r  inst_CLK_RST_MANAGER/inst_pll/inst/clkout2_buf/O
                         net (fo=73, routed)          1.687    13.480    inst_vga/RstRqstB2A_reg[2]
    SLICE_X108Y99        FDCE                                         r  inst_vga/O_BLUE_reg[1]/C
                         clock pessimism             -0.514    12.966
                         clock uncertainty           -0.069    12.897
    SLICE_X108Y99        FDCE (Recov_fdce_C_CLR)     -0.538    12.359    inst_vga/O_BLUE_reg[1]
  -------------------------------------------------------------------
                         required time                         12.359
                         arrival time                          -0.428
  -------------------------------------------------------------------
                         slack                                 11.930

Slack (MET) :             11.930ns  (required time - arrival time)
  Source:                 inst_CLK_RST_MANAGER/inst_olo_base_vga_reset_gen/g_sync.DsSync_reg[2]/C
                            (rising edge-triggered cell FDRE clocked by clk_out2_clk_wiz_0  {rise@0.000ns fall@7.692ns period=15.385ns})
  Destination:            inst_vga/O_BLUE_reg[3]/CLR
                            (recovery check against rising-edge clock clk_out2_clk_wiz_0  {rise@0.000ns fall@7.692ns period=15.385ns})
  Path Group:             **async_default**
  Path Type:              Recovery (Max at Slow Process Corner)
  Requirement:            15.385ns  (clk_out2_clk_wiz_0 rise@15.385ns - clk_out2_clk_wiz_0 rise@0.000ns)
  Data Path Delay:        2.568ns  (logic 0.478ns (18.614%)  route 2.090ns (81.386%))
  Logic Levels:           0
  Clock Path Skew:        -0.279ns (DCD - SCD + CPR)
    Destination Clock Delay (DCD):    -1.905ns = ( 13.480 - 15.385 )
    Source Clock Delay      (SCD):    -2.140ns
    Clock Pessimism Removal (CPR):    -0.514ns
  Clock Uncertainty:      0.069ns  ((TSJ^2 + DJ^2)^1/2) / 2 + PE
    Total System Jitter     (TSJ):    0.071ns
    Discrete Jitter          (DJ):    0.119ns
    Phase Error              (PE):    0.000ns

    Location             Delay type                Incr(ns)  Path(ns)    Netlist Resource(s)
  -------------------------------------------------------------------    -------------------
                         (clock clk_out2_clk_wiz_0 rise edge)
                                                      0.000     0.000 r
    Y9                                                0.000     0.000 r  PAD_I_CLK (IN)
                         net (fo=0)                   0.000     0.000    inst_CLK_RST_MANAGER/inst_pll/inst/clk_in1
    Y9                   IBUF (Prop_ibuf_I_O)         1.490     1.490 r  inst_CLK_RST_MANAGER/inst_pll/inst/clkin1_ibufg/O
                         net (fo=1, routed)           1.306     2.796    inst_CLK_RST_MANAGER/inst_pll/inst/clk_in1_clk_wiz_0
    PLLE2_ADV_X0Y0       PLLE2_ADV (Prop_plle2_adv_CLKIN1_CLKOUT1)
                                                     -8.866    -6.070 r  inst_CLK_RST_MANAGER/inst_pll/inst/plle2_adv_inst/CLKOUT1
                         net (fo=1, routed)           1.849    -4.221    inst_CLK_RST_MANAGER/inst_pll/inst/clk_out2_clk_wiz_0
    BUFGCTRL_X0Y1        BUFG (Prop_bufg_I_O)         0.101    -4.120 r  inst_CLK_RST_MANAGER/inst_pll/inst/clkout2_buf/O
                         net (fo=73, routed)          1.980    -2.140    inst_CLK_RST_MANAGER/inst_olo_base_vga_reset_gen/Clk
    SLICE_X102Y103       FDRE                                         r  inst_CLK_RST_MANAGER/inst_olo_base_vga_reset_gen/g_sync.DsSync_reg[2]/C
  -------------------------------------------------------------------    -------------------
    SLICE_X102Y103       FDRE (Prop_fdre_C_Q)         0.478    -1.662 f  inst_CLK_RST_MANAGER/inst_olo_base_vga_reset_gen/g_sync.DsSync_reg[2]/Q
                         net (fo=36, routed)          2.090     0.428    inst_vga/O_HSYNC_reg_0[0]
    SLICE_X108Y99        FDCE                                         f  inst_vga/O_BLUE_reg[3]/CLR
  -------------------------------------------------------------------    -------------------

                         (clock clk_out2_clk_wiz_0 rise edge)
                                                     15.385    15.385 r
    Y9                                                0.000    15.385 r  PAD_I_CLK (IN)
                         net (fo=0)                   0.000    15.385    inst_CLK_RST_MANAGER/inst_pll/inst/clk_in1
    Y9                   IBUF (Prop_ibuf_I_O)         1.420    16.804 r  inst_CLK_RST_MANAGER/inst_pll/inst/clkin1_ibufg/O
                         net (fo=1, routed)           1.181    17.985    inst_CLK_RST_MANAGER/inst_pll/inst/clk_in1_clk_wiz_0
    PLLE2_ADV_X0Y0       PLLE2_ADV (Prop_plle2_adv_CLKIN1_CLKOUT1)
                                                     -7.970    10.016 r  inst_CLK_RST_MANAGER/inst_pll/inst/plle2_adv_inst/CLKOUT1
                         net (fo=1, routed)           1.686    11.702    inst_CLK_RST_MANAGER/inst_pll/inst/clk_out2_clk_wiz_0
    BUFGCTRL_X0Y1        BUFG (Prop_bufg_I_O)         0.091    11.793 r  inst_CLK_RST_MANAGER/inst_pll/inst/clkout2_buf/O
                         net (fo=73, routed)          1.687    13.480    inst_vga/RstRqstB2A_reg[2]
    SLICE_X108Y99        FDCE                                         r  inst_vga/O_BLUE_reg[3]/C
                         clock pessimism             -0.514    12.966
                         clock uncertainty           -0.069    12.897
    SLICE_X108Y99        FDCE (Recov_fdce_C_CLR)     -0.538    12.359    inst_vga/O_BLUE_reg[3]
  -------------------------------------------------------------------
                         required time                         12.359
                         arrival time                          -0.428
  -------------------------------------------------------------------
                         slack                                 11.930

Slack (MET) :             11.930ns  (required time - arrival time)
  Source:                 inst_CLK_RST_MANAGER/inst_olo_base_vga_reset_gen/g_sync.DsSync_reg[2]/C
                            (rising edge-triggered cell FDRE clocked by clk_out2_clk_wiz_0  {rise@0.000ns fall@7.692ns period=15.385ns})
  Destination:            inst_vga/O_GREEN_reg[1]/CLR
                            (recovery check against rising-edge clock clk_out2_clk_wiz_0  {rise@0.000ns fall@7.692ns period=15.385ns})
  Path Group:             **async_default**
  Path Type:              Recovery (Max at Slow Process Corner)
  Requirement:            15.385ns  (clk_out2_clk_wiz_0 rise@15.385ns - clk_out2_clk_wiz_0 rise@0.000ns)
  Data Path Delay:        2.568ns  (logic 0.478ns (18.614%)  route 2.090ns (81.386%))
  Logic Levels:           0
  Clock Path Skew:        -0.279ns (DCD - SCD + CPR)
    Destination Clock Delay (DCD):    -1.905ns = ( 13.480 - 15.385 )
    Source Clock Delay      (SCD):    -2.140ns
    Clock Pessimism Removal (CPR):    -0.514ns
  Clock Uncertainty:      0.069ns  ((TSJ^2 + DJ^2)^1/2) / 2 + PE
    Total System Jitter     (TSJ):    0.071ns
    Discrete Jitter          (DJ):    0.119ns
    Phase Error              (PE):    0.000ns

    Location             Delay type                Incr(ns)  Path(ns)    Netlist Resource(s)
  -------------------------------------------------------------------    -------------------
                         (clock clk_out2_clk_wiz_0 rise edge)
                                                      0.000     0.000 r
    Y9                                                0.000     0.000 r  PAD_I_CLK (IN)
                         net (fo=0)                   0.000     0.000    inst_CLK_RST_MANAGER/inst_pll/inst/clk_in1
    Y9                   IBUF (Prop_ibuf_I_O)         1.490     1.490 r  inst_CLK_RST_MANAGER/inst_pll/inst/clkin1_ibufg/O
                         net (fo=1, routed)           1.306     2.796    inst_CLK_RST_MANAGER/inst_pll/inst/clk_in1_clk_wiz_0
    PLLE2_ADV_X0Y0       PLLE2_ADV (Prop_plle2_adv_CLKIN1_CLKOUT1)
                                                     -8.866    -6.070 r  inst_CLK_RST_MANAGER/inst_pll/inst/plle2_adv_inst/CLKOUT1
                         net (fo=1, routed)           1.849    -4.221    inst_CLK_RST_MANAGER/inst_pll/inst/clk_out2_clk_wiz_0
    BUFGCTRL_X0Y1        BUFG (Prop_bufg_I_O)         0.101    -4.120 r  inst_CLK_RST_MANAGER/inst_pll/inst/clkout2_buf/O
                         net (fo=73, routed)          1.980    -2.140    inst_CLK_RST_MANAGER/inst_olo_base_vga_reset_gen/Clk
    SLICE_X102Y103       FDRE                                         r  inst_CLK_RST_MANAGER/inst_olo_base_vga_reset_gen/g_sync.DsSync_reg[2]/C
  -------------------------------------------------------------------    -------------------
    SLICE_X102Y103       FDRE (Prop_fdre_C_Q)         0.478    -1.662 f  inst_CLK_RST_MANAGER/inst_olo_base_vga_reset_gen/g_sync.DsSync_reg[2]/Q
                         net (fo=36, routed)          2.090     0.428    inst_vga/O_HSYNC_reg_0[0]
    SLICE_X108Y99        FDCE                                         f  inst_vga/O_GREEN_reg[1]/CLR
  -------------------------------------------------------------------    -------------------

                         (clock clk_out2_clk_wiz_0 rise edge)
                                                     15.385    15.385 r
    Y9                                                0.000    15.385 r  PAD_I_CLK (IN)
                         net (fo=0)                   0.000    15.385    inst_CLK_RST_MANAGER/inst_pll/inst/clk_in1
    Y9                   IBUF (Prop_ibuf_I_O)         1.420    16.804 r  inst_CLK_RST_MANAGER/inst_pll/inst/clkin1_ibufg/O
                         net (fo=1, routed)           1.181    17.985    inst_CLK_RST_MANAGER/inst_pll/inst/clk_in1_clk_wiz_0
    PLLE2_ADV_X0Y0       PLLE2_ADV (Prop_plle2_adv_CLKIN1_CLKOUT1)
                                                     -7.970    10.016 r  inst_CLK_RST_MANAGER/inst_pll/inst/plle2_adv_inst/CLKOUT1
                         net (fo=1, routed)           1.686    11.702    inst_CLK_RST_MANAGER/inst_pll/inst/clk_out2_clk_wiz_0
    BUFGCTRL_X0Y1        BUFG (Prop_bufg_I_O)         0.091    11.793 r  inst_CLK_RST_MANAGER/inst_pll/inst/clkout2_buf/O
                         net (fo=73, routed)          1.687    13.480    inst_vga/RstRqstB2A_reg[2]
    SLICE_X108Y99        FDCE                                         r  inst_vga/O_GREEN_reg[1]/C
                         clock pessimism             -0.514    12.966
                         clock uncertainty           -0.069    12.897
    SLICE_X108Y99        FDCE (Recov_fdce_C_CLR)     -0.538    12.359    inst_vga/O_GREEN_reg[1]
  -------------------------------------------------------------------
                         required time                         12.359
                         arrival time                          -0.428
  -------------------------------------------------------------------
                         slack                                 11.930

Slack (MET) :             11.930ns  (required time - arrival time)
  Source:                 inst_CLK_RST_MANAGER/inst_olo_base_vga_reset_gen/g_sync.DsSync_reg[2]/C
                            (rising edge-triggered cell FDRE clocked by clk_out2_clk_wiz_0  {rise@0.000ns fall@7.692ns period=15.385ns})
  Destination:            inst_vga/O_GREEN_reg[3]/CLR
                            (recovery check against rising-edge clock clk_out2_clk_wiz_0  {rise@0.000ns fall@7.692ns period=15.385ns})
  Path Group:             **async_default**
  Path Type:              Recovery (Max at Slow Process Corner)
  Requirement:            15.385ns  (clk_out2_clk_wiz_0 rise@15.385ns - clk_out2_clk_wiz_0 rise@0.000ns)
  Data Path Delay:        2.568ns  (logic 0.478ns (18.614%)  route 2.090ns (81.386%))
  Logic Levels:           0
  Clock Path Skew:        -0.279ns (DCD - SCD + CPR)
    Destination Clock Delay (DCD):    -1.905ns = ( 13.480 - 15.385 )
    Source Clock Delay      (SCD):    -2.140ns
    Clock Pessimism Removal (CPR):    -0.514ns
  Clock Uncertainty:      0.069ns  ((TSJ^2 + DJ^2)^1/2) / 2 + PE
    Total System Jitter     (TSJ):    0.071ns
    Discrete Jitter          (DJ):    0.119ns
    Phase Error              (PE):    0.000ns

    Location             Delay type                Incr(ns)  Path(ns)    Netlist Resource(s)
  -------------------------------------------------------------------    -------------------
                         (clock clk_out2_clk_wiz_0 rise edge)
                                                      0.000     0.000 r
    Y9                                                0.000     0.000 r  PAD_I_CLK (IN)
                         net (fo=0)                   0.000     0.000    inst_CLK_RST_MANAGER/inst_pll/inst/clk_in1
    Y9                   IBUF (Prop_ibuf_I_O)         1.490     1.490 r  inst_CLK_RST_MANAGER/inst_pll/inst/clkin1_ibufg/O
                         net (fo=1, routed)           1.306     2.796    inst_CLK_RST_MANAGER/inst_pll/inst/clk_in1_clk_wiz_0
    PLLE2_ADV_X0Y0       PLLE2_ADV (Prop_plle2_adv_CLKIN1_CLKOUT1)
                                                     -8.866    -6.070 r  inst_CLK_RST_MANAGER/inst_pll/inst/plle2_adv_inst/CLKOUT1
                         net (fo=1, routed)           1.849    -4.221    inst_CLK_RST_MANAGER/inst_pll/inst/clk_out2_clk_wiz_0
    BUFGCTRL_X0Y1        BUFG (Prop_bufg_I_O)         0.101    -4.120 r  inst_CLK_RST_MANAGER/inst_pll/inst/clkout2_buf/O
                         net (fo=73, routed)          1.980    -2.140    inst_CLK_RST_MANAGER/inst_olo_base_vga_reset_gen/Clk
    SLICE_X102Y103       FDRE                                         r  inst_CLK_RST_MANAGER/inst_olo_base_vga_reset_gen/g_sync.DsSync_reg[2]/C
  -------------------------------------------------------------------    -------------------
    SLICE_X102Y103       FDRE (Prop_fdre_C_Q)         0.478    -1.662 f  inst_CLK_RST_MANAGER/inst_olo_base_vga_reset_gen/g_sync.DsSync_reg[2]/Q
                         net (fo=36, routed)          2.090     0.428    inst_vga/O_HSYNC_reg_0[0]
    SLICE_X108Y99        FDCE                                         f  inst_vga/O_GREEN_reg[3]/CLR
  -------------------------------------------------------------------    -------------------

                         (clock clk_out2_clk_wiz_0 rise edge)
                                                     15.385    15.385 r
    Y9                                                0.000    15.385 r  PAD_I_CLK (IN)
                         net (fo=0)                   0.000    15.385    inst_CLK_RST_MANAGER/inst_pll/inst/clk_in1
    Y9                   IBUF (Prop_ibuf_I_O)         1.420    16.804 r  inst_CLK_RST_MANAGER/inst_pll/inst/clkin1_ibufg/O
                         net (fo=1, routed)           1.181    17.985    inst_CLK_RST_MANAGER/inst_pll/inst/clk_in1_clk_wiz_0
    PLLE2_ADV_X0Y0       PLLE2_ADV (Prop_plle2_adv_CLKIN1_CLKOUT1)
                                                     -7.970    10.016 r  inst_CLK_RST_MANAGER/inst_pll/inst/plle2_adv_inst/CLKOUT1
                         net (fo=1, routed)           1.686    11.702    inst_CLK_RST_MANAGER/inst_pll/inst/clk_out2_clk_wiz_0
    BUFGCTRL_X0Y1        BUFG (Prop_bufg_I_O)         0.091    11.793 r  inst_CLK_RST_MANAGER/inst_pll/inst/clkout2_buf/O
                         net (fo=73, routed)          1.687    13.480    inst_vga/RstRqstB2A_reg[2]
    SLICE_X108Y99        FDCE                                         r  inst_vga/O_GREEN_reg[3]/C
                         clock pessimism             -0.514    12.966
                         clock uncertainty           -0.069    12.897
    SLICE_X108Y99        FDCE (Recov_fdce_C_CLR)     -0.538    12.359    inst_vga/O_GREEN_reg[3]
  -------------------------------------------------------------------
                         required time                         12.359
                         arrival time                          -0.428
  -------------------------------------------------------------------
                         slack                                 11.930

Slack (MET) :             11.972ns  (required time - arrival time)
  Source:                 inst_CLK_RST_MANAGER/inst_olo_base_vga_reset_gen/g_sync.DsSync_reg[2]/C
                            (rising edge-triggered cell FDRE clocked by clk_out2_clk_wiz_0  {rise@0.000ns fall@7.692ns period=15.385ns})
  Destination:            inst_vga/O_BLUE_reg[0]/CLR
                            (recovery check against rising-edge clock clk_out2_clk_wiz_0  {rise@0.000ns fall@7.692ns period=15.385ns})
  Path Group:             **async_default**
  Path Type:              Recovery (Max at Slow Process Corner)
  Requirement:            15.385ns  (clk_out2_clk_wiz_0 rise@15.385ns - clk_out2_clk_wiz_0 rise@0.000ns)
  Data Path Delay:        2.568ns  (logic 0.478ns (18.614%)  route 2.090ns (81.386%))
  Logic Levels:           0
  Clock Path Skew:        -0.279ns (DCD - SCD + CPR)
    Destination Clock Delay (DCD):    -1.905ns = ( 13.480 - 15.385 )
    Source Clock Delay      (SCD):    -2.140ns
    Clock Pessimism Removal (CPR):    -0.514ns
  Clock Uncertainty:      0.069ns  ((TSJ^2 + DJ^2)^1/2) / 2 + PE
    Total System Jitter     (TSJ):    0.071ns
    Discrete Jitter          (DJ):    0.119ns
    Phase Error              (PE):    0.000ns

    Location             Delay type                Incr(ns)  Path(ns)    Netlist Resource(s)
  -------------------------------------------------------------------    -------------------
                         (clock clk_out2_clk_wiz_0 rise edge)
                                                      0.000     0.000 r
    Y9                                                0.000     0.000 r  PAD_I_CLK (IN)
                         net (fo=0)                   0.000     0.000    inst_CLK_RST_MANAGER/inst_pll/inst/clk_in1
    Y9                   IBUF (Prop_ibuf_I_O)         1.490     1.490 r  inst_CLK_RST_MANAGER/inst_pll/inst/clkin1_ibufg/O
                         net (fo=1, routed)           1.306     2.796    inst_CLK_RST_MANAGER/inst_pll/inst/clk_in1_clk_wiz_0
    PLLE2_ADV_X0Y0       PLLE2_ADV (Prop_plle2_adv_CLKIN1_CLKOUT1)
                                                     -8.866    -6.070 r  inst_CLK_RST_MANAGER/inst_pll/inst/plle2_adv_inst/CLKOUT1
                         net (fo=1, routed)           1.849    -4.221    inst_CLK_RST_MANAGER/inst_pll/inst/clk_out2_clk_wiz_0
    BUFGCTRL_X0Y1        BUFG (Prop_bufg_I_O)         0.101    -4.120 r  inst_CLK_RST_MANAGER/inst_pll/inst/clkout2_buf/O
                         net (fo=73, routed)          1.980    -2.140    inst_CLK_RST_MANAGER/inst_olo_base_vga_reset_gen/Clk
    SLICE_X102Y103       FDRE                                         r  inst_CLK_RST_MANAGER/inst_olo_base_vga_reset_gen/g_sync.DsSync_reg[2]/C
  -------------------------------------------------------------------    -------------------
    SLICE_X102Y103       FDRE (Prop_fdre_C_Q)         0.478    -1.662 f  inst_CLK_RST_MANAGER/inst_olo_base_vga_reset_gen/g_sync.DsSync_reg[2]/Q
                         net (fo=36, routed)          2.090     0.428    inst_vga/O_HSYNC_reg_0[0]
    SLICE_X108Y99        FDCE                                         f  inst_vga/O_BLUE_reg[0]/CLR
  -------------------------------------------------------------------    -------------------

                         (clock clk_out2_clk_wiz_0 rise edge)
                                                     15.385    15.385 r
    Y9                                                0.000    15.385 r  PAD_I_CLK (IN)
                         net (fo=0)                   0.000    15.385    inst_CLK_RST_MANAGER/inst_pll/inst/clk_in1
    Y9                   IBUF (Prop_ibuf_I_O)         1.420    16.804 r  inst_CLK_RST_MANAGER/inst_pll/inst/clkin1_ibufg/O
                         net (fo=1, routed)           1.181    17.985    inst_CLK_RST_MANAGER/inst_pll/inst/clk_in1_clk_wiz_0
    PLLE2_ADV_X0Y0       PLLE2_ADV (Prop_plle2_adv_CLKIN1_CLKOUT1)
                                                     -7.970    10.016 r  inst_CLK_RST_MANAGER/inst_pll/inst/plle2_adv_inst/CLKOUT1
                         net (fo=1, routed)           1.686    11.702    inst_CLK_RST_MANAGER/inst_pll/inst/clk_out2_clk_wiz_0
    BUFGCTRL_X0Y1        BUFG (Prop_bufg_I_O)         0.091    11.793 r  inst_CLK_RST_MANAGER/inst_pll/inst/clkout2_buf/O
                         net (fo=73, routed)          1.687    13.480    inst_vga/RstRqstB2A_reg[2]
    SLICE_X108Y99        FDCE                                         r  inst_vga/O_BLUE_reg[0]/C
                         clock pessimism             -0.514    12.966
                         clock uncertainty           -0.069    12.897
    SLICE_X108Y99        FDCE (Recov_fdce_C_CLR)     -0.496    12.401    inst_vga/O_BLUE_reg[0]
  -------------------------------------------------------------------
                         required time                         12.401
                         arrival time                          -0.428
  -------------------------------------------------------------------
                         slack                                 11.972

Slack (MET) :             11.972ns  (required time - arrival time)
  Source:                 inst_CLK_RST_MANAGER/inst_olo_base_vga_reset_gen/g_sync.DsSync_reg[2]/C
                            (rising edge-triggered cell FDRE clocked by clk_out2_clk_wiz_0  {rise@0.000ns fall@7.692ns period=15.385ns})
  Destination:            inst_vga/O_BLUE_reg[2]/CLR
                            (recovery check against rising-edge clock clk_out2_clk_wiz_0  {rise@0.000ns fall@7.692ns period=15.385ns})
  Path Group:             **async_default**
  Path Type:              Recovery (Max at Slow Process Corner)
  Requirement:            15.385ns  (clk_out2_clk_wiz_0 rise@15.385ns - clk_out2_clk_wiz_0 rise@0.000ns)
  Data Path Delay:        2.568ns  (logic 0.478ns (18.614%)  route 2.090ns (81.386%))
  Logic Levels:           0
  Clock Path Skew:        -0.279ns (DCD - SCD + CPR)
    Destination Clock Delay (DCD):    -1.905ns = ( 13.480 - 15.385 )
    Source Clock Delay      (SCD):    -2.140ns
    Clock Pessimism Removal (CPR):    -0.514ns
  Clock Uncertainty:      0.069ns  ((TSJ^2 + DJ^2)^1/2) / 2 + PE
    Total System Jitter     (TSJ):    0.071ns
    Discrete Jitter          (DJ):    0.119ns
    Phase Error              (PE):    0.000ns

    Location             Delay type                Incr(ns)  Path(ns)    Netlist Resource(s)
  -------------------------------------------------------------------    -------------------
                         (clock clk_out2_clk_wiz_0 rise edge)
                                                      0.000     0.000 r
    Y9                                                0.000     0.000 r  PAD_I_CLK (IN)
                         net (fo=0)                   0.000     0.000    inst_CLK_RST_MANAGER/inst_pll/inst/clk_in1
    Y9                   IBUF (Prop_ibuf_I_O)         1.490     1.490 r  inst_CLK_RST_MANAGER/inst_pll/inst/clkin1_ibufg/O
                         net (fo=1, routed)           1.306     2.796    inst_CLK_RST_MANAGER/inst_pll/inst/clk_in1_clk_wiz_0
    PLLE2_ADV_X0Y0       PLLE2_ADV (Prop_plle2_adv_CLKIN1_CLKOUT1)
                                                     -8.866    -6.070 r  inst_CLK_RST_MANAGER/inst_pll/inst/plle2_adv_inst/CLKOUT1
                         net (fo=1, routed)           1.849    -4.221    inst_CLK_RST_MANAGER/inst_pll/inst/clk_out2_clk_wiz_0
    BUFGCTRL_X0Y1        BUFG (Prop_bufg_I_O)         0.101    -4.120 r  inst_CLK_RST_MANAGER/inst_pll/inst/clkout2_buf/O
                         net (fo=73, routed)          1.980    -2.140    inst_CLK_RST_MANAGER/inst_olo_base_vga_reset_gen/Clk
    SLICE_X102Y103       FDRE                                         r  inst_CLK_RST_MANAGER/inst_olo_base_vga_reset_gen/g_sync.DsSync_reg[2]/C
  -------------------------------------------------------------------    -------------------
    SLICE_X102Y103       FDRE (Prop_fdre_C_Q)         0.478    -1.662 f  inst_CLK_RST_MANAGER/inst_olo_base_vga_reset_gen/g_sync.DsSync_reg[2]/Q
                         net (fo=36, routed)          2.090     0.428    inst_vga/O_HSYNC_reg_0[0]
    SLICE_X108Y99        FDCE                                         f  inst_vga/O_BLUE_reg[2]/CLR
  -------------------------------------------------------------------    -------------------

                         (clock clk_out2_clk_wiz_0 rise edge)
                                                     15.385    15.385 r
    Y9                                                0.000    15.385 r  PAD_I_CLK (IN)
                         net (fo=0)                   0.000    15.385    inst_CLK_RST_MANAGER/inst_pll/inst/clk_in1
    Y9                   IBUF (Prop_ibuf_I_O)         1.420    16.804 r  inst_CLK_RST_MANAGER/inst_pll/inst/clkin1_ibufg/O
                         net (fo=1, routed)           1.181    17.985    inst_CLK_RST_MANAGER/inst_pll/inst/clk_in1_clk_wiz_0
    PLLE2_ADV_X0Y0       PLLE2_ADV (Prop_plle2_adv_CLKIN1_CLKOUT1)
                                                     -7.970    10.016 r  inst_CLK_RST_MANAGER/inst_pll/inst/plle2_adv_inst/CLKOUT1
                         net (fo=1, routed)           1.686    11.702    inst_CLK_RST_MANAGER/inst_pll/inst/clk_out2_clk_wiz_0
    BUFGCTRL_X0Y1        BUFG (Prop_bufg_I_O)         0.091    11.793 r  inst_CLK_RST_MANAGER/inst_pll/inst/clkout2_buf/O
                         net (fo=73, routed)          1.687    13.480    inst_vga/RstRqstB2A_reg[2]
    SLICE_X108Y99        FDCE                                         r  inst_vga/O_BLUE_reg[2]/C
                         clock pessimism             -0.514    12.966
                         clock uncertainty           -0.069    12.897
    SLICE_X108Y99        FDCE (Recov_fdce_C_CLR)     -0.496    12.401    inst_vga/O_BLUE_reg[2]
  -------------------------------------------------------------------
                         required time                         12.401
                         arrival time                          -0.428
  -------------------------------------------------------------------
                         slack                                 11.972

Slack (MET) :             11.972ns  (required time - arrival time)
  Source:                 inst_CLK_RST_MANAGER/inst_olo_base_vga_reset_gen/g_sync.DsSync_reg[2]/C
                            (rising edge-triggered cell FDRE clocked by clk_out2_clk_wiz_0  {rise@0.000ns fall@7.692ns period=15.385ns})
  Destination:            inst_vga/O_GREEN_reg[0]/CLR
                            (recovery check against rising-edge clock clk_out2_clk_wiz_0  {rise@0.000ns fall@7.692ns period=15.385ns})
  Path Group:             **async_default**
  Path Type:              Recovery (Max at Slow Process Corner)
  Requirement:            15.385ns  (clk_out2_clk_wiz_0 rise@15.385ns - clk_out2_clk_wiz_0 rise@0.000ns)
  Data Path Delay:        2.568ns  (logic 0.478ns (18.614%)  route 2.090ns (81.386%))
  Logic Levels:           0
  Clock Path Skew:        -0.279ns (DCD - SCD + CPR)
    Destination Clock Delay (DCD):    -1.905ns = ( 13.480 - 15.385 )
    Source Clock Delay      (SCD):    -2.140ns
    Clock Pessimism Removal (CPR):    -0.514ns
  Clock Uncertainty:      0.069ns  ((TSJ^2 + DJ^2)^1/2) / 2 + PE
    Total System Jitter     (TSJ):    0.071ns
    Discrete Jitter          (DJ):    0.119ns
    Phase Error              (PE):    0.000ns

    Location             Delay type                Incr(ns)  Path(ns)    Netlist Resource(s)
  -------------------------------------------------------------------    -------------------
                         (clock clk_out2_clk_wiz_0 rise edge)
                                                      0.000     0.000 r
    Y9                                                0.000     0.000 r  PAD_I_CLK (IN)
                         net (fo=0)                   0.000     0.000    inst_CLK_RST_MANAGER/inst_pll/inst/clk_in1
    Y9                   IBUF (Prop_ibuf_I_O)         1.490     1.490 r  inst_CLK_RST_MANAGER/inst_pll/inst/clkin1_ibufg/O
                         net (fo=1, routed)           1.306     2.796    inst_CLK_RST_MANAGER/inst_pll/inst/clk_in1_clk_wiz_0
    PLLE2_ADV_X0Y0       PLLE2_ADV (Prop_plle2_adv_CLKIN1_CLKOUT1)
                                                     -8.866    -6.070 r  inst_CLK_RST_MANAGER/inst_pll/inst/plle2_adv_inst/CLKOUT1
                         net (fo=1, routed)           1.849    -4.221    inst_CLK_RST_MANAGER/inst_pll/inst/clk_out2_clk_wiz_0
    BUFGCTRL_X0Y1        BUFG (Prop_bufg_I_O)         0.101    -4.120 r  inst_CLK_RST_MANAGER/inst_pll/inst/clkout2_buf/O
                         net (fo=73, routed)          1.980    -2.140    inst_CLK_RST_MANAGER/inst_olo_base_vga_reset_gen/Clk
    SLICE_X102Y103       FDRE                                         r  inst_CLK_RST_MANAGER/inst_olo_base_vga_reset_gen/g_sync.DsSync_reg[2]/C
  -------------------------------------------------------------------    -------------------
    SLICE_X102Y103       FDRE (Prop_fdre_C_Q)         0.478    -1.662 f  inst_CLK_RST_MANAGER/inst_olo_base_vga_reset_gen/g_sync.DsSync_reg[2]/Q
                         net (fo=36, routed)          2.090     0.428    inst_vga/O_HSYNC_reg_0[0]
    SLICE_X108Y99        FDCE                                         f  inst_vga/O_GREEN_reg[0]/CLR
  -------------------------------------------------------------------    -------------------

                         (clock clk_out2_clk_wiz_0 rise edge)
                                                     15.385    15.385 r
    Y9                                                0.000    15.385 r  PAD_I_CLK (IN)
                         net (fo=0)                   0.000    15.385    inst_CLK_RST_MANAGER/inst_pll/inst/clk_in1
    Y9                   IBUF (Prop_ibuf_I_O)         1.420    16.804 r  inst_CLK_RST_MANAGER/inst_pll/inst/clkin1_ibufg/O
                         net (fo=1, routed)           1.181    17.985    inst_CLK_RST_MANAGER/inst_pll/inst/clk_in1_clk_wiz_0
    PLLE2_ADV_X0Y0       PLLE2_ADV (Prop_plle2_adv_CLKIN1_CLKOUT1)
                                                     -7.970    10.016 r  inst_CLK_RST_MANAGER/inst_pll/inst/plle2_adv_inst/CLKOUT1
                         net (fo=1, routed)           1.686    11.702    inst_CLK_RST_MANAGER/inst_pll/inst/clk_out2_clk_wiz_0
    BUFGCTRL_X0Y1        BUFG (Prop_bufg_I_O)         0.091    11.793 r  inst_CLK_RST_MANAGER/inst_pll/inst/clkout2_buf/O
                         net (fo=73, routed)          1.687    13.480    inst_vga/RstRqstB2A_reg[2]
    SLICE_X108Y99        FDCE                                         r  inst_vga/O_GREEN_reg[0]/C
                         clock pessimism             -0.514    12.966
                         clock uncertainty           -0.069    12.897
    SLICE_X108Y99        FDCE (Recov_fdce_C_CLR)     -0.496    12.401    inst_vga/O_GREEN_reg[0]
  -------------------------------------------------------------------
                         required time                         12.401
                         arrival time                          -0.428
  -------------------------------------------------------------------
                         slack                                 11.972

Slack (MET) :             11.972ns  (required time - arrival time)
  Source:                 inst_CLK_RST_MANAGER/inst_olo_base_vga_reset_gen/g_sync.DsSync_reg[2]/C
                            (rising edge-triggered cell FDRE clocked by clk_out2_clk_wiz_0  {rise@0.000ns fall@7.692ns period=15.385ns})
  Destination:            inst_vga/O_GREEN_reg[2]/CLR
                            (recovery check against rising-edge clock clk_out2_clk_wiz_0  {rise@0.000ns fall@7.692ns period=15.385ns})
  Path Group:             **async_default**
  Path Type:              Recovery (Max at Slow Process Corner)
  Requirement:            15.385ns  (clk_out2_clk_wiz_0 rise@15.385ns - clk_out2_clk_wiz_0 rise@0.000ns)
  Data Path Delay:        2.568ns  (logic 0.478ns (18.614%)  route 2.090ns (81.386%))
  Logic Levels:           0
  Clock Path Skew:        -0.279ns (DCD - SCD + CPR)
    Destination Clock Delay (DCD):    -1.905ns = ( 13.480 - 15.385 )
    Source Clock Delay      (SCD):    -2.140ns
    Clock Pessimism Removal (CPR):    -0.514ns
  Clock Uncertainty:      0.069ns  ((TSJ^2 + DJ^2)^1/2) / 2 + PE
    Total System Jitter     (TSJ):    0.071ns
    Discrete Jitter          (DJ):    0.119ns
    Phase Error              (PE):    0.000ns

    Location             Delay type                Incr(ns)  Path(ns)    Netlist Resource(s)
  -------------------------------------------------------------------    -------------------
                         (clock clk_out2_clk_wiz_0 rise edge)
                                                      0.000     0.000 r
    Y9                                                0.000     0.000 r  PAD_I_CLK (IN)
                         net (fo=0)                   0.000     0.000    inst_CLK_RST_MANAGER/inst_pll/inst/clk_in1
    Y9                   IBUF (Prop_ibuf_I_O)         1.490     1.490 r  inst_CLK_RST_MANAGER/inst_pll/inst/clkin1_ibufg/O
                         net (fo=1, routed)           1.306     2.796    inst_CLK_RST_MANAGER/inst_pll/inst/clk_in1_clk_wiz_0
    PLLE2_ADV_X0Y0       PLLE2_ADV (Prop_plle2_adv_CLKIN1_CLKOUT1)
                                                     -8.866    -6.070 r  inst_CLK_RST_MANAGER/inst_pll/inst/plle2_adv_inst/CLKOUT1
                         net (fo=1, routed)           1.849    -4.221    inst_CLK_RST_MANAGER/inst_pll/inst/clk_out2_clk_wiz_0
    BUFGCTRL_X0Y1        BUFG (Prop_bufg_I_O)         0.101    -4.120 r  inst_CLK_RST_MANAGER/inst_pll/inst/clkout2_buf/O
                         net (fo=73, routed)          1.980    -2.140    inst_CLK_RST_MANAGER/inst_olo_base_vga_reset_gen/Clk
    SLICE_X102Y103       FDRE                                         r  inst_CLK_RST_MANAGER/inst_olo_base_vga_reset_gen/g_sync.DsSync_reg[2]/C
  -------------------------------------------------------------------    -------------------
    SLICE_X102Y103       FDRE (Prop_fdre_C_Q)         0.478    -1.662 f  inst_CLK_RST_MANAGER/inst_olo_base_vga_reset_gen/g_sync.DsSync_reg[2]/Q
                         net (fo=36, routed)          2.090     0.428    inst_vga/O_HSYNC_reg_0[0]
    SLICE_X108Y99        FDCE                                         f  inst_vga/O_GREEN_reg[2]/CLR
  -------------------------------------------------------------------    -------------------

                         (clock clk_out2_clk_wiz_0 rise edge)
                                                     15.385    15.385 r
    Y9                                                0.000    15.385 r  PAD_I_CLK (IN)
                         net (fo=0)                   0.000    15.385    inst_CLK_RST_MANAGER/inst_pll/inst/clk_in1
    Y9                   IBUF (Prop_ibuf_I_O)         1.420    16.804 r  inst_CLK_RST_MANAGER/inst_pll/inst/clkin1_ibufg/O
                         net (fo=1, routed)           1.181    17.985    inst_CLK_RST_MANAGER/inst_pll/inst/clk_in1_clk_wiz_0
    PLLE2_ADV_X0Y0       PLLE2_ADV (Prop_plle2_adv_CLKIN1_CLKOUT1)
                                                     -7.970    10.016 r  inst_CLK_RST_MANAGER/inst_pll/inst/plle2_adv_inst/CLKOUT1
                         net (fo=1, routed)           1.686    11.702    inst_CLK_RST_MANAGER/inst_pll/inst/clk_out2_clk_wiz_0
    BUFGCTRL_X0Y1        BUFG (Prop_bufg_I_O)         0.091    11.793 r  inst_CLK_RST_MANAGER/inst_pll/inst/clkout2_buf/O
                         net (fo=73, routed)          1.687    13.480    inst_vga/RstRqstB2A_reg[2]
    SLICE_X108Y99        FDCE                                         r  inst_vga/O_GREEN_reg[2]/C
                         clock pessimism             -0.514    12.966
                         clock uncertainty           -0.069    12.897
    SLICE_X108Y99        FDCE (Recov_fdce_C_CLR)     -0.496    12.401    inst_vga/O_GREEN_reg[2]
  -------------------------------------------------------------------
                         required time                         12.401
                         arrival time                          -0.428
  -------------------------------------------------------------------
                         slack                                 11.972

Slack (MET) :             12.203ns  (required time - arrival time)
  Source:                 inst_CLK_RST_MANAGER/inst_olo_base_vga_reset_gen/g_sync.DsSync_reg[2]/C
                            (rising edge-triggered cell FDRE clocked by clk_out2_clk_wiz_0  {rise@0.000ns fall@7.692ns period=15.385ns})
  Destination:            inst_vga/O_RED_reg[0]/CLR
                            (recovery check against rising-edge clock clk_out2_clk_wiz_0  {rise@0.000ns fall@7.692ns period=15.385ns})
  Path Group:             **async_default**
  Path Type:              Recovery (Max at Slow Process Corner)
  Requirement:            15.385ns  (clk_out2_clk_wiz_0 rise@15.385ns - clk_out2_clk_wiz_0 rise@0.000ns)
  Data Path Delay:        2.251ns  (logic 0.478ns (21.232%)  route 1.773ns (78.768%))
  Logic Levels:           0
  Clock Path Skew:        -0.279ns (DCD - SCD + CPR)
    Destination Clock Delay (DCD):    -1.905ns = ( 13.480 - 15.385 )
    Source Clock Delay      (SCD):    -2.140ns
    Clock Pessimism Removal (CPR):    -0.514ns
  Clock Uncertainty:      0.069ns  ((TSJ^2 + DJ^2)^1/2) / 2 + PE
    Total System Jitter     (TSJ):    0.071ns
    Discrete Jitter          (DJ):    0.119ns
    Phase Error              (PE):    0.000ns

    Location             Delay type                Incr(ns)  Path(ns)    Netlist Resource(s)
  -------------------------------------------------------------------    -------------------
                         (clock clk_out2_clk_wiz_0 rise edge)
                                                      0.000     0.000 r
    Y9                                                0.000     0.000 r  PAD_I_CLK (IN)
                         net (fo=0)                   0.000     0.000    inst_CLK_RST_MANAGER/inst_pll/inst/clk_in1
    Y9                   IBUF (Prop_ibuf_I_O)         1.490     1.490 r  inst_CLK_RST_MANAGER/inst_pll/inst/clkin1_ibufg/O
                         net (fo=1, routed)           1.306     2.796    inst_CLK_RST_MANAGER/inst_pll/inst/clk_in1_clk_wiz_0
    PLLE2_ADV_X0Y0       PLLE2_ADV (Prop_plle2_adv_CLKIN1_CLKOUT1)
                                                     -8.866    -6.070 r  inst_CLK_RST_MANAGER/inst_pll/inst/plle2_adv_inst/CLKOUT1
                         net (fo=1, routed)           1.849    -4.221    inst_CLK_RST_MANAGER/inst_pll/inst/clk_out2_clk_wiz_0
    BUFGCTRL_X0Y1        BUFG (Prop_bufg_I_O)         0.101    -4.120 r  inst_CLK_RST_MANAGER/inst_pll/inst/clkout2_buf/O
                         net (fo=73, routed)          1.980    -2.140    inst_CLK_RST_MANAGER/inst_olo_base_vga_reset_gen/Clk
    SLICE_X102Y103       FDRE                                         r  inst_CLK_RST_MANAGER/inst_olo_base_vga_reset_gen/g_sync.DsSync_reg[2]/C
  -------------------------------------------------------------------    -------------------
    SLICE_X102Y103       FDRE (Prop_fdre_C_Q)         0.478    -1.662 f  inst_CLK_RST_MANAGER/inst_olo_base_vga_reset_gen/g_sync.DsSync_reg[2]/Q
                         net (fo=36, routed)          1.773     0.112    inst_vga/O_HSYNC_reg_0[0]
    SLICE_X107Y99        FDCE                                         f  inst_vga/O_RED_reg[0]/CLR
  -------------------------------------------------------------------    -------------------

                         (clock clk_out2_clk_wiz_0 rise edge)
                                                     15.385    15.385 r
    Y9                                                0.000    15.385 r  PAD_I_CLK (IN)
                         net (fo=0)                   0.000    15.385    inst_CLK_RST_MANAGER/inst_pll/inst/clk_in1
    Y9                   IBUF (Prop_ibuf_I_O)         1.420    16.804 r  inst_CLK_RST_MANAGER/inst_pll/inst/clkin1_ibufg/O
                         net (fo=1, routed)           1.181    17.985    inst_CLK_RST_MANAGER/inst_pll/inst/clk_in1_clk_wiz_0
    PLLE2_ADV_X0Y0       PLLE2_ADV (Prop_plle2_adv_CLKIN1_CLKOUT1)
                                                     -7.970    10.016 r  inst_CLK_RST_MANAGER/inst_pll/inst/plle2_adv_inst/CLKOUT1
                         net (fo=1, routed)           1.686    11.702    inst_CLK_RST_MANAGER/inst_pll/inst/clk_out2_clk_wiz_0
    BUFGCTRL_X0Y1        BUFG (Prop_bufg_I_O)         0.091    11.793 r  inst_CLK_RST_MANAGER/inst_pll/inst/clkout2_buf/O
                         net (fo=73, routed)          1.687    13.480    inst_vga/RstRqstB2A_reg[2]
    SLICE_X107Y99        FDCE                                         r  inst_vga/O_RED_reg[0]/C
                         clock pessimism             -0.514    12.966
                         clock uncertainty           -0.069    12.897
    SLICE_X107Y99        FDCE (Recov_fdce_C_CLR)     -0.582    12.315    inst_vga/O_RED_reg[0]
  -------------------------------------------------------------------
                         required time                         12.315
                         arrival time                          -0.112
  -------------------------------------------------------------------
                         slack                                 12.203

Slack (MET) :             12.203ns  (required time - arrival time)
  Source:                 inst_CLK_RST_MANAGER/inst_olo_base_vga_reset_gen/g_sync.DsSync_reg[2]/C
                            (rising edge-triggered cell FDRE clocked by clk_out2_clk_wiz_0  {rise@0.000ns fall@7.692ns period=15.385ns})
  Destination:            inst_vga/O_RED_reg[1]/CLR
                            (recovery check against rising-edge clock clk_out2_clk_wiz_0  {rise@0.000ns fall@7.692ns period=15.385ns})
  Path Group:             **async_default**
  Path Type:              Recovery (Max at Slow Process Corner)
  Requirement:            15.385ns  (clk_out2_clk_wiz_0 rise@15.385ns - clk_out2_clk_wiz_0 rise@0.000ns)
  Data Path Delay:        2.251ns  (logic 0.478ns (21.232%)  route 1.773ns (78.768%))
  Logic Levels:           0
  Clock Path Skew:        -0.279ns (DCD - SCD + CPR)
    Destination Clock Delay (DCD):    -1.905ns = ( 13.480 - 15.385 )
    Source Clock Delay      (SCD):    -2.140ns
    Clock Pessimism Removal (CPR):    -0.514ns
  Clock Uncertainty:      0.069ns  ((TSJ^2 + DJ^2)^1/2) / 2 + PE
    Total System Jitter     (TSJ):    0.071ns
    Discrete Jitter          (DJ):    0.119ns
    Phase Error              (PE):    0.000ns

    Location             Delay type                Incr(ns)  Path(ns)    Netlist Resource(s)
  -------------------------------------------------------------------    -------------------
                         (clock clk_out2_clk_wiz_0 rise edge)
                                                      0.000     0.000 r
    Y9                                                0.000     0.000 r  PAD_I_CLK (IN)
                         net (fo=0)                   0.000     0.000    inst_CLK_RST_MANAGER/inst_pll/inst/clk_in1
    Y9                   IBUF (Prop_ibuf_I_O)         1.490     1.490 r  inst_CLK_RST_MANAGER/inst_pll/inst/clkin1_ibufg/O
                         net (fo=1, routed)           1.306     2.796    inst_CLK_RST_MANAGER/inst_pll/inst/clk_in1_clk_wiz_0
    PLLE2_ADV_X0Y0       PLLE2_ADV (Prop_plle2_adv_CLKIN1_CLKOUT1)
                                                     -8.866    -6.070 r  inst_CLK_RST_MANAGER/inst_pll/inst/plle2_adv_inst/CLKOUT1
                         net (fo=1, routed)           1.849    -4.221    inst_CLK_RST_MANAGER/inst_pll/inst/clk_out2_clk_wiz_0
    BUFGCTRL_X0Y1        BUFG (Prop_bufg_I_O)         0.101    -4.120 r  inst_CLK_RST_MANAGER/inst_pll/inst/clkout2_buf/O
                         net (fo=73, routed)          1.980    -2.140    inst_CLK_RST_MANAGER/inst_olo_base_vga_reset_gen/Clk
    SLICE_X102Y103       FDRE                                         r  inst_CLK_RST_MANAGER/inst_olo_base_vga_reset_gen/g_sync.DsSync_reg[2]/C
  -------------------------------------------------------------------    -------------------
    SLICE_X102Y103       FDRE (Prop_fdre_C_Q)         0.478    -1.662 f  inst_CLK_RST_MANAGER/inst_olo_base_vga_reset_gen/g_sync.DsSync_reg[2]/Q
                         net (fo=36, routed)          1.773     0.112    inst_vga/O_HSYNC_reg_0[0]
    SLICE_X107Y99        FDCE                                         f  inst_vga/O_RED_reg[1]/CLR
  -------------------------------------------------------------------    -------------------

                         (clock clk_out2_clk_wiz_0 rise edge)
                                                     15.385    15.385 r
    Y9                                                0.000    15.385 r  PAD_I_CLK (IN)
                         net (fo=0)                   0.000    15.385    inst_CLK_RST_MANAGER/inst_pll/inst/clk_in1
    Y9                   IBUF (Prop_ibuf_I_O)         1.420    16.804 r  inst_CLK_RST_MANAGER/inst_pll/inst/clkin1_ibufg/O
                         net (fo=1, routed)           1.181    17.985    inst_CLK_RST_MANAGER/inst_pll/inst/clk_in1_clk_wiz_0
    PLLE2_ADV_X0Y0       PLLE2_ADV (Prop_plle2_adv_CLKIN1_CLKOUT1)
                                                     -7.970    10.016 r  inst_CLK_RST_MANAGER/inst_pll/inst/plle2_adv_inst/CLKOUT1
                         net (fo=1, routed)           1.686    11.702    inst_CLK_RST_MANAGER/inst_pll/inst/clk_out2_clk_wiz_0
    BUFGCTRL_X0Y1        BUFG (Prop_bufg_I_O)         0.091    11.793 r  inst_CLK_RST_MANAGER/inst_pll/inst/clkout2_buf/O
                         net (fo=73, routed)          1.687    13.480    inst_vga/RstRqstB2A_reg[2]
    SLICE_X107Y99        FDCE                                         r  inst_vga/O_RED_reg[1]/C
                         clock pessimism             -0.514    12.966
                         clock uncertainty           -0.069    12.897
    SLICE_X107Y99        FDCE (Recov_fdce_C_CLR)     -0.582    12.315    inst_vga/O_RED_reg[1]
  -------------------------------------------------------------------
                         required time                         12.315
                         arrival time                          -0.112
  -------------------------------------------------------------------
                         slack                                 12.203





Min Delay Paths
--------------------------------------------------------------------------------------
Slack (MET) :             0.480ns  (arrival time - required time)
  Source:                 inst_CLK_RST_MANAGER/inst_olo_base_vga_reset_gen/g_sync.DsSync_reg[2]/C
                            (rising edge-triggered cell FDRE clocked by clk_out2_clk_wiz_0  {rise@0.000ns fall@7.692ns period=15.385ns})
  Destination:            inst_vga/vertical_count_reg[0]/CLR
                            (removal check against rising-edge clock clk_out2_clk_wiz_0  {rise@0.000ns fall@7.692ns period=15.385ns})
  Path Group:             **async_default**
  Path Type:              Removal (Min at Fast Process Corner)
  Requirement:            0.000ns  (clk_out2_clk_wiz_0 rise@0.000ns - clk_out2_clk_wiz_0 rise@0.000ns)
  Data Path Delay:        0.347ns  (logic 0.148ns (42.603%)  route 0.199ns (57.397%))
  Logic Levels:           0
  Clock Path Skew:        0.013ns (DCD - SCD - CPR)
    Destination Clock Delay (DCD):    -0.198ns
    Source Clock Delay      (SCD):    -0.434ns
    Clock Pessimism Removal (CPR):    0.223ns

    Location             Delay type                Incr(ns)  Path(ns)    Netlist Resource(s)
  -------------------------------------------------------------------    -------------------
                         (clock clk_out2_clk_wiz_0 rise edge)
                                                      0.000     0.000 r
    Y9                                                0.000     0.000 r  PAD_I_CLK (IN)
                         net (fo=0)                   0.000     0.000    inst_CLK_RST_MANAGER/inst_pll/inst/clk_in1
    Y9                   IBUF (Prop_ibuf_I_O)         0.258     0.258 r  inst_CLK_RST_MANAGER/inst_pll/inst/clkin1_ibufg/O
                         net (fo=1, routed)           0.440     0.698    inst_CLK_RST_MANAGER/inst_pll/inst/clk_in1_clk_wiz_0
    PLLE2_ADV_X0Y0       PLLE2_ADV (Prop_plle2_adv_CLKIN1_CLKOUT1)
                                                     -2.384    -1.685 r  inst_CLK_RST_MANAGER/inst_pll/inst/plle2_adv_inst/CLKOUT1
                         net (fo=1, routed)           0.533    -1.152    inst_CLK_RST_MANAGER/inst_pll/inst/clk_out2_clk_wiz_0
    BUFGCTRL_X0Y1        BUFG (Prop_bufg_I_O)         0.026    -1.126 r  inst_CLK_RST_MANAGER/inst_pll/inst/clkout2_buf/O
                         net (fo=73, routed)          0.692    -0.434    inst_CLK_RST_MANAGER/inst_olo_base_vga_reset_gen/Clk
    SLICE_X102Y103       FDRE                                         r  inst_CLK_RST_MANAGER/inst_olo_base_vga_reset_gen/g_sync.DsSync_reg[2]/C
  -------------------------------------------------------------------    -------------------
    SLICE_X102Y103       FDRE (Prop_fdre_C_Q)         0.148    -0.286 f  inst_CLK_RST_MANAGER/inst_olo_base_vga_reset_gen/g_sync.DsSync_reg[2]/Q
                         net (fo=36, routed)          0.199    -0.087    inst_vga/O_HSYNC_reg_0[0]
    SLICE_X103Y103       FDCE                                         f  inst_vga/vertical_count_reg[0]/CLR
  -------------------------------------------------------------------    -------------------

                         (clock clk_out2_clk_wiz_0 rise edge)
                                                      0.000     0.000 r
    Y9                                                0.000     0.000 r  PAD_I_CLK (IN)
                         net (fo=0)                   0.000     0.000    inst_CLK_RST_MANAGER/inst_pll/inst/clk_in1
    Y9                   IBUF (Prop_ibuf_I_O)         0.446     0.446 r  inst_CLK_RST_MANAGER/inst_pll/inst/clkin1_ibufg/O
                         net (fo=1, routed)           0.481     0.927    inst_CLK_RST_MANAGER/inst_pll/inst/clk_in1_clk_wiz_0
    PLLE2_ADV_X0Y0       PLLE2_ADV (Prop_plle2_adv_CLKIN1_CLKOUT1)
                                                     -2.700    -1.773 r  inst_CLK_RST_MANAGER/inst_pll/inst/plle2_adv_inst/CLKOUT1
                         net (fo=1, routed)           0.580    -1.193    inst_CLK_RST_MANAGER/inst_pll/inst/clk_out2_clk_wiz_0
    BUFGCTRL_X0Y1        BUFG (Prop_bufg_I_O)         0.029    -1.164 r  inst_CLK_RST_MANAGER/inst_pll/inst/clkout2_buf/O
                         net (fo=73, routed)          0.966    -0.198    inst_vga/RstRqstB2A_reg[2]
    SLICE_X103Y103       FDCE                                         r  inst_vga/vertical_count_reg[0]/C
                         clock pessimism             -0.223    -0.421
    SLICE_X103Y103       FDCE (Remov_fdce_C_CLR)     -0.146    -0.567    inst_vga/vertical_count_reg[0]
  -------------------------------------------------------------------
                         required time                          0.567
                         arrival time                          -0.087
  -------------------------------------------------------------------
                         slack                                  0.480

Slack (MET) :             0.480ns  (arrival time - required time)
  Source:                 inst_CLK_RST_MANAGER/inst_olo_base_vga_reset_gen/g_sync.DsSync_reg[2]/C
                            (rising edge-triggered cell FDRE clocked by clk_out2_clk_wiz_0  {rise@0.000ns fall@7.692ns period=15.385ns})
  Destination:            inst_vga/vertical_count_reg[1]/CLR
                            (removal check against rising-edge clock clk_out2_clk_wiz_0  {rise@0.000ns fall@7.692ns period=15.385ns})
  Path Group:             **async_default**
  Path Type:              Removal (Min at Fast Process Corner)
  Requirement:            0.000ns  (clk_out2_clk_wiz_0 rise@0.000ns - clk_out2_clk_wiz_0 rise@0.000ns)
  Data Path Delay:        0.347ns  (logic 0.148ns (42.603%)  route 0.199ns (57.397%))
  Logic Levels:           0
  Clock Path Skew:        0.013ns (DCD - SCD - CPR)
    Destination Clock Delay (DCD):    -0.198ns
    Source Clock Delay      (SCD):    -0.434ns
    Clock Pessimism Removal (CPR):    0.223ns

    Location             Delay type                Incr(ns)  Path(ns)    Netlist Resource(s)
  -------------------------------------------------------------------    -------------------
                         (clock clk_out2_clk_wiz_0 rise edge)
                                                      0.000     0.000 r
    Y9                                                0.000     0.000 r  PAD_I_CLK (IN)
                         net (fo=0)                   0.000     0.000    inst_CLK_RST_MANAGER/inst_pll/inst/clk_in1
    Y9                   IBUF (Prop_ibuf_I_O)         0.258     0.258 r  inst_CLK_RST_MANAGER/inst_pll/inst/clkin1_ibufg/O
                         net (fo=1, routed)           0.440     0.698    inst_CLK_RST_MANAGER/inst_pll/inst/clk_in1_clk_wiz_0
    PLLE2_ADV_X0Y0       PLLE2_ADV (Prop_plle2_adv_CLKIN1_CLKOUT1)
                                                     -2.384    -1.685 r  inst_CLK_RST_MANAGER/inst_pll/inst/plle2_adv_inst/CLKOUT1
                         net (fo=1, routed)           0.533    -1.152    inst_CLK_RST_MANAGER/inst_pll/inst/clk_out2_clk_wiz_0
    BUFGCTRL_X0Y1        BUFG (Prop_bufg_I_O)         0.026    -1.126 r  inst_CLK_RST_MANAGER/inst_pll/inst/clkout2_buf/O
                         net (fo=73, routed)          0.692    -0.434    inst_CLK_RST_MANAGER/inst_olo_base_vga_reset_gen/Clk
    SLICE_X102Y103       FDRE                                         r  inst_CLK_RST_MANAGER/inst_olo_base_vga_reset_gen/g_sync.DsSync_reg[2]/C
  -------------------------------------------------------------------    -------------------
    SLICE_X102Y103       FDRE (Prop_fdre_C_Q)         0.148    -0.286 f  inst_CLK_RST_MANAGER/inst_olo_base_vga_reset_gen/g_sync.DsSync_reg[2]/Q
                         net (fo=36, routed)          0.199    -0.087    inst_vga/O_HSYNC_reg_0[0]
    SLICE_X103Y103       FDCE                                         f  inst_vga/vertical_count_reg[1]/CLR
  -------------------------------------------------------------------    -------------------

                         (clock clk_out2_clk_wiz_0 rise edge)
                                                      0.000     0.000 r
    Y9                                                0.000     0.000 r  PAD_I_CLK (IN)
                         net (fo=0)                   0.000     0.000    inst_CLK_RST_MANAGER/inst_pll/inst/clk_in1
    Y9                   IBUF (Prop_ibuf_I_O)         0.446     0.446 r  inst_CLK_RST_MANAGER/inst_pll/inst/clkin1_ibufg/O
                         net (fo=1, routed)           0.481     0.927    inst_CLK_RST_MANAGER/inst_pll/inst/clk_in1_clk_wiz_0
    PLLE2_ADV_X0Y0       PLLE2_ADV (Prop_plle2_adv_CLKIN1_CLKOUT1)
                                                     -2.700    -1.773 r  inst_CLK_RST_MANAGER/inst_pll/inst/plle2_adv_inst/CLKOUT1
                         net (fo=1, routed)           0.580    -1.193    inst_CLK_RST_MANAGER/inst_pll/inst/clk_out2_clk_wiz_0
    BUFGCTRL_X0Y1        BUFG (Prop_bufg_I_O)         0.029    -1.164 r  inst_CLK_RST_MANAGER/inst_pll/inst/clkout2_buf/O
                         net (fo=73, routed)          0.966    -0.198    inst_vga/RstRqstB2A_reg[2]
    SLICE_X103Y103       FDCE                                         r  inst_vga/vertical_count_reg[1]/C
                         clock pessimism             -0.223    -0.421
    SLICE_X103Y103       FDCE (Remov_fdce_C_CLR)     -0.146    -0.567    inst_vga/vertical_count_reg[1]
  -------------------------------------------------------------------
                         required time                          0.567
                         arrival time                          -0.087
  -------------------------------------------------------------------
                         slack                                  0.480

Slack (MET) :             0.480ns  (arrival time - required time)
  Source:                 inst_CLK_RST_MANAGER/inst_olo_base_vga_reset_gen/g_sync.DsSync_reg[2]/C
                            (rising edge-triggered cell FDRE clocked by clk_out2_clk_wiz_0  {rise@0.000ns fall@7.692ns period=15.385ns})
  Destination:            inst_vga/vertical_count_reg[2]/CLR
                            (removal check against rising-edge clock clk_out2_clk_wiz_0  {rise@0.000ns fall@7.692ns period=15.385ns})
  Path Group:             **async_default**
  Path Type:              Removal (Min at Fast Process Corner)
  Requirement:            0.000ns  (clk_out2_clk_wiz_0 rise@0.000ns - clk_out2_clk_wiz_0 rise@0.000ns)
  Data Path Delay:        0.347ns  (logic 0.148ns (42.603%)  route 0.199ns (57.397%))
  Logic Levels:           0
  Clock Path Skew:        0.013ns (DCD - SCD - CPR)
    Destination Clock Delay (DCD):    -0.198ns
    Source Clock Delay      (SCD):    -0.434ns
    Clock Pessimism Removal (CPR):    0.223ns

    Location             Delay type                Incr(ns)  Path(ns)    Netlist Resource(s)
  -------------------------------------------------------------------    -------------------
                         (clock clk_out2_clk_wiz_0 rise edge)
                                                      0.000     0.000 r
    Y9                                                0.000     0.000 r  PAD_I_CLK (IN)
                         net (fo=0)                   0.000     0.000    inst_CLK_RST_MANAGER/inst_pll/inst/clk_in1
    Y9                   IBUF (Prop_ibuf_I_O)         0.258     0.258 r  inst_CLK_RST_MANAGER/inst_pll/inst/clkin1_ibufg/O
                         net (fo=1, routed)           0.440     0.698    inst_CLK_RST_MANAGER/inst_pll/inst/clk_in1_clk_wiz_0
    PLLE2_ADV_X0Y0       PLLE2_ADV (Prop_plle2_adv_CLKIN1_CLKOUT1)
                                                     -2.384    -1.685 r  inst_CLK_RST_MANAGER/inst_pll/inst/plle2_adv_inst/CLKOUT1
                         net (fo=1, routed)           0.533    -1.152    inst_CLK_RST_MANAGER/inst_pll/inst/clk_out2_clk_wiz_0
    BUFGCTRL_X0Y1        BUFG (Prop_bufg_I_O)         0.026    -1.126 r  inst_CLK_RST_MANAGER/inst_pll/inst/clkout2_buf/O
                         net (fo=73, routed)          0.692    -0.434    inst_CLK_RST_MANAGER/inst_olo_base_vga_reset_gen/Clk
    SLICE_X102Y103       FDRE                                         r  inst_CLK_RST_MANAGER/inst_olo_base_vga_reset_gen/g_sync.DsSync_reg[2]/C
  -------------------------------------------------------------------    -------------------
    SLICE_X102Y103       FDRE (Prop_fdre_C_Q)         0.148    -0.286 f  inst_CLK_RST_MANAGER/inst_olo_base_vga_reset_gen/g_sync.DsSync_reg[2]/Q
                         net (fo=36, routed)          0.199    -0.087    inst_vga/O_HSYNC_reg_0[0]
    SLICE_X103Y103       FDCE                                         f  inst_vga/vertical_count_reg[2]/CLR
  -------------------------------------------------------------------    -------------------

                         (clock clk_out2_clk_wiz_0 rise edge)
                                                      0.000     0.000 r
    Y9                                                0.000     0.000 r  PAD_I_CLK (IN)
                         net (fo=0)                   0.000     0.000    inst_CLK_RST_MANAGER/inst_pll/inst/clk_in1
    Y9                   IBUF (Prop_ibuf_I_O)         0.446     0.446 r  inst_CLK_RST_MANAGER/inst_pll/inst/clkin1_ibufg/O
                         net (fo=1, routed)           0.481     0.927    inst_CLK_RST_MANAGER/inst_pll/inst/clk_in1_clk_wiz_0
    PLLE2_ADV_X0Y0       PLLE2_ADV (Prop_plle2_adv_CLKIN1_CLKOUT1)
                                                     -2.700    -1.773 r  inst_CLK_RST_MANAGER/inst_pll/inst/plle2_adv_inst/CLKOUT1
                         net (fo=1, routed)           0.580    -1.193    inst_CLK_RST_MANAGER/inst_pll/inst/clk_out2_clk_wiz_0
    BUFGCTRL_X0Y1        BUFG (Prop_bufg_I_O)         0.029    -1.164 r  inst_CLK_RST_MANAGER/inst_pll/inst/clkout2_buf/O
                         net (fo=73, routed)          0.966    -0.198    inst_vga/RstRqstB2A_reg[2]
    SLICE_X103Y103       FDCE                                         r  inst_vga/vertical_count_reg[2]/C
                         clock pessimism             -0.223    -0.421
    SLICE_X103Y103       FDCE (Remov_fdce_C_CLR)     -0.146    -0.567    inst_vga/vertical_count_reg[2]
  -------------------------------------------------------------------
                         required time                          0.567
                         arrival time                          -0.087
  -------------------------------------------------------------------
                         slack                                  0.480

Slack (MET) :             0.480ns  (arrival time - required time)
  Source:                 inst_CLK_RST_MANAGER/inst_olo_base_vga_reset_gen/g_sync.DsSync_reg[2]/C
                            (rising edge-triggered cell FDRE clocked by clk_out2_clk_wiz_0  {rise@0.000ns fall@7.692ns period=15.385ns})
  Destination:            inst_vga/vertical_count_reg[3]/CLR
                            (removal check against rising-edge clock clk_out2_clk_wiz_0  {rise@0.000ns fall@7.692ns period=15.385ns})
  Path Group:             **async_default**
  Path Type:              Removal (Min at Fast Process Corner)
  Requirement:            0.000ns  (clk_out2_clk_wiz_0 rise@0.000ns - clk_out2_clk_wiz_0 rise@0.000ns)
  Data Path Delay:        0.347ns  (logic 0.148ns (42.603%)  route 0.199ns (57.397%))
  Logic Levels:           0
  Clock Path Skew:        0.013ns (DCD - SCD - CPR)
    Destination Clock Delay (DCD):    -0.198ns
    Source Clock Delay      (SCD):    -0.434ns
    Clock Pessimism Removal (CPR):    0.223ns

    Location             Delay type                Incr(ns)  Path(ns)    Netlist Resource(s)
  -------------------------------------------------------------------    -------------------
                         (clock clk_out2_clk_wiz_0 rise edge)
                                                      0.000     0.000 r
    Y9                                                0.000     0.000 r  PAD_I_CLK (IN)
                         net (fo=0)                   0.000     0.000    inst_CLK_RST_MANAGER/inst_pll/inst/clk_in1
    Y9                   IBUF (Prop_ibuf_I_O)         0.258     0.258 r  inst_CLK_RST_MANAGER/inst_pll/inst/clkin1_ibufg/O
                         net (fo=1, routed)           0.440     0.698    inst_CLK_RST_MANAGER/inst_pll/inst/clk_in1_clk_wiz_0
    PLLE2_ADV_X0Y0       PLLE2_ADV (Prop_plle2_adv_CLKIN1_CLKOUT1)
                                                     -2.384    -1.685 r  inst_CLK_RST_MANAGER/inst_pll/inst/plle2_adv_inst/CLKOUT1
                         net (fo=1, routed)           0.533    -1.152    inst_CLK_RST_MANAGER/inst_pll/inst/clk_out2_clk_wiz_0
    BUFGCTRL_X0Y1        BUFG (Prop_bufg_I_O)         0.026    -1.126 r  inst_CLK_RST_MANAGER/inst_pll/inst/clkout2_buf/O
                         net (fo=73, routed)          0.692    -0.434    inst_CLK_RST_MANAGER/inst_olo_base_vga_reset_gen/Clk
    SLICE_X102Y103       FDRE                                         r  inst_CLK_RST_MANAGER/inst_olo_base_vga_reset_gen/g_sync.DsSync_reg[2]/C
  -------------------------------------------------------------------    -------------------
    SLICE_X102Y103       FDRE (Prop_fdre_C_Q)         0.148    -0.286 f  inst_CLK_RST_MANAGER/inst_olo_base_vga_reset_gen/g_sync.DsSync_reg[2]/Q
                         net (fo=36, routed)          0.199    -0.087    inst_vga/O_HSYNC_reg_0[0]
    SLICE_X103Y103       FDCE                                         f  inst_vga/vertical_count_reg[3]/CLR
  -------------------------------------------------------------------    -------------------

                         (clock clk_out2_clk_wiz_0 rise edge)
                                                      0.000     0.000 r
    Y9                                                0.000     0.000 r  PAD_I_CLK (IN)
                         net (fo=0)                   0.000     0.000    inst_CLK_RST_MANAGER/inst_pll/inst/clk_in1
    Y9                   IBUF (Prop_ibuf_I_O)         0.446     0.446 r  inst_CLK_RST_MANAGER/inst_pll/inst/clkin1_ibufg/O
                         net (fo=1, routed)           0.481     0.927    inst_CLK_RST_MANAGER/inst_pll/inst/clk_in1_clk_wiz_0
    PLLE2_ADV_X0Y0       PLLE2_ADV (Prop_plle2_adv_CLKIN1_CLKOUT1)
                                                     -2.700    -1.773 r  inst_CLK_RST_MANAGER/inst_pll/inst/plle2_adv_inst/CLKOUT1
                         net (fo=1, routed)           0.580    -1.193    inst_CLK_RST_MANAGER/inst_pll/inst/clk_out2_clk_wiz_0
    BUFGCTRL_X0Y1        BUFG (Prop_bufg_I_O)         0.029    -1.164 r  inst_CLK_RST_MANAGER/inst_pll/inst/clkout2_buf/O
                         net (fo=73, routed)          0.966    -0.198    inst_vga/RstRqstB2A_reg[2]
    SLICE_X103Y103       FDCE                                         r  inst_vga/vertical_count_reg[3]/C
                         clock pessimism             -0.223    -0.421
    SLICE_X103Y103       FDCE (Remov_fdce_C_CLR)     -0.146    -0.567    inst_vga/vertical_count_reg[3]
  -------------------------------------------------------------------
                         required time                          0.567
                         arrival time                          -0.087
  -------------------------------------------------------------------
                         slack                                  0.480

Slack (MET) :             0.480ns  (arrival time - required time)
  Source:                 inst_CLK_RST_MANAGER/inst_olo_base_vga_reset_gen/g_sync.DsSync_reg[2]/C
                            (rising edge-triggered cell FDRE clocked by clk_out2_clk_wiz_0  {rise@0.000ns fall@7.692ns period=15.385ns})
  Destination:            inst_vga/vertical_count_reg[4]/CLR
                            (removal check against rising-edge clock clk_out2_clk_wiz_0  {rise@0.000ns fall@7.692ns period=15.385ns})
  Path Group:             **async_default**
  Path Type:              Removal (Min at Fast Process Corner)
  Requirement:            0.000ns  (clk_out2_clk_wiz_0 rise@0.000ns - clk_out2_clk_wiz_0 rise@0.000ns)
  Data Path Delay:        0.347ns  (logic 0.148ns (42.603%)  route 0.199ns (57.397%))
  Logic Levels:           0
  Clock Path Skew:        0.013ns (DCD - SCD - CPR)
    Destination Clock Delay (DCD):    -0.198ns
    Source Clock Delay      (SCD):    -0.434ns
    Clock Pessimism Removal (CPR):    0.223ns

    Location             Delay type                Incr(ns)  Path(ns)    Netlist Resource(s)
  -------------------------------------------------------------------    -------------------
                         (clock clk_out2_clk_wiz_0 rise edge)
                                                      0.000     0.000 r
    Y9                                                0.000     0.000 r  PAD_I_CLK (IN)
                         net (fo=0)                   0.000     0.000    inst_CLK_RST_MANAGER/inst_pll/inst/clk_in1
    Y9                   IBUF (Prop_ibuf_I_O)         0.258     0.258 r  inst_CLK_RST_MANAGER/inst_pll/inst/clkin1_ibufg/O
                         net (fo=1, routed)           0.440     0.698    inst_CLK_RST_MANAGER/inst_pll/inst/clk_in1_clk_wiz_0
    PLLE2_ADV_X0Y0       PLLE2_ADV (Prop_plle2_adv_CLKIN1_CLKOUT1)
                                                     -2.384    -1.685 r  inst_CLK_RST_MANAGER/inst_pll/inst/plle2_adv_inst/CLKOUT1
                         net (fo=1, routed)           0.533    -1.152    inst_CLK_RST_MANAGER/inst_pll/inst/clk_out2_clk_wiz_0
    BUFGCTRL_X0Y1        BUFG (Prop_bufg_I_O)         0.026    -1.126 r  inst_CLK_RST_MANAGER/inst_pll/inst/clkout2_buf/O
                         net (fo=73, routed)          0.692    -0.434    inst_CLK_RST_MANAGER/inst_olo_base_vga_reset_gen/Clk
    SLICE_X102Y103       FDRE                                         r  inst_CLK_RST_MANAGER/inst_olo_base_vga_reset_gen/g_sync.DsSync_reg[2]/C
  -------------------------------------------------------------------    -------------------
    SLICE_X102Y103       FDRE (Prop_fdre_C_Q)         0.148    -0.286 f  inst_CLK_RST_MANAGER/inst_olo_base_vga_reset_gen/g_sync.DsSync_reg[2]/Q
                         net (fo=36, routed)          0.199    -0.087    inst_vga/O_HSYNC_reg_0[0]
    SLICE_X103Y103       FDCE                                         f  inst_vga/vertical_count_reg[4]/CLR
  -------------------------------------------------------------------    -------------------

                         (clock clk_out2_clk_wiz_0 rise edge)
                                                      0.000     0.000 r
    Y9                                                0.000     0.000 r  PAD_I_CLK (IN)
                         net (fo=0)                   0.000     0.000    inst_CLK_RST_MANAGER/inst_pll/inst/clk_in1
    Y9                   IBUF (Prop_ibuf_I_O)         0.446     0.446 r  inst_CLK_RST_MANAGER/inst_pll/inst/clkin1_ibufg/O
                         net (fo=1, routed)           0.481     0.927    inst_CLK_RST_MANAGER/inst_pll/inst/clk_in1_clk_wiz_0
    PLLE2_ADV_X0Y0       PLLE2_ADV (Prop_plle2_adv_CLKIN1_CLKOUT1)
                                                     -2.700    -1.773 r  inst_CLK_RST_MANAGER/inst_pll/inst/plle2_adv_inst/CLKOUT1
                         net (fo=1, routed)           0.580    -1.193    inst_CLK_RST_MANAGER/inst_pll/inst/clk_out2_clk_wiz_0
    BUFGCTRL_X0Y1        BUFG (Prop_bufg_I_O)         0.029    -1.164 r  inst_CLK_RST_MANAGER/inst_pll/inst/clkout2_buf/O
                         net (fo=73, routed)          0.966    -0.198    inst_vga/RstRqstB2A_reg[2]
    SLICE_X103Y103       FDCE                                         r  inst_vga/vertical_count_reg[4]/C
                         clock pessimism             -0.223    -0.421
    SLICE_X103Y103       FDCE (Remov_fdce_C_CLR)     -0.146    -0.567    inst_vga/vertical_count_reg[4]
  -------------------------------------------------------------------
                         required time                          0.567
                         arrival time                          -0.087
  -------------------------------------------------------------------
                         slack                                  0.480

Slack (MET) :             0.518ns  (arrival time - required time)
  Source:                 inst_CLK_RST_MANAGER/inst_olo_base_vga_reset_gen/g_sync.DsSync_reg[2]/C
                            (rising edge-triggered cell FDRE clocked by clk_out2_clk_wiz_0  {rise@0.000ns fall@7.692ns period=15.385ns})
  Destination:            inst_vga/vertical_count_reg[5]/CLR
                            (removal check against rising-edge clock clk_out2_clk_wiz_0  {rise@0.000ns fall@7.692ns period=15.385ns})
  Path Group:             **async_default**
  Path Type:              Removal (Min at Fast Process Corner)
  Requirement:            0.000ns  (clk_out2_clk_wiz_0 rise@0.000ns - clk_out2_clk_wiz_0 rise@0.000ns)
  Data Path Delay:        0.414ns  (logic 0.148ns (35.742%)  route 0.266ns (64.258%))
  Logic Levels:           0
  Clock Path Skew:        0.017ns (DCD - SCD - CPR)
    Destination Clock Delay (DCD):    -0.197ns
    Source Clock Delay      (SCD):    -0.434ns
    Clock Pessimism Removal (CPR):    0.220ns

    Location             Delay type                Incr(ns)  Path(ns)    Netlist Resource(s)
  -------------------------------------------------------------------    -------------------
                         (clock clk_out2_clk_wiz_0 rise edge)
                                                      0.000     0.000 r
    Y9                                                0.000     0.000 r  PAD_I_CLK (IN)
                         net (fo=0)                   0.000     0.000    inst_CLK_RST_MANAGER/inst_pll/inst/clk_in1
    Y9                   IBUF (Prop_ibuf_I_O)         0.258     0.258 r  inst_CLK_RST_MANAGER/inst_pll/inst/clkin1_ibufg/O
                         net (fo=1, routed)           0.440     0.698    inst_CLK_RST_MANAGER/inst_pll/inst/clk_in1_clk_wiz_0
    PLLE2_ADV_X0Y0       PLLE2_ADV (Prop_plle2_adv_CLKIN1_CLKOUT1)
                                                     -2.384    -1.685 r  inst_CLK_RST_MANAGER/inst_pll/inst/plle2_adv_inst/CLKOUT1
                         net (fo=1, routed)           0.533    -1.152    inst_CLK_RST_MANAGER/inst_pll/inst/clk_out2_clk_wiz_0
    BUFGCTRL_X0Y1        BUFG (Prop_bufg_I_O)         0.026    -1.126 r  inst_CLK_RST_MANAGER/inst_pll/inst/clkout2_buf/O
                         net (fo=73, routed)          0.692    -0.434    inst_CLK_RST_MANAGER/inst_olo_base_vga_reset_gen/Clk
    SLICE_X102Y103       FDRE                                         r  inst_CLK_RST_MANAGER/inst_olo_base_vga_reset_gen/g_sync.DsSync_reg[2]/C
  -------------------------------------------------------------------    -------------------
    SLICE_X102Y103       FDRE (Prop_fdre_C_Q)         0.148    -0.286 f  inst_CLK_RST_MANAGER/inst_olo_base_vga_reset_gen/g_sync.DsSync_reg[2]/Q
                         net (fo=36, routed)          0.266    -0.020    inst_vga/O_HSYNC_reg_0[0]
    SLICE_X102Y102       FDCE                                         f  inst_vga/vertical_count_reg[5]/CLR
  -------------------------------------------------------------------    -------------------

                         (clock clk_out2_clk_wiz_0 rise edge)
                                                      0.000     0.000 r
    Y9                                                0.000     0.000 r  PAD_I_CLK (IN)
                         net (fo=0)                   0.000     0.000    inst_CLK_RST_MANAGER/inst_pll/inst/clk_in1
    Y9                   IBUF (Prop_ibuf_I_O)         0.446     0.446 r  inst_CLK_RST_MANAGER/inst_pll/inst/clkin1_ibufg/O
                         net (fo=1, routed)           0.481     0.927    inst_CLK_RST_MANAGER/inst_pll/inst/clk_in1_clk_wiz_0
    PLLE2_ADV_X0Y0       PLLE2_ADV (Prop_plle2_adv_CLKIN1_CLKOUT1)
                                                     -2.700    -1.773 r  inst_CLK_RST_MANAGER/inst_pll/inst/plle2_adv_inst/CLKOUT1
                         net (fo=1, routed)           0.580    -1.193    inst_CLK_RST_MANAGER/inst_pll/inst/clk_out2_clk_wiz_0
    BUFGCTRL_X0Y1        BUFG (Prop_bufg_I_O)         0.029    -1.164 r  inst_CLK_RST_MANAGER/inst_pll/inst/clkout2_buf/O
                         net (fo=73, routed)          0.967    -0.197    inst_vga/RstRqstB2A_reg[2]
    SLICE_X102Y102       FDCE                                         r  inst_vga/vertical_count_reg[5]/C
                         clock pessimism             -0.220    -0.417
    SLICE_X102Y102       FDCE (Remov_fdce_C_CLR)     -0.121    -0.538    inst_vga/vertical_count_reg[5]
  -------------------------------------------------------------------
                         required time                          0.538
                         arrival time                          -0.020
  -------------------------------------------------------------------
                         slack                                  0.518

Slack (MET) :             0.518ns  (arrival time - required time)
  Source:                 inst_CLK_RST_MANAGER/inst_olo_base_vga_reset_gen/g_sync.DsSync_reg[2]/C
                            (rising edge-triggered cell FDRE clocked by clk_out2_clk_wiz_0  {rise@0.000ns fall@7.692ns period=15.385ns})
  Destination:            inst_vga/vertical_count_reg[6]/CLR
                            (removal check against rising-edge clock clk_out2_clk_wiz_0  {rise@0.000ns fall@7.692ns period=15.385ns})
  Path Group:             **async_default**
  Path Type:              Removal (Min at Fast Process Corner)
  Requirement:            0.000ns  (clk_out2_clk_wiz_0 rise@0.000ns - clk_out2_clk_wiz_0 rise@0.000ns)
  Data Path Delay:        0.414ns  (logic 0.148ns (35.742%)  route 0.266ns (64.258%))
  Logic Levels:           0
  Clock Path Skew:        0.017ns (DCD - SCD - CPR)
    Destination Clock Delay (DCD):    -0.197ns
    Source Clock Delay      (SCD):    -0.434ns
    Clock Pessimism Removal (CPR):    0.220ns

    Location             Delay type                Incr(ns)  Path(ns)    Netlist Resource(s)
  -------------------------------------------------------------------    -------------------
                         (clock clk_out2_clk_wiz_0 rise edge)
                                                      0.000     0.000 r
    Y9                                                0.000     0.000 r  PAD_I_CLK (IN)
                         net (fo=0)                   0.000     0.000    inst_CLK_RST_MANAGER/inst_pll/inst/clk_in1
    Y9                   IBUF (Prop_ibuf_I_O)         0.258     0.258 r  inst_CLK_RST_MANAGER/inst_pll/inst/clkin1_ibufg/O
                         net (fo=1, routed)           0.440     0.698    inst_CLK_RST_MANAGER/inst_pll/inst/clk_in1_clk_wiz_0
    PLLE2_ADV_X0Y0       PLLE2_ADV (Prop_plle2_adv_CLKIN1_CLKOUT1)
                                                     -2.384    -1.685 r  inst_CLK_RST_MANAGER/inst_pll/inst/plle2_adv_inst/CLKOUT1
                         net (fo=1, routed)           0.533    -1.152    inst_CLK_RST_MANAGER/inst_pll/inst/clk_out2_clk_wiz_0
    BUFGCTRL_X0Y1        BUFG (Prop_bufg_I_O)         0.026    -1.126 r  inst_CLK_RST_MANAGER/inst_pll/inst/clkout2_buf/O
                         net (fo=73, routed)          0.692    -0.434    inst_CLK_RST_MANAGER/inst_olo_base_vga_reset_gen/Clk
    SLICE_X102Y103       FDRE                                         r  inst_CLK_RST_MANAGER/inst_olo_base_vga_reset_gen/g_sync.DsSync_reg[2]/C
  -------------------------------------------------------------------    -------------------
    SLICE_X102Y103       FDRE (Prop_fdre_C_Q)         0.148    -0.286 f  inst_CLK_RST_MANAGER/inst_olo_base_vga_reset_gen/g_sync.DsSync_reg[2]/Q
                         net (fo=36, routed)          0.266    -0.020    inst_vga/O_HSYNC_reg_0[0]
    SLICE_X102Y102       FDCE                                         f  inst_vga/vertical_count_reg[6]/CLR
  -------------------------------------------------------------------    -------------------

                         (clock clk_out2_clk_wiz_0 rise edge)
                                                      0.000     0.000 r
    Y9                                                0.000     0.000 r  PAD_I_CLK (IN)
                         net (fo=0)                   0.000     0.000    inst_CLK_RST_MANAGER/inst_pll/inst/clk_in1
    Y9                   IBUF (Prop_ibuf_I_O)         0.446     0.446 r  inst_CLK_RST_MANAGER/inst_pll/inst/clkin1_ibufg/O
                         net (fo=1, routed)           0.481     0.927    inst_CLK_RST_MANAGER/inst_pll/inst/clk_in1_clk_wiz_0
    PLLE2_ADV_X0Y0       PLLE2_ADV (Prop_plle2_adv_CLKIN1_CLKOUT1)
                                                     -2.700    -1.773 r  inst_CLK_RST_MANAGER/inst_pll/inst/plle2_adv_inst/CLKOUT1
                         net (fo=1, routed)           0.580    -1.193    inst_CLK_RST_MANAGER/inst_pll/inst/clk_out2_clk_wiz_0
    BUFGCTRL_X0Y1        BUFG (Prop_bufg_I_O)         0.029    -1.164 r  inst_CLK_RST_MANAGER/inst_pll/inst/clkout2_buf/O
                         net (fo=73, routed)          0.967    -0.197    inst_vga/RstRqstB2A_reg[2]
    SLICE_X102Y102       FDCE                                         r  inst_vga/vertical_count_reg[6]/C
                         clock pessimism             -0.220    -0.417
    SLICE_X102Y102       FDCE (Remov_fdce_C_CLR)     -0.121    -0.538    inst_vga/vertical_count_reg[6]
  -------------------------------------------------------------------
                         required time                          0.538
                         arrival time                          -0.020
  -------------------------------------------------------------------
                         slack                                  0.518

Slack (MET) :             0.518ns  (arrival time - required time)
  Source:                 inst_CLK_RST_MANAGER/inst_olo_base_vga_reset_gen/g_sync.DsSync_reg[2]/C
                            (rising edge-triggered cell FDRE clocked by clk_out2_clk_wiz_0  {rise@0.000ns fall@7.692ns period=15.385ns})
  Destination:            inst_vga/vertical_count_reg[7]/CLR
                            (removal check against rising-edge clock clk_out2_clk_wiz_0  {rise@0.000ns fall@7.692ns period=15.385ns})
  Path Group:             **async_default**
  Path Type:              Removal (Min at Fast Process Corner)
  Requirement:            0.000ns  (clk_out2_clk_wiz_0 rise@0.000ns - clk_out2_clk_wiz_0 rise@0.000ns)
  Data Path Delay:        0.414ns  (logic 0.148ns (35.742%)  route 0.266ns (64.258%))
  Logic Levels:           0
  Clock Path Skew:        0.017ns (DCD - SCD - CPR)
    Destination Clock Delay (DCD):    -0.197ns
    Source Clock Delay      (SCD):    -0.434ns
    Clock Pessimism Removal (CPR):    0.220ns

    Location             Delay type                Incr(ns)  Path(ns)    Netlist Resource(s)
  -------------------------------------------------------------------    -------------------
                         (clock clk_out2_clk_wiz_0 rise edge)
                                                      0.000     0.000 r
    Y9                                                0.000     0.000 r  PAD_I_CLK (IN)
                         net (fo=0)                   0.000     0.000    inst_CLK_RST_MANAGER/inst_pll/inst/clk_in1
    Y9                   IBUF (Prop_ibuf_I_O)         0.258     0.258 r  inst_CLK_RST_MANAGER/inst_pll/inst/clkin1_ibufg/O
                         net (fo=1, routed)           0.440     0.698    inst_CLK_RST_MANAGER/inst_pll/inst/clk_in1_clk_wiz_0
    PLLE2_ADV_X0Y0       PLLE2_ADV (Prop_plle2_adv_CLKIN1_CLKOUT1)
                                                     -2.384    -1.685 r  inst_CLK_RST_MANAGER/inst_pll/inst/plle2_adv_inst/CLKOUT1
                         net (fo=1, routed)           0.533    -1.152    inst_CLK_RST_MANAGER/inst_pll/inst/clk_out2_clk_wiz_0
    BUFGCTRL_X0Y1        BUFG (Prop_bufg_I_O)         0.026    -1.126 r  inst_CLK_RST_MANAGER/inst_pll/inst/clkout2_buf/O
                         net (fo=73, routed)          0.692    -0.434    inst_CLK_RST_MANAGER/inst_olo_base_vga_reset_gen/Clk
    SLICE_X102Y103       FDRE                                         r  inst_CLK_RST_MANAGER/inst_olo_base_vga_reset_gen/g_sync.DsSync_reg[2]/C
  -------------------------------------------------------------------    -------------------
    SLICE_X102Y103       FDRE (Prop_fdre_C_Q)         0.148    -0.286 f  inst_CLK_RST_MANAGER/inst_olo_base_vga_reset_gen/g_sync.DsSync_reg[2]/Q
                         net (fo=36, routed)          0.266    -0.020    inst_vga/O_HSYNC_reg_0[0]
    SLICE_X102Y102       FDCE                                         f  inst_vga/vertical_count_reg[7]/CLR
  -------------------------------------------------------------------    -------------------

                         (clock clk_out2_clk_wiz_0 rise edge)
                                                      0.000     0.000 r
    Y9                                                0.000     0.000 r  PAD_I_CLK (IN)
                         net (fo=0)                   0.000     0.000    inst_CLK_RST_MANAGER/inst_pll/inst/clk_in1
    Y9                   IBUF (Prop_ibuf_I_O)         0.446     0.446 r  inst_CLK_RST_MANAGER/inst_pll/inst/clkin1_ibufg/O
                         net (fo=1, routed)           0.481     0.927    inst_CLK_RST_MANAGER/inst_pll/inst/clk_in1_clk_wiz_0
    PLLE2_ADV_X0Y0       PLLE2_ADV (Prop_plle2_adv_CLKIN1_CLKOUT1)
                                                     -2.700    -1.773 r  inst_CLK_RST_MANAGER/inst_pll/inst/plle2_adv_inst/CLKOUT1
                         net (fo=1, routed)           0.580    -1.193    inst_CLK_RST_MANAGER/inst_pll/inst/clk_out2_clk_wiz_0
    BUFGCTRL_X0Y1        BUFG (Prop_bufg_I_O)         0.029    -1.164 r  inst_CLK_RST_MANAGER/inst_pll/inst/clkout2_buf/O
                         net (fo=73, routed)          0.967    -0.197    inst_vga/RstRqstB2A_reg[2]
    SLICE_X102Y102       FDCE                                         r  inst_vga/vertical_count_reg[7]/C
                         clock pessimism             -0.220    -0.417
    SLICE_X102Y102       FDCE (Remov_fdce_C_CLR)     -0.121    -0.538    inst_vga/vertical_count_reg[7]
  -------------------------------------------------------------------
                         required time                          0.538
                         arrival time                          -0.020
  -------------------------------------------------------------------
                         slack                                  0.518

Slack (MET) :             0.518ns  (arrival time - required time)
  Source:                 inst_CLK_RST_MANAGER/inst_olo_base_vga_reset_gen/g_sync.DsSync_reg[2]/C
                            (rising edge-triggered cell FDRE clocked by clk_out2_clk_wiz_0  {rise@0.000ns fall@7.692ns period=15.385ns})
  Destination:            inst_vga/vertical_count_reg[8]/CLR
                            (removal check against rising-edge clock clk_out2_clk_wiz_0  {rise@0.000ns fall@7.692ns period=15.385ns})
  Path Group:             **async_default**
  Path Type:              Removal (Min at Fast Process Corner)
  Requirement:            0.000ns  (clk_out2_clk_wiz_0 rise@0.000ns - clk_out2_clk_wiz_0 rise@0.000ns)
  Data Path Delay:        0.414ns  (logic 0.148ns (35.742%)  route 0.266ns (64.258%))
  Logic Levels:           0
  Clock Path Skew:        0.017ns (DCD - SCD - CPR)
    Destination Clock Delay (DCD):    -0.197ns
    Source Clock Delay      (SCD):    -0.434ns
    Clock Pessimism Removal (CPR):    0.220ns

    Location             Delay type                Incr(ns)  Path(ns)    Netlist Resource(s)
  -------------------------------------------------------------------    -------------------
                         (clock clk_out2_clk_wiz_0 rise edge)
                                                      0.000     0.000 r
    Y9                                                0.000     0.000 r  PAD_I_CLK (IN)
                         net (fo=0)                   0.000     0.000    inst_CLK_RST_MANAGER/inst_pll/inst/clk_in1
    Y9                   IBUF (Prop_ibuf_I_O)         0.258     0.258 r  inst_CLK_RST_MANAGER/inst_pll/inst/clkin1_ibufg/O
                         net (fo=1, routed)           0.440     0.698    inst_CLK_RST_MANAGER/inst_pll/inst/clk_in1_clk_wiz_0
    PLLE2_ADV_X0Y0       PLLE2_ADV (Prop_plle2_adv_CLKIN1_CLKOUT1)
                                                     -2.384    -1.685 r  inst_CLK_RST_MANAGER/inst_pll/inst/plle2_adv_inst/CLKOUT1
                         net (fo=1, routed)           0.533    -1.152    inst_CLK_RST_MANAGER/inst_pll/inst/clk_out2_clk_wiz_0
    BUFGCTRL_X0Y1        BUFG (Prop_bufg_I_O)         0.026    -1.126 r  inst_CLK_RST_MANAGER/inst_pll/inst/clkout2_buf/O
                         net (fo=73, routed)          0.692    -0.434    inst_CLK_RST_MANAGER/inst_olo_base_vga_reset_gen/Clk
    SLICE_X102Y103       FDRE                                         r  inst_CLK_RST_MANAGER/inst_olo_base_vga_reset_gen/g_sync.DsSync_reg[2]/C
  -------------------------------------------------------------------    -------------------
    SLICE_X102Y103       FDRE (Prop_fdre_C_Q)         0.148    -0.286 f  inst_CLK_RST_MANAGER/inst_olo_base_vga_reset_gen/g_sync.DsSync_reg[2]/Q
                         net (fo=36, routed)          0.266    -0.020    inst_vga/O_HSYNC_reg_0[0]
    SLICE_X102Y102       FDCE                                         f  inst_vga/vertical_count_reg[8]/CLR
  -------------------------------------------------------------------    -------------------

                         (clock clk_out2_clk_wiz_0 rise edge)
                                                      0.000     0.000 r
    Y9                                                0.000     0.000 r  PAD_I_CLK (IN)
                         net (fo=0)                   0.000     0.000    inst_CLK_RST_MANAGER/inst_pll/inst/clk_in1
    Y9                   IBUF (Prop_ibuf_I_O)         0.446     0.446 r  inst_CLK_RST_MANAGER/inst_pll/inst/clkin1_ibufg/O
                         net (fo=1, routed)           0.481     0.927    inst_CLK_RST_MANAGER/inst_pll/inst/clk_in1_clk_wiz_0
    PLLE2_ADV_X0Y0       PLLE2_ADV (Prop_plle2_adv_CLKIN1_CLKOUT1)
                                                     -2.700    -1.773 r  inst_CLK_RST_MANAGER/inst_pll/inst/plle2_adv_inst/CLKOUT1
                         net (fo=1, routed)           0.580    -1.193    inst_CLK_RST_MANAGER/inst_pll/inst/clk_out2_clk_wiz_0
    BUFGCTRL_X0Y1        BUFG (Prop_bufg_I_O)         0.029    -1.164 r  inst_CLK_RST_MANAGER/inst_pll/inst/clkout2_buf/O
                         net (fo=73, routed)          0.967    -0.197    inst_vga/RstRqstB2A_reg[2]
    SLICE_X102Y102       FDCE                                         r  inst_vga/vertical_count_reg[8]/C
                         clock pessimism             -0.220    -0.417
    SLICE_X102Y102       FDCE (Remov_fdce_C_CLR)     -0.121    -0.538    inst_vga/vertical_count_reg[8]
  -------------------------------------------------------------------
                         required time                          0.538
                         arrival time                          -0.020
  -------------------------------------------------------------------
                         slack                                  0.518

Slack (MET) :             0.518ns  (arrival time - required time)
  Source:                 inst_CLK_RST_MANAGER/inst_olo_base_vga_reset_gen/g_sync.DsSync_reg[2]/C
                            (rising edge-triggered cell FDRE clocked by clk_out2_clk_wiz_0  {rise@0.000ns fall@7.692ns period=15.385ns})
  Destination:            inst_vga/vertical_count_reg[9]/CLR
                            (removal check against rising-edge clock clk_out2_clk_wiz_0  {rise@0.000ns fall@7.692ns period=15.385ns})
  Path Group:             **async_default**
  Path Type:              Removal (Min at Fast Process Corner)
  Requirement:            0.000ns  (clk_out2_clk_wiz_0 rise@0.000ns - clk_out2_clk_wiz_0 rise@0.000ns)
  Data Path Delay:        0.414ns  (logic 0.148ns (35.742%)  route 0.266ns (64.258%))
  Logic Levels:           0
  Clock Path Skew:        0.017ns (DCD - SCD - CPR)
    Destination Clock Delay (DCD):    -0.197ns
    Source Clock Delay      (SCD):    -0.434ns
    Clock Pessimism Removal (CPR):    0.220ns

    Location             Delay type                Incr(ns)  Path(ns)    Netlist Resource(s)
  -------------------------------------------------------------------    -------------------
                         (clock clk_out2_clk_wiz_0 rise edge)
                                                      0.000     0.000 r
    Y9                                                0.000     0.000 r  PAD_I_CLK (IN)
                         net (fo=0)                   0.000     0.000    inst_CLK_RST_MANAGER/inst_pll/inst/clk_in1
    Y9                   IBUF (Prop_ibuf_I_O)         0.258     0.258 r  inst_CLK_RST_MANAGER/inst_pll/inst/clkin1_ibufg/O
                         net (fo=1, routed)           0.440     0.698    inst_CLK_RST_MANAGER/inst_pll/inst/clk_in1_clk_wiz_0
    PLLE2_ADV_X0Y0       PLLE2_ADV (Prop_plle2_adv_CLKIN1_CLKOUT1)
                                                     -2.384    -1.685 r  inst_CLK_RST_MANAGER/inst_pll/inst/plle2_adv_inst/CLKOUT1
                         net (fo=1, routed)           0.533    -1.152    inst_CLK_RST_MANAGER/inst_pll/inst/clk_out2_clk_wiz_0
    BUFGCTRL_X0Y1        BUFG (Prop_bufg_I_O)         0.026    -1.126 r  inst_CLK_RST_MANAGER/inst_pll/inst/clkout2_buf/O
                         net (fo=73, routed)          0.692    -0.434    inst_CLK_RST_MANAGER/inst_olo_base_vga_reset_gen/Clk
    SLICE_X102Y103       FDRE                                         r  inst_CLK_RST_MANAGER/inst_olo_base_vga_reset_gen/g_sync.DsSync_reg[2]/C
  -------------------------------------------------------------------    -------------------
    SLICE_X102Y103       FDRE (Prop_fdre_C_Q)         0.148    -0.286 f  inst_CLK_RST_MANAGER/inst_olo_base_vga_reset_gen/g_sync.DsSync_reg[2]/Q
                         net (fo=36, routed)          0.266    -0.020    inst_vga/O_HSYNC_reg_0[0]
    SLICE_X102Y102       FDCE                                         f  inst_vga/vertical_count_reg[9]/CLR
  -------------------------------------------------------------------    -------------------

                         (clock clk_out2_clk_wiz_0 rise edge)
                                                      0.000     0.000 r
    Y9                                                0.000     0.000 r  PAD_I_CLK (IN)
                         net (fo=0)                   0.000     0.000    inst_CLK_RST_MANAGER/inst_pll/inst/clk_in1
    Y9                   IBUF (Prop_ibuf_I_O)         0.446     0.446 r  inst_CLK_RST_MANAGER/inst_pll/inst/clkin1_ibufg/O
                         net (fo=1, routed)           0.481     0.927    inst_CLK_RST_MANAGER/inst_pll/inst/clk_in1_clk_wiz_0
    PLLE2_ADV_X0Y0       PLLE2_ADV (Prop_plle2_adv_CLKIN1_CLKOUT1)
                                                     -2.700    -1.773 r  inst_CLK_RST_MANAGER/inst_pll/inst/plle2_adv_inst/CLKOUT1
                         net (fo=1, routed)           0.580    -1.193    inst_CLK_RST_MANAGER/inst_pll/inst/clk_out2_clk_wiz_0
    BUFGCTRL_X0Y1        BUFG (Prop_bufg_I_O)         0.029    -1.164 r  inst_CLK_RST_MANAGER/inst_pll/inst/clkout2_buf/O
                         net (fo=73, routed)          0.967    -0.197    inst_vga/RstRqstB2A_reg[2]
    SLICE_X102Y102       FDCE                                         r  inst_vga/vertical_count_reg[9]/C
                         clock pessimism             -0.220    -0.417
    SLICE_X102Y102       FDCE (Remov_fdce_C_CLR)     -0.121    -0.538    inst_vga/vertical_count_reg[9]
  -------------------------------------------------------------------
                         required time                          0.538
                         arrival time                          -0.020
  -------------------------------------------------------------------
                         slack                                  0.518





------------------------------------------------------------------------------------------------
| Data sheet
| ----------
------------------------------------------------------------------------------------------------

Input Ports Setup/Hold

----------+----------------+---------+-------+---------------+---------+---------------+---------+--------------------+
Reference | Input          | IO Reg  | Delay |     Setup(ns) | Process |      Hold(ns) | Process | Internal           |
Clock     | Port           | Type    | Type  | to Clk (Edge) | Corner  | to Clk (Edge) | Corner  | Clock              |
----------+----------------+---------+-------+---------------+---------+---------------+---------+--------------------+
PAD_I_CLK | PAD_I_ARST_P   | FDPE    | -     |     6.581 (r) | SLOW    |    -1.881 (r) | FAST    | clk_out1_clk_wiz_0 |
PAD_I_CLK | PAD_I_MISO     | FDCE    | -     |     9.780 (r) | SLOW    |    -3.412 (r) | FAST    | clk_out1_clk_wiz_0 |
PAD_I_CLK | PAD_I_SWITCH_0 | FDRE    | -     |     2.070 (r) | SLOW    |             - | -       | clk_out1_clk_wiz_0 |
PAD_I_CLK | PAD_I_SWITCH_1 | FDRE    | -     |     1.912 (r) | SLOW    |             - | -       | clk_out1_clk_wiz_0 |
PAD_I_CLK | PAD_I_SWITCH_2 | FDRE    | -     |     1.994 (r) | SLOW    |             - | -       | clk_out1_clk_wiz_0 |
PAD_I_CLK | PAD_I_SWITCH_3 | FDRE    | -     |     2.043 (r) | SLOW    |             - | -       | clk_out1_clk_wiz_0 |
PAD_I_CLK | PAD_I_SWITCH_4 | FDRE    | -     |     1.972 (r) | SLOW    |             - | -       | clk_out1_clk_wiz_0 |
PAD_I_CLK | PAD_I_SWITCH_5 | FDRE    | -     |     1.892 (r) | SLOW    |             - | -       | clk_out1_clk_wiz_0 |
PAD_I_CLK | PAD_I_SWITCH_6 | FDRE    | -     |     3.092 (r) | SLOW    |             - | -       | clk_out1_clk_wiz_0 |
PAD_I_CLK | PAD_I_SWITCH_7 | FDRE    | -     |     2.307 (r) | SLOW    |             - | -       | clk_out1_clk_wiz_0 |
PAD_I_CLK | PAD_I_UART_RX  | FDPE    | -     |     9.431 (r) | SLOW    |    -3.199 (r) | FAST    | clk_out1_clk_wiz_0 |
PAD_I_CLK | PAD_I_ARST_P   | FDPE    | -     |     6.466 (r) | SLOW    |    -1.756 (r) | FAST    | clk_out2_clk_wiz_0 |
----------+----------------+---------+-------+---------------+---------+---------------+---------+--------------------+


Output Ports Clock-to-out

----------+--------------------+--------+-------+----------------+---------+----------------+---------+--------------------+
Reference | Output             | IO Reg | Delay | Max Clk (Edge) | Process | Min Clk (Edge) | Process | Internal           |
Clock     | Port               | Type   | Type  |    to port(ns) | Corner  |    to port(ns) | Corner  | Clock              |
----------+--------------------+--------+-------+----------------+---------+----------------+---------+--------------------+
PAD_I_CLK | PAD_O_CS_N         | FDPE   | -     |      9.116 (r) | SLOW    |      3.839 (r) | FAST    | clk_out1_clk_wiz_0 |
PAD_I_CLK | PAD_O_LED_0        | FDCE   | -     |      5.054 (r) | SLOW    |      1.711 (r) | FAST    | clk_out1_clk_wiz_0 |
PAD_I_CLK | PAD_O_MOSI         | FDCE   | -     |      8.199 (r) | SLOW    |      3.342 (r) | FAST    | clk_out1_clk_wiz_0 |
PAD_I_CLK | PAD_O_SCLK         | FDCE   | -     |      7.640 (r) | SLOW    |      3.085 (r) | FAST    | clk_out1_clk_wiz_0 |
PAD_I_CLK | PAD_O_UART_TX      | FDPE   | -     |      9.204 (r) | SLOW    |      3.865 (r) | FAST    | clk_out1_clk_wiz_0 |
PAD_I_CLK | PAD_O_VGA_BLUE[0]  | FDCE   | -     |      5.930 (r) | SLOW    |      2.085 (r) | FAST    | clk_out2_clk_wiz_0 |
PAD_I_CLK | PAD_O_VGA_BLUE[1]  | FDCE   | -     |      6.201 (r) | SLOW    |      2.182 (r) | FAST    | clk_out2_clk_wiz_0 |
PAD_I_CLK | PAD_O_VGA_BLUE[2]  | FDCE   | -     |      5.963 (r) | SLOW    |      2.111 (r) | FAST    | clk_out2_clk_wiz_0 |
PAD_I_CLK | PAD_O_VGA_BLUE[3]  | FDCE   | -     |      6.225 (r) | SLOW    |      2.204 (r) | FAST    | clk_out2_clk_wiz_0 |
PAD_I_CLK | PAD_O_VGA_GREEN[0] | FDCE   | -     |      5.945 (r) | SLOW    |      2.102 (r) | FAST    | clk_out2_clk_wiz_0 |
PAD_I_CLK | PAD_O_VGA_GREEN[1] | FDCE   | -     |      6.017 (r) | SLOW    |      2.108 (r) | FAST    | clk_out2_clk_wiz_0 |
PAD_I_CLK | PAD_O_VGA_GREEN[2] | FDCE   | -     |      6.052 (r) | SLOW    |      2.165 (r) | FAST    | clk_out2_clk_wiz_0 |
PAD_I_CLK | PAD_O_VGA_GREEN[3] | FDCE   | -     |      6.024 (r) | SLOW    |      2.117 (r) | FAST    | clk_out2_clk_wiz_0 |
PAD_I_CLK | PAD_O_VGA_HSYNC    | FDCE   | -     |      5.630 (r) | SLOW    |      1.972 (r) | FAST    | clk_out2_clk_wiz_0 |
PAD_I_CLK | PAD_O_VGA_RED[0]   | FDCE   | -     |      5.646 (r) | SLOW    |      1.959 (r) | FAST    | clk_out2_clk_wiz_0 |
PAD_I_CLK | PAD_O_VGA_RED[1]   | FDCE   | -     |      5.936 (r) | SLOW    |      2.059 (r) | FAST    | clk_out2_clk_wiz_0 |
PAD_I_CLK | PAD_O_VGA_RED[2]   | FDCE   | -     |      5.642 (r) | SLOW    |      1.964 (r) | FAST    | clk_out2_clk_wiz_0 |
PAD_I_CLK | PAD_O_VGA_RED[3]   | FDCE   | -     |      5.934 (r) | SLOW    |      2.060 (r) | FAST    | clk_out2_clk_wiz_0 |
PAD_I_CLK | PAD_O_VGA_VSYNC    | FDCE   | -     |      5.970 (r) | SLOW    |      2.133 (r) | FAST    | clk_out2_clk_wiz_0 |
----------+--------------------+--------+-------+----------------+---------+----------------+---------+--------------------+


Setup between Clocks

----------+-------------+---------------+---------+---------------+---------+---------------+---------+---------------+---------+
Source    | Destination |  Src:Rise     | Process |  Src:Rise     | Process |  Src:Fall     | Process |  Src:Fall     | Process |
Clock     | Clock       | Dest:Rise(ns) | Corner  | Dest:Fall(ns) | Corner  | Dest:Rise(ns) | Corner  | Dest:Fall(ns) | Corner  |
----------+-------------+---------------+---------+---------------+---------+---------------+---------+---------------+---------+
PAD_I_CLK | PAD_I_CLK   |         7.941 | SLOW    |               |         |               |         |               |         |
----------+-------------+---------------+---------+---------------+---------+---------------+---------+---------------+---------+


Max / Min delays for output bus
Clocked by: PAD_I_CLK
Bus Skew: 0.295 ns
-------------------+-------------+---------+-------------+---------+----------+
                   |     Max     | Process |     Min     | Process | Edge     |
Pad                |   Delay(ns) | Corner  |   Delay(ns) | Corner  | Skew(ns) |
-------------------+-------------+---------+-------------+---------+----------+
PAD_O_VGA_BLUE[0]  |   5.930 (r) | SLOW    |   2.085 (r) | FAST    |    0.000 |
PAD_O_VGA_BLUE[1]  |   6.201 (r) | SLOW    |   2.182 (r) | FAST    |    0.270 |
PAD_O_VGA_BLUE[2]  |   5.963 (r) | SLOW    |   2.111 (r) | FAST    |    0.033 |
PAD_O_VGA_BLUE[3]  |   6.225 (r) | SLOW    |   2.204 (r) | FAST    |    0.295 |
-------------------+-------------+---------+-------------+---------+----------+
Worst Case Summary |   6.225 (r) | SLOW    |   2.085 (r) | FAST    |    0.295 |
-------------------+-------------+---------+-------------+---------+----------+



Max / Min delays for output bus
Clocked by: PAD_I_CLK
Bus Skew: 0.107 ns
-------------------+-------------+---------+-------------+---------+----------+
                   |     Max     | Process |     Min     | Process | Edge     |
Pad                |   Delay(ns) | Corner  |   Delay(ns) | Corner  | Skew(ns) |
-------------------+-------------+---------+-------------+---------+----------+
PAD_O_VGA_GREEN[0] |   5.945 (r) | SLOW    |   2.102 (r) | FAST    |    0.000 |
PAD_O_VGA_GREEN[1] |   6.017 (r) | SLOW    |   2.108 (r) | FAST    |    0.072 |
PAD_O_VGA_GREEN[2] |   6.052 (r) | SLOW    |   2.165 (r) | FAST    |    0.107 |
PAD_O_VGA_GREEN[3] |   6.024 (r) | SLOW    |   2.117 (r) | FAST    |    0.079 |
-------------------+-------------+---------+-------------+---------+----------+
Worst Case Summary |   6.052 (r) | SLOW    |   2.102 (r) | FAST    |    0.107 |
-------------------+-------------+---------+-------------+---------+----------+



Max / Min delays for output bus
Clocked by: PAD_I_CLK
Bus Skew: 0.293 ns
-------------------+-------------+---------+-------------+---------+----------+
                   |     Max     | Process |     Min     | Process | Edge     |
Pad                |   Delay(ns) | Corner  |   Delay(ns) | Corner  | Skew(ns) |
-------------------+-------------+---------+-------------+---------+----------+
PAD_O_VGA_RED[0]   |   5.646 (r) | SLOW    |   1.959 (r) | FAST    |    0.004 |
PAD_O_VGA_RED[1]   |   5.936 (r) | SLOW    |   2.059 (r) | FAST    |    0.293 |
PAD_O_VGA_RED[2]   |   5.642 (r) | SLOW    |   1.964 (r) | FAST    |    0.005 |
PAD_O_VGA_RED[3]   |   5.934 (r) | SLOW    |   2.060 (r) | FAST    |    0.292 |
-------------------+-------------+---------+-------------+---------+----------+
Worst Case Summary |   5.936 (r) | SLOW    |   1.959 (r) | FAST    |    0.293 |
-------------------+-------------+---------+-------------+---------+----------+
